	id1	id10	id100	id102	id106	id109	id11	id114	id115	id117	id118	id12	id123	id125	id13	id130	id131	id132	id133	id134	id135	id136	id137	id138	id14	id141	id144	id146	id147	id148	id149	id157	id16	id160	id161	id164	id166	id171	id174	id176	id178	id182	id183	id185	id187	id188	id189	id19	id196	id198	id199	id2	id20	id201	id202	id203	id204	id205	id207	id208	id209	id21	id210	id211	id216	id218	id220	id224	id226	id227	id231	id232	id237	id239	id240	id248	id249	id25	id250	id251	id253	id254	id258	id259	id26	id260	id262	id264	id265	id269	id27	id272	id276	id277	id278	id279	id282	id283	id284	id285	id286	id287	id289	id29	id290	id291	id293	id294	id295	id296	id299	id304	id306	id307	id308	id309	id31	id322	id323	id328	id330	id331	id333	id335	id341	id348	id351	id354	id355	id359	id360	id37	id38	id381	id387	id389	id394	id395	id396	id397	id398	id399	id401	id406	id407	id43	id45	id46	id48	id50	id51	id52	id53	id6	id60	id61	id66	id67	id68	id70	id71	id72	id73	id75	id78	id79	id84	id86	id9	id97
id1	0	0	0	0	0	0	0	0	0	0	0	0	0	0	0	0	0	0	0	0	0	0	0	0	0.749	0	0	0	0	0	0	-0.8051	0	0	0	0	0	0	0	0	0	0	0	0	0	0	0	0	0	0	0	0	-0.7653	0	0	0	0	0	0	0	0	0	0	0	0	0	0	0	0	0	0	0	0	0	0	0	0	0	0	0	0	0	0	0	0	0	0	0	0	0	0	0	0	0	0	0	0	0	0	-0.7502	0	0	0	0	0	0	0	0	0	0	0	0	0	0	0	0	0	0	0	0	0	0	0	0	0	0	0	0	0	0	0	0	0	0	0	0	0	0	0	0	0	0	0	0	0	0	0	0	0	0	0	0	0	0	0	0	0	0.816	0	0	0	0	0	0	0	0	0	0	0	0
id10	0	0	0	0	0	-0.8095	0	0	0	0	0	0	0	0	0	0	0	0	0	0	0	0	0	0	0	0	0	0	0	0	0	0	0.8602	0	0	0	0	0	0	0	0	0	0.7897	0	0	0.8143	0	0	0	0	0	0	0	0	0	0	0	0	0	0.856	0	0	-0.8832	0.8492	0.8748	0.8404	0	0	0	0	0	0	0	0	0	0	0	0.8396	0	0	0	0	0	-0.8822	0	-0.8143	0	0	0	0	0	0	0	0	0	0	0	0	0	0	0	0	0	0	0	0	0	0	0	0	0	-0.8048	0	0	0	0	0	0	0	0	0	0	0	0	0	0	0	0	0	0	0	0	0	0	0	0	0	0	0	0	0	0	0	0	0.8557	0	0	0	0	0	0	0	0	0	-0.837	-0.82	0	0	0	0	0	0	0	0	0	0	0	0	0	0
id100	0	0	0	0	0	0	0	0	0	0	0	0	0	0	0	0	0	0	0.8231	0	0	0	0	0	0	0	0	0	0.8815	0	0	0	0	0	0	0	0	0	0	0	0	0	0	0	0	0	0	0	0	0	0	0.8385	0	0	0	0	0	0	0	0	0	0	0	0	0	0.8274	0	0	0	0	0	0	0	0	0	0	0	0	0	0	0	0	0	0	0	0	0	0	0	0	0	0	0	0	0	0	0	0	0	0	0	0	0	0	0	0	0	0	0	0	0	0	0	0	0	0	0	0	0	0	0	0	0	0	0	0	0	0	0	0	0	0	0	0	0	0	0	0	0	0	0	0	0	0	0	0	0	0	0	0	0	0	0	0	0	0	0	0	0	0	0	0	0	-0.7573	0	0	0	0	0	0
id102	0	0	0	0	0	0	0	0	0	0	0	0	0	0	0	0	0	0	0	0	0	0	0	0	0	0	0	0	0	0	0	0	0	0	0	0	0	0	0	0	0	0	0	0	0	0	0	0	0	0	0	0	0	0	0	0	0	0	0	0	0	0	0	0	0	0	0	0	0	0	0	0	0	0	0	0	0	0	0	0	0	0	0	0	0	0	0	0	0	0	0	0	0	0	0	0	0	0	0	0	0	0	0	0	0	0	0	0	0	0	0	0	0	0	0	0	0	0	0	0	0	0	0	0	0	0	0	0	0	0	0	0	0	0	0	0	0	0	0	0	0	0	0	0	0	0	0	0	0	0	0.8645	0	0	0	0	0	0	0	0	0	0	0	0	0	0	0	0	0	0	0.784
id106	0	0	0	0	0	0	0	0	0	0	0	0	0	0	0	0	0	0.7733	0	0	0	0	-0.7534	0	0	0	0	-0.8064	0	0	0	0	0	-0.7942	0	0	-0.7784	0	0	0	0	0	0	0	0	0	0	0	0	0	0	0	0	0	0	0	0	0	0	0	0	0	0	0	0	0	0	0	0	0	0	0	0	0	0	0	0	0	0	0	0	0	0	0	0	0	0	0	0	0	0	0	0	0	0	0	0	0	0	0	0	0	0	0	0	0	0	0	0	0	0	0	0	0	0	0	0	0	0	0	0	0	0	0	0	0	0	0	0	0	0	0	0	0	0	0	0	0	0	0	0	0	0	0	0	0	0	0	0	0	0	0	0	0	0	0	0	0.7817	0	0	0	0	0	0	0	0	0	0.7996	0	0
id109	0	-0.8095	0	0	0	0	0	0	0	0	0	0	0	0	0	0	0	0	-0.7945	0	0	0	0	0.7553	0	0	0	0	0	0	0	0.8265	-0.8574	0	0.7426	0	0	0.8654	0.7869	0	-0.8886	0	-0.822	-0.8009	0	-0.854	-0.716	0	0	0	0.8998	-0.7996	0.8128	0	0	-0.8193	0	0	0	-0.8988	0.856	0	0	-0.8477	-0.8392	-0.8585	-0.8252	0	-0.789	-0.8851	0	0	-0.786	0	-0.8815	0.7991	0.8009	-0.7503	-0.7495	0	0	-0.7582	0	0.8312	0	0	-0.7762	0	0	0	0	0	0	-0.75	-0.8295	0	0	0	0	0.7265	0	0	0	0	0	0	0	0	-0.8371	0	-0.8109	0.8215	0	0	-0.7723	0	0	0	0	0	0	0	0	0	0	0	0	0	0	0	0	0.7521	0	-0.7222	0	0	0	0	0	0	0	0	0	0	0	0	0	0	0	0	0	0.8407	0	0	0.894	0.8305	0	0	0	0	0	0	0	0	0	0	0	0	0	0
id11	0	0	0	0	0	0	0	0	0	0	0	0	0	0	0	0	0	0	0	0	0	0	0	0	0	0	0	0	0	0	0	0	0	0	0	0	0	0	0	0	0	0	0	0	0	0	0	0.8312	0	0	0	0	0	0	0	0	0	0	0	0	0	0	0	0	0	0	0	0	0	0	0.8045	0	0	0	0	0	0	0	0	0	0	0	0	0	0	0	0	0	0	0	0	0	0	0	0	0	0	0	0	0	0	0	0	0	0	0	0	0	0	0	0	0	0	0	0	0	0	0	0	0	0	0	0	0	0	0	0	0	0	0	0	0	0	0	0	0	0	0	0	0	0	0	0	0	0	0	0	0	0	0	0	0	0	0	0	0	0	0	0	0	0	0	0	0	0	0	0	0	0	0
id114	0	0	0	0	0	0	0	0	0	0	0	0	0	0	0	0	0	0	0	0	0	0	0	0	0	0	0	0	0	0	0	0	0	0	0	0	0	0	0	0	0	0	0	0	0	0	0	0	0	0	0	0	0	0	0	0	0	0	0	0	0	0	0	0	0	0	0	0	0	0	0	0	0	-0.7009	0	0	0	0	0	0	0	0	0	0	0	0	0	0	0	0	0	0	0	0	0	0	0.7431	0	0	0	0	0	0	0	0	0	0	0	0	0	0	0	0	0	0	0	0	0	0	0	0	0	0	0	0	0	0	0	0	0	0	0	0	0	0	0	0	0	0	0	0	0	0	0	0	0	0	0	0	0	0	0	0	0	0	0	0	0	0	0	0	0	0	0	0	0	0	0	0	0
id115	0	0	0	0	0	0	0	0	0	0	0	0	0	0	0	0	0	0	0	0	0	0	0	0.8423	0	0	0	0	0	0.8733	0	0	0	0	0.8794	0.8749	0	0	0	0	0	0	0	-0.7711	0	0	0	0	0	0	0	0	0	0	0	-0.818	0	0	0	0	0	0	0	0	0	0	0	0	0	0	0	0	-0.7948	0	0	0	0	0	0	0	0	0	0	0	0	0	0	0	0	0	0	0	0	0	0	0	0	0	0	0	0	0	0	0	0	0	0	0	0	0	0	0	0	0	0	0	0	0	0	0	0	0	0	0	0	0	0	0	0	0	0	0	0	0	0	0	0	0	0	0	0	0	0	0	0	0	0	0	0	0	0	0	0	0	0	0	0	0	0	0	0	0	0	0	0	0	0	0	0	0
id117	0	0	0	0	0	0	0	0	0	0	0	0	0	0	0	0	0	0.9222	0	0.9245	0	0	0	0	0	0	0	-0.7526	0	0	0.9408	0	0	0	0	0	0	0	0	0	0	0	0	0	0	0	0	0	0	0	0	0	0	0	0	0	0	0	0	0	-0.792	0	0	0	0	0	0	0.7202	0	0	0	0	0	0	0	0	0	0	0	0	0	0	0	0	0.8173	0	0	0	0	0	0	0	0	0	0	0	0	0	0	0	0	0	0	0	0	0	0	0	0	0	0	0	0	0	0	0	0	0	0	0	0	0	0	0	0	0	0	0	0	0	0	0	0	0	0	0	0	0	0	0	0	0	0	0	0	0	0.9353	0	0	0	0	0	-0.7786	0	0	0	0	0	0	0	0	0	0	-0.8817	0	0	0	0	0	0
id118	0	0	0	0	0	0	0	0	0	0	0	0	0	0	0	0	0	0	0	0	0	0	0	0	0	0	0	0	0	0	0	0	0	0	0	0	0.7789	0	0	0	0	0	0	0	0	0	0	0	0	0	0	0	0	0	0	0	0	0	0	0	0	0	0	0	0	0	0	0	0	0	0	0	0	0	0	0	0	0	0	0	0	0	0	0	0	0	0	0	0	0	0	0	0	0	0	0	0	0	0	0	0	0	0	0	0	0	0	0	0	0	0	0	0	0	0	0	0	0	0	0	0	0	0	0	0	0	0	0	0	0	0	0	0	0	0	0	0	0	0	0	0	0	0	0	0	0	0	0	0	0	0	0	0	0	0	0	0	0	0	0	0	0	0	0	0	0	0	0	0	0
id12	0	0	0	0	0	0	0	0	0	0	0	0	0	0	0.9114	0	0	0	0.8063	0	0	0	0	0	0	0	0	0	0	0	0	-0.7843	0.8311	0	0	0	0	0	0	0	0	0	0	0	0	0.8465	0	0.8911	0.9042	-0.7346	-0.8917	0	-0.7548	0	0	0.8783	0	0	0	0.8364	0	0	0	0.8311	0	0	0.8827	0	0.8499	0.8467	0	0	0	0	0.8738	-0.933	-0.94	0	0.788	0.8388	0	0.8112	0	-0.8574	0	0	0.872	0	0	0	0	0	0	0	0.8046	0	0	0	0	-0.7992	0	0	0	0	0	0	0	0.8669	0	0	0	-0.9112	-0.8168	0.7892	0.8179	0	0	0	0	0	0	0	0	0	0	0	0	0	0	0	0	0	0	0	0	0	-0.9117	-0.8966	-0.812	-0.9159	0	0	0	0	0	0	0	0	0	0	0	0	0	-0.816	0	0	0	0	0	0	0	-0.8519	0	0	0	0	0	0	0	0
id123	0	0	0	0	0	0	0	0	0	0	0	0	0	0	0	0	0	0	0	0	0	0	0.7989	0	0	0	0	0.7457	0	0	0	0	0	0.7148	0	0	0.7368	0	0	0	0	0	0	0	0	0	0	0	0	0	0	0	0	0	0	0	0	0	0	0	0	0	0	0	0	0	0	0	0	0	0	0	0	0	0	0	0	0	0	0	0	0	0	0	0	0	0	0	0	0	0	0	0	0	0	0	0	0	0	0	0	0	0	0	0	0	0	0	0	0	0	0	0	0	0	0	0	0	0	0	0	0	0	0	0	0	0	0	0	0	0	0	0	0	0	0	0	0	0	0	0	0	0	0	0	0	0	0	0	0	0.8242	0	0.8086	0	0	0	0	0	0	0	0	0	0	0	0	0	0	0	0	0
id125	0	0	0	0	0	0	0	0	0	0	0	0	0	0	0	0	0.7459	0	0	0	0	0	0	0	0	0	0	0	0	0	0	0	0	0	0	0	0	0	0	0	0	0	0	0	0	0	0	0	0	0	0	0	0	0	0	0	0	0	0	0	0	0	0	0	0	0	0	0	0	0	0	0	0	0	0	0	0	0	0	0	0	0	0	0	0	0	0	0	0	0	0	0	0	0	0	0	0	0	0	0	0	0	0	0	0	0	0	0	0	0	0	0	0	0	0	0	0	0	0	0	0	0	0	0	0	0	0	0	0	0	0	0	0	0	0	0	0	0	0	0	0	0	0	0	0	0	0	0	0	0	0	0	0	0	0	0	0	0	0	0	0	0	0	0	0	0	0	0	0	0
id13	0	0	0	0	0	0	0	0	0	0	0	0.9114	0	0	0	0	0	0	0	0	0	0	0	0	0	0	0	0	0	0	0	-0.7921	0	0	0	0	0	0	0	0	0	0.808	0.772	0	0	0	0	0.8235	0	-0.7157	-0.8459	0	-0.789	0	0	0	0	0	0	0	0	0	0	0	0	0	0.8699	0	0	0.8401	0	-0.8242	0	0	0.8442	0	-0.8109	0	0.8017	0	0	0	0	0	0	0	0	0	0	0	0	0	0	0	0.8137	0	0	0	0	-0.7504	0	0	0	0	0	0	0	0	0	0	0	0	0	0.7788	0	0	0	0	0	0	0	0	0	0	0	0	0	0	0	0	0	0	0	0	0	0	0	0	0	0	0	0	0	0	0	0	0	0	0	0	0	0	0	0	0	0	0	0	0	0	0	-0.9076	0	0	0	0	0	0	0	0
id130	0	0	0	0	0	0	0	0	0	0	0	0	0	0	0	0	0	0	0	0	0	0	-0.7895	0	0	0	0	0	0	0	0	0	0	-0.7582	0	0	-0.855	0	0	0	0	0	0	0	0	0	0	0	0	0	0	0	0	0	0	0	0	0	0	0	0	0	0	0	0	0	0	0	0	0	0	0	0	0	0	0	0	0	0	0	0	0	0	0	0	0	0	0	0	0	0	0	0	0	0	0	0	0	0	0	0	0	0	0	0	0	0	0	0	0	0	0	0	0	0	0	0	0	0	0	0	0	0	0	0	0	0	0	0	0	0	0	0	0	0	0	0	0	0	0	0	0	0	0	0	0	0	0	0	0	0	0	0	0	0	0	0	0.8129	0	0	0	0	0	0	0	0	0	0	0	0
id131	0	0	0	0	0	0	0	0	0	0	0	0	0	0.7459	0	0	0	0	0	0	0	0	0	0	0	0	0	0	0	0	0	0	0	0	0	0	0	0	0	0	0	0	0	0	0	0	0	0	0	0	0	0	0	0	0	0	0	0	0	0	0	0	0	0	0	0	0	0	0	0	0	0	0	0	0	0	0	0	0	0	0	0	0	0	0	0	0	0	0	0	0	0	0	0	0	0	0	0	0	0	0	0	0	0	0	0	0	0	0	0	0	0	0	0	0	0	0	0	0	0	0	0	0	0	0	0	0	0	0	0	0	0	0	0	0	0	0	0	0	0	0	0	0	0	0	0	0	0	0	0	0	0	0	0	0	0	0	0	0	0	0	0	0	0	0	0	0	0	0	0
id132	0	0	0	0	0.7733	0	0	0	0	0.9222	0	0	0	0	0	0	0	0	0	0.9238	0	0	0	0	0	0	0	-0.8444	0	0	0.9149	0	0	-0.8095	0	0	-0.7979	0	0	0	0	0	0	0	0	0	0	0	0	0	0	0	0	0	0	0	0	0	0	0	0	0	0	0	0	0	0	0	0	0	0	0	0	0	0	0	0	0	0	0	0	0	0	0	0.8281	0	0	0	0	0	0	0	0	0	0	0	0	0	0	0	0	0	0	0	0	0	0	0	0	0	0	0	0	0	0	0	0	0	0	0	0	0	0	0	0	0	0	0	0	0	0	0	0	0	0	0	0	0	0	0	0	0	0	0	0	0	0.9193	0	0	0	0	0	0	0	0	0	0	0	0	0	0	0	0	-0.8201	0	0	0	0	0	0
id133	0	0	0.8231	0	0	-0.7945	0	0	0	0	0	0.8063	0	0	0	0	0	0	0	0	0	0	0	0	0	0	0	0	0	0	0	0	0.8122	0	0	0	0	-0.835	-0.8545	0	0.9091	0	0	0	0	0.8557	0	0	0.9273	0	-0.8981	0.9093	0	0	0	0.8408	0	-0.7477	0	0.8286	0	0	0	0.8871	0	0.8918	0	0	0.8767	0.8638	0	0	0	0	0.8492	-0.8503	-0.8752	0	0	0	0	0.8198	0	-0.9032	0	0	0	0	0	0	0	0	0	0	0.8002	0	0	0	0	0	0	0	0	0	0	0	0	0.8331	0	0	0	-0.886	0	0	0.9142	0	0	0	0	0	0	0	0	0	0	0	0	0	0	0	0	0	0	0	0	0	0	0	0	0	0	0	0	0	0	0	0	0	0	0	0	0	0	-0.8774	-0.805	-0.7736	0	0	0	0	0	0	0	0	0	0	0	0	0	0
id134	0	0	0	0	0	0	0	0	0	0.9245	0	0	0	0	0	0	0	0.9238	0	0	0	0	0	0	0	0	0	0	0	0	0.9294	0	0	-0.7517	0	0	0	0	0	0	0	0	0	0	0	0	0	0	0	0	0	0	0	0	0	0	0	0	0	0	0	0	0	0	0	0	0	0.7233	0	0	0	0	0	0	0	0	0	0	0	0	0	0	0	0	0.8142	0	0	0	0	0	0	0	0	0	0	0	0	0	0	0	0	0	0	0	0	0	0	0	0	0	0	0	0	0	0	0	0	0	0	0	0	0	0	0	0	0	0	0	0	0	0	0	0	0	0	0	0	0	0	0	0	0	0	0	0	0	0.9196	0	0	0	0	0	0	0	0	0	0	0	0.7511	0	0	0	0	-0.8415	0	0	0	0	0	0
id135	0	0	0	0	0	0	0	0	0	0	0	0	0	0	0	0	0	0	0	0	0	0	0	0.7863	0	0	0	0.8274	0	0	0	0	0	0.793	0	0.7854	0	0	0	0	0	0	0	-0.7959	0	0	-0.7551	0	0	0	0	0	0	-0.856	0	0	0	0	0	-0.7674	0	0	0	0	-0.8202	0	0	0	0	0	0	0	-0.8017	0	0	0	0	0	0	0	0	0	0	0	0	0	0	0	0	0	0	0	0	0	0	0	0	0.8358	0	0	0	0	0	0.7622	0	0	0	0	-0.8557	0	0	0	0	0	0	0	0	0	0	0	0	0	0	0	0	0	0	0	0	0	0	0	0	0	0	0	0	0	0	0	0	0	0	0	0	0	0	0	0	0	0	0.8578	0	0	0	0	0	0	0	0	0	0	0	0	0	0	0	0	0	0
id136	0	0	0	0	0	0	0	0	0	0	0	0	0	0	0	0	0	0	0	0	0	0	0	0	0	0.7493	0	0	0	0	0	0	0	0	0	0	0	0	0	0	0	0	0	0	0	0	0	0	0	0	0	0	0	0	0	0	0	0	0	0	0	0	0	0	0	0	0	0	0	0	0	0	0	0	0	0	0	0	0	0	0	0	0	0	0	0	0	0	0	0	0	0	0	0	0	0	0	0	0	0	0	0	0	0	0	0	0	0	0	0	0	0	0	0	0	0	0	0	0	0	0	0	0	0	0	0	0	0	0	0	0	0	0	0	0	0	0	0	0	0	0	0	0	0	0	0	0	0	0	0	0	0	0	0	0	0	0	0	0	0	0	0	0	0	0	0	0.7214	0	0	0
id137	0	0	0	0	-0.7534	0	0	0	0	0	0	0	0.7989	0	0	-0.7895	0	0	0	0	0	0	0	0	0	0	0	0.8102	0	0	0	0	0	0.8296	0	0	0.8786	0	0	0	0	0	0	0	0	0	0	0	0	0	0	0	0	0	0	0	0	0	0	0	0	0	0	0	0	0	0	0	0	0	0	0	0	0	0	0	0	0	0	0	0	0	0	0	0	0	0	0	0	0	0	0	0	0	0	0	0	0	0	0	0	0	0	0	0	0	0	0	0	0	0	0	0	0	0	0	0	0	0	0	0	0	0	0	0	0	0	0	0	0	0	0	0	0	0	0	0	0	0	0	0	0	0	0	0	0	0	0	0	0	0.8801	0	0	0	0	0	0	0	-0.7512	0	0	0	0	0	0.7861	0	0	0	0	0
id138	0	0	0	0	0	0.7553	0	0	0.8423	0	0	0	0	0	0	0	0	0	0	0	0.7863	0	0	0	0	0	0	0	0	0.9266	0	0	0	0	0.9119	0.9118	0	0	0	0	-0.7748	-0.7996	0	-0.8874	0	-0.8576	-0.8074	0	0	0	0.8171	-0.8385	0	0	0	-0.8903	0	0	0	-0.8477	0	0	0	0	-0.8509	0	0	0	0	0	0	0	-0.9079	0	-0.8107	0.8413	0.8288	0	0	0	0	0	0	0	0	0	-0.8157	0	0	0	0	0	0	0	-0.8119	0	0	0	0	0	0	0	0	0	0	0.7849	0	0	-0.8588	0	0	0	0	-0.7861	0	0	0	0	0	0	0	0	0	0	0	0	0	0	0	0	0	0	0	0	0	0	0	0	0	0	0	0	0	0	0	0	0	0	0	0	0	0.9096	0	0	0.7951	0	0	0	0	0	0	0	0	0	0	0	0	0	-0.7617	0
id14	0.749	0	0	0	0	0	0	0	0	0	0	0	0	0	0	0	0	0	0	0	0	0	0	0	0	0	0	0	0	0	0	0	0	0	0	0	0	0	0	0	0	0	0	0	0	0	0	0	0	0	0	0	0	0	0	0	0	0	0	0	0	0.7676	0	0	0	0	0	0	0	0	0	0	0	0	0	0	0	0	0	0	0	0	0	0	0	0	0	0	0	0	0	0	0	0	0	0	0	0	0	0	0	0	0	0	0	0	0	0	0	0	0	0	0	0	0	0	0	0	0	0	0	0	0	0	0	0	0	0	0	0	0	0	0	0	0	0	0	0	0	0	0	0	0	0	0	0	0	0	0	0	0	0	0	0	0	0	0	0	0	0	0	0	0	0	0	0	0	0	0	0
id141	0	0	0	0	0	0	0	0	0	0	0	0	0	0	0	0	0	0	0	0	0	0.7493	0	0	0	0	0	0	0	0	0	0	0	0	0	0	0	0	0	0	0	0	0	0	0	0	0	0	0	0	0	0	0	0	0	0	0	0	0	0	0	0	0	0	0	0	0	0	0	0	0	0	0	0	0	0	0	0	0	0	0	0	0	0	0	0	0	0	0	0	0	0	0	0	0	0	0	0	0	0	0	0	0	0	0	0	0	0	0	0	0	0	0	0	0	0	0	0	0	0	0	0	0	0	0	0	0	0	0	0	0	0	0	0	0	0	0	0	0	0	0	0	0	0	0	0	0	0	0	0	0	0	0	0	0	0	0	0	0	0	0	0	0	0	0	0	0	0	0	0
id144	0	0	0	0	0	0	0	0	0	0	0	0	0	0	0	0	0	0	0	0	0	0	0	0	0	0	0	0	0	0	0	0	0	0	0	0	0	0	0	0	0	0	0	0	0	0	0	0	0	0	0	0	0	0	0	0	0	0	0	0	0	0	0	0	0	0	0	0	0	0	0	0	0	0	0	0	0	0	0	0	0	0	0	0	0	0	0	0	0	0	0	0	0	0	0	0	0	0	0	0	0	0	0	0	0	0	0	0	0	0	0	0	0	0	0	0	0	0	0	0	0	0	0	0	0	0	0	0	0	0	0	0	0	0	0	0	0	0	0	0	0	0	0	0	0	0	0	0	0	0	0	0	0	0	0	0	0	0	0	-0.7845	0	0	0	0	0	0	0	0	0	0
id146	0	0	0	0	-0.8064	0	0	0	0	-0.7526	0	0	0.7457	0	0	0	0	-0.8444	0	0	0.8274	0	0.8102	0	0	0	0	0	0	0	0	0	0	0.9049	0	0	0.8558	0	0	0	0	0	0	0	0	0	0	0	0	0	0	0	0	0	0	0	0	0	0	0	0	0	0	0	0	0	0	0	0	0	0	0	0	0	0	0	0	0	0	0	0	0	0	0	0	0	0	0	0	0	0	0	0	0	0	0	0	0	0	0	0	0	0	0	0	0	0	0	0	0	0	0	0	0	0	0	0	0	0	0	0	0	0	0	0	0	0	0	0	0	0	0	0	0	0	0	0	0	0	0	0	0	0	0	0	0	-0.7717	0	0	0	0	0	0.849	0	0	0	0	0	0	0	0	0	0	0	0	0	0	0	0	0
id147	0	0	0.8815	0	0	0	0	0	0	0	0	0	0	0	0	0	0	0	0	0	0	0	0	0	0	0	0	0	0	0	0	0	0	0	0	0	0	0	0	0	0	0	0	0	0	0	0	0	0	0	0	0	0	0	0	0	0	0	0	0	0	0	0	0	0	0	0	0	0	0	0	0	0	0	0	0	0	0	0	0	0	0	0	0	0	0	0	0	0	0	0	0	0	0	0	0	0	0	0	0	0	0	0	0	0	0	0	0	0	0	0	0	0	0	0	0	0	0	0	0	0	0	0	0	0	0	0	0	0	0	0	0	0	0	0	0	0	0	0	0	0	0	0	0.7845	0	0	0	0	0	0	0	0	0	0	0	0	0	0	0	0	0	0	0	0	0	0	0	0	0	0
id148	0	0	0	0	0	0	0	0	0.8733	0	0	0	0	0	0	0	0	0	0	0	0	0	0	0.9266	0	0	0	0	0	0	0	0	0	0	0.9203	0.8998	0	0	0	0	0	0	0	-0.8595	0	0	-0.7533	0	0	0	0.7917	-0.8048	0	0	0	-0.8814	0	0	0	-0.8167	0	0	0	0	-0.8378	0	0	0	0	0	0	0	-0.8658	0	0	0.8367	0.8238	0	0	0	0	0	0	0	0	0	-0.7769	0	0	0	0	0	0	0	-0.7892	0	0	0	0	0	0	0	0	0	0	0.7943	0	0	-0.7857	0	0	0	0	-0.7879	0	0	0	0	0	0	0	0	0	0	0	0	0	0	0	0	0	0	0	0	0	0	0	0	0	0	0	0	0	0	0	0	0	0	0	0	0	0.8471	0	0	0	0	0	0	0	0	0.7503	0	0	0	0	0	0	0	0	0
id149	0	0	0	0	0	0	0	0	0	0.9408	0	0	0	0	0	0	0	0.9149	0	0.9294	0	0	0	0	0	0	0	0	0	0	0	0	0	0	0	0	0	0	0	0	0	0	0	0	0	0	0	0	0	0	0	0	0	0	0	0	0	0	0	0	-0.7783	0	0	0	0	0	0	0	0	0	0	0	0	0	0	0	0	0	0	0	0	0	0	0	0.8064	0	0	0	0	0	0	0	0	0	0	0	0	0	0	0	0	0	0	0	0	0	0	0	0	0	0	0	0	0	0	0.7117	0	0	0	0	0	0	0	0	0	0	0	0	0	0	0	0	0	0	0	0	0	0	0	0	0	0	0	0	0	0	0.9323	0	0	0	0	0	0	0	0	0	0	0	0.7352	0	0	0	0	-0.8396	0	0	0	0	0	0
id157	-0.8051	0	0	0	0	0.8265	0	0	0	0	0	-0.7843	0	0	-0.7921	0	0	0	0	0	0	0	0	0	0	0	0	0	0	0	0	0	-0.9087	0	0	0	0	0.8494	0.7652	0	-0.8399	0	-0.8207	0	0	-0.8134	0	0	0	0	0.8853	0	0.873	0	0	0	0	0	0	-0.8759	0	0	0	-0.8338	-0.7782	-0.7784	-0.82	0	0	-0.8798	0	0	0	0	-0.8636	0	0.7922	0	-0.76	0	0	0	0	0	0	0	0	0	0	0	0	0	0	0	-0.8047	0	0	0	0	0.7651	0	0	0	0	0	0	0	0	0	0	-0.776	0.7912	0	0	0	0	0	0	0	0	0	0	0	0	0	0	0	0	0	0	0	0.7942	0	0	0	0	0.8209	0	0	0.7691	0	0	0	0	0	0.7309	0	0	0	0	0	0	0	0	0.8856	0.7402	0	0	0	0	0	0	0	0	0	0	0	0	0	0
id16	0	0.8602	0	0	0	-0.8574	0	0	0	0	0	0.8311	0	0	0	0	0	0	0.8122	0	0	0	0	0	0	0	0	0	0	0	0	-0.9087	0	0	0	0	0	-0.8191	-0.8037	0	0.8626	0	0.8405	0	0	0.8745	0	0	0.8255	0	-0.9325	0.8378	-0.8902	0	0	0.8361	0	0	0	0.9295	-0.8263	0	0	0.9046	0	0.9091	0.874	0	0.8228	0.9196	0	0	0	0	0.8943	0	-0.873	0.7919	0.8338	0	0	0.8263	0	-0.8953	0	-0.7951	0.8312	0	0	0	0	0	0	0	0.8344	0	0	0	0	0	0	0	0	0	0	0	0	0.8115	0	0	0	-0.8509	0	0	0	0	0	0	0	0	0	0	0	0	0	0	0	0	0	0	0	-0.8992	0	0	0	0	-0.8544	0	-0.769	-0.7969	0	0	0	0	0	0	0	0	0	0	0	0	0	0	-0.9162	-0.7798	0	0	0	0	0	0	0	0	0	0	0	0	0	0
id160	0	0	0	0	-0.7942	0	0	0	0	0	0	0	0.7148	0	0	-0.7582	0	-0.8095	0	-0.7517	0.793	0	0.8296	0	0	0	0	0.9049	0	0	0	0	0	0	0	0	0.892	0	0	0	0	0	0	0	0	0	0	0	0	0	0	0	0	0	0	0	0	0	0	0	0	0	0	0	0	0	0	0	0	0	0	0	0	0	0	0	0	0	0	0	0	0	0	0	0	0	0	0	0	0	0	0	0	0	0	0	0	0	0	0	0	0	0	0	0	0	0	0	0	0	0	0	0	0	0	0	0	0	0	0	0	0	0	0	0	0	0	0	0	0	0	0	0	0	0	0	0	0	0	0	0	0	0	0	0	0	-0.7366	0	0	0	0	0	0.7839	0	0	0	0	0	0	0	0	0	0	0	0.7894	0	0	0	0	0
id161	0	0	0	0	0	0.7426	0	0	0.8794	0	0	0	0	0	0	0	0	0	0	0	0	0	0	0.9119	0	0	0	0	0	0.9203	0	0	0	0	0	0.9084	0	0	0	0	0	0	0	-0.845	0	-0.8097	-0.7266	0	0	0	0.7934	-0.8198	0	0	0	-0.8922	0	0	0	-0.8298	0.7301	0	0	0	-0.8462	-0.7756	0	0	0	0	0	0	-0.8703	0	0	0.8311	0.8332	0	0	-0.7664	0	0	0	0.8025	0	0	-0.8248	0	0	0	0	0	0	0	-0.7785	0	0	0	0	0	0	0	0	0	0	0	0	0	-0.7956	0	0	0.7658	0	-0.7751	0	0	0	0	0	0	0	0	0	0	0	0	0	0	0	0	0	0	0	0	0	0	0	0	0	0	0	0	0	0	0	0	0	0	0	0	0	0.8502	0	0	0.7756	0	0	0	0	0	0	0	-0.7927	0	0	0	0	0	0	0
id164	0	0	0	0	0	0	0	0	0.8749	0	0	0	0	0	0	0	0	0	0	0	0.7854	0	0	0.9118	0	0	0	0	0	0.8998	0	0	0	0	0.9084	0	0	0	0	0	0	0	0	-0.8542	0	-0.7989	-0.751	0	0	0	0	-0.8038	0	0	0	-0.8703	0	0	0	0	0	0	0	0	-0.8314	0	0	0	0	0	0	0	-0.8882	0	0	0.8307	0.7864	0	0	0	0	0	0	0.7798	0	0	-0.7784	0	0	0	0	0	0	0	-0.7589	0	0	0	0	0	0	0	0	0	0	0.7393	0	0	-0.7947	0	0	0.7662	0	0	0	0	0	0	0	0	0	0	0	0	0	0	0	0	0	0	0	0	0	0	0	0	0	0	0	0	0	0	0	0	0	0	0	0	0	0	0	0.8476	0	0	0	0	0	0	0	0	0	0	0	0	0	0	0	0	-0.7294	0
id166	0	0	0	0	-0.7784	0	0	0	0	0	0.7789	0	0.7368	0	0	-0.855	0	-0.7979	0	0	0	0	0.8786	0	0	0	0	0.8558	0	0	0	0	0	0.892	0	0	0	0	0	0	0	0	0	0	0	0	0	0	0	0	0	0	0	0	0	0	0	0	0	0	0	0	0	0	0	0	0	0	0	0	0	0	0	0	0	0	0	0	0	0	0	0	0	0	0	0	0	0	0	0	0	0	0	0	0	0	0	0	0	0	0	0	0	0	0	0	0	0	0	0	0	0	0	0	0	0	0	0	0	0	0	0	0	0	0	0	0	0	0	0	0	0	0	0	0	0	0	0	0	0	0	0	0	0	0	0	0	0	0	0	0.83	0	0	0	0	0	0	0	0	0	0	0	0	0	0.8343	0	0	0	0	0
id171	0	0	0	0	0	0.8654	0	0	0	0	0	0	0	0	0	0	0	0	-0.835	0	0	0	0	0	0	0	0	0	0	0	0	0.8494	-0.8191	0	0	0	0	0	0.8615	0	-0.9171	0	0	0	0	-0.8435	0	0	0	0	0.9159	-0.8218	0.7987	0	0	-0.8236	0	0	0	-0.8727	0.8356	0	0	-0.8188	0	-0.8072	-0.8067	0	0	-0.8927	0	0	0	0	-0.8897	0.8287	0.8043	0	-0.7679	0	0	0	0	0	0	0	0	0	0	0	0	0	0	-0.7766	-0.8464	0	0	0	0	0.7794	0	0	0	0	0	0.765	0	0	-0.8274	0	0	0.8494	0	-0.7976	-0.8614	0	0	0	0	0	0	0	0	0	0	0	0	0	0	0	0	0	0	0	0	0	0	0	0	0	0	0	0	0	0	0	0	0	0	0	0	0.8996	0	0.8261	0.8718	0.7712	0	0	0	0	0	0	-0.7992	0	0	0	0	0	0	0
id174	0	0	0	0	0	0.7869	0	0	0	0	0	0	0	0	0	0	0	0	-0.8545	0	0	0	0	0	0	0	0	0	0	0	0	0.7652	-0.8037	0	0	0	0	0.8615	0	0	-0.8161	0	0	0	0	-0.7636	0	0	-0.824	0	0.8462	-0.8116	0	0	0	-0.777	0	0	0	-0.7968	0	0	0.7659	-0.827	0	-0.8087	-0.7481	0	0	-0.8112	0	0	0	0	0	0.8124	0.7913	-0.7656	0	0	0	0	0	0.865	0	0	0	0	0	0	0	0	0	0	-0.734	0	0	0	0	0.7483	0	0	0	0	0	0	0	0	0	0	0	0.8328	0	0	-0.8437	0	0	0	0	0	0	0	0	0	0	0	0	0	0	0	0	0	0	0	0	0	0	0	0	0	0	0	0	0	0	0	0	0	0	0	0	0	0	0	0.7973	0	0	0	0	0	0	0	-0.8229	0	0	0	0	0	0	0
id176	0	0	0	0	0	0	0	0	0	0	0	0	0	0	0	0	0	0	0	0	0	0	0	0	0	0	0	0	0	0	0	0	0	0	0	0	0	0	0	0	0	0	0	0	0	0	0	0	0	0	0	0	0	0	0.8085	0	0	0	0	0	0	0	0	0	0	0	0	0	0	0	0	0	0	0	0	0	0	0	0	0	0	0	0	0	0	0	0	0	0	0	0	0	0	0	0	0	0	0	0	0	0	0	0	0	0	0	0	0	0	0	0	0	0	0	0	0	0	0	0	0	0	0	0	0	0	0	0	0	0	0	0	0	0	0	0	0	0	0	0	0	0	0	0	0	0	0	0	0	0	0	0	0	0	0	0	0	0	0	0	0	0	0	0	0	0	0	0	0	0	0
id178	0	0	0	0	0	-0.8886	0	0	0	0	0	0	0	0	0	0	0	0	0.9091	0	0	0	0	-0.7748	0	0	0	0	0	0	0	-0.8399	0.8626	0	0	0	0	-0.9171	-0.8161	0	0	0	0.8734	0	0	0.9506	0.797	0.8671	0.8419	0	-0.9487	0	-0.7898	0.8287	0	0.8792	0	0	0	0.9411	0	0	0	0.9161	0.8655	0.8708	0.8989	0	0.9136	0.9712	0	0	0.867	0	0.9737	-0.8553	-0.8489	0	0.8494	0	0	0	0	-0.8597	0	0	0	0	0	0	0	0	0	0.8149	0.9119	0	0	0	0	-0.7687	0	0	0	0	0	-0.7795	0	0.8693	0.912	0	0.8361	-0.8909	0	0	0.8876	0	0	0	0	0	0	0	0	0	0	0	0	0	0	0	0	0	0	0	0	0	0	0	0	0	0	0	0	0	0	0	0	0	0	0.8087	0	-0.8915	0	-0.8766	-0.8919	-0.8602	0	0	0	0	0	0	0	0	0	0	0	0	0	0
id182	0	0	0	0	0	0	0	0	0	0	0	0	0	0	0.808	0	0	0	0	0	0	0	0	-0.7996	0	0	0	0	0	0	0	0	0	0	0	0	0	0	0	0	0	0	0.7252	0	0	0.8306	0	0	0	0	-0.8408	0.8155	0	0	0	0.8231	0	0	0	0	-0.8648	0	0	0.7656	0	0.8073	0.7822	0	0	0.7974	0	0	0	0	0.8151	0	0	0	0	0	0	0	0	0	0	0	0.7583	0	0	0	0	0	0	0	0.812	0	0	0	0	0	0	0	0	0	0	0	0	0	0.7981	0	0	0	0	0.816	0	0	0	0	0	0	0	0	0	0	0	0	0	0	0	0	0	0	0	0	0	0	0	0	0	0	0	0	0	0	0	0	0	0	0	0	0	-0.7817	0	0	-0.787	0	0	0	0	0	0	0	0	0	0	0	0	0	0.7686	0
id183	0	0.7897	0	0	0	-0.822	0	0	0	0	0	0	0	0	0.772	0	0	0	0	0	0	0	0	0	0	0	0	0	0	0	0	-0.8207	0.8405	0	0	0	0	0	0	0	0.8734	0.7252	0	0.8588	0	0.8804	0	0.8375	0	0	-0.8489	0	-0.7527	0.8166	0	0.8106	0	0	0	0.9101	0	0	0	0.8681	0.8835	0	0.8612	0	0.8043	0.8872	0	0	0	0	0.9047	0	0	0	0.7941	0	0	0.7964	0	0	0	0	0.8041	0	0	0	0	0	0	0	0.8516	0	0	-0.7817	0	-0.778	0	0	0	0	0	-0.7624	0	0.7885	0.8178	0	0.8643	-0.8076	0	0	0	0	0	0	0	0	0	0	0	0	0	0	0	0	0	0	0	0	0	0.7622	0	0	0	0	0	0	0	0	0	0	0	0	0	0	0	0	0	0	0	0	-0.8446	-0.8143	0	0	0	0	0	0	0	0	0	0	0	0	0.7872	0
id185	0	0	0	0	0	-0.8009	0	0	-0.7711	0	0	0	0	0	0	0	0	0	0	0	-0.7959	0	0	-0.8874	0	0	0	0	0	-0.8595	0	0	0	0	-0.845	-0.8542	0	0	0	0	0	0	0.8588	0	0	0.8858	0.852	0.8049	0	0	-0.834	0	0	0.834	0	0.913	0	0	0	0.908	0	0	0	0.8412	0.942	0	0.8581	0	0.8792	0.8135	0	0	0.9219	0	0.9021	-0.8575	-0.8224	0	0.7881	0.8553	0	0.7792	0	0	0	0	0.874	0	0	0	0	0	0	0.792	0.847	0	0	0	0	0	0	0	0	0	0	-0.8376	0	0	0.8542	0	0.8171	-0.8385	0	0	0	0	0	0	0	0	0	0	0	0	0	0	0	0	0	0	0	0	0	0	0	0	0	0	0	0	0	0	0	0	0	0	0	0	0	0	0	-0.8642	0	0	-0.8194	-0.7638	0	0	0	0	0	0	0	0	0	0	0	0	0.7946	0
id187	0	0	0	0	0	0	0	0	0	0	0	0	0	0	0	0	0	0	0	0	0	0	0	0	0	0	0	0	0	0	0	0	0	0	0	0	0	0	0	0	0	0	0	0	0	0	0	0	0	0	0	0	0	0	0	0	0	0	0	0	0	0	0	0	0	0	0	0	0	0	0	0	0	0	0	0	0	0	0	0	0	0	0	0	0	0	0	0	0	0	0	0	0	0	0	0	0	0	0	0	0	0	0	0	0	0	0	0	0	0	0	0	0	0	0	0	0	0.7806	0	0	0	0	0	0	0	0	0	0	0	0	0	0	0	0	0	0	0	0	0	0	0	0	0	0	0	0	0	0	0	0	0	0	0	0	0	0	0	0	0	0	0	0	0	0	0	0	0	0	0	0
id188	0	0.8143	0	0	0	-0.854	0	0	0	0	0	0.8465	0	0	0	0	0	0	0.8557	0	0	0	0	-0.8576	0	0	0	0	0	0	0	-0.8134	0.8745	0	-0.8097	-0.7989	0	-0.8435	-0.7636	0	0.9506	0.8306	0.8804	0.8858	0	0	0.8367	0.8481	0.8408	0	-0.9323	0.8646	0	0.8094	0	0.9406	0	0	0	0.9637	-0.8127	0	0	0.8994	0.9147	0.8863	0.9021	0	0.9121	0.9309	0	0	0.9076	0	0.9561	-0.8672	-0.8829	0	0.8225	0.804	0	0.8551	0	-0.8748	0	0	0.8865	0	0	0	0	0	0	0.8158	0.9207	0	0	0	0	-0.752	0	0	0	0	0	0	0	0.8	0.91	0	0	-0.8866	0	0	0.8504	0	0	0	0	0	0	0	0	0	0	0	0	0	0	0	0	0	0	0	0	0	0	0	0	0	0	0	0	0	0	0	0	0	0	0	0	-0.8829	0	-0.8207	-0.8908	-0.8121	0	0	0	0	0	0	0	0	0	0	0	0	0.8242	0
id189	0	0	0	0	0	-0.716	0	0	0	0	0	0	0	0	0	0	0	0	0	0	-0.7551	0	0	-0.8074	0	0	0	0	0	-0.7533	0	0	0	0	-0.7266	-0.751	0	0	0	0	0.797	0	0	0.852	0	0.8367	0	0	0	0	-0.7386	0	0	0.8299	0	0	0	0	0	0.8095	0	0	0	0.7271	0.855	0	0	0	0.7478	0	0	0	0.8537	0	0.8143	0	0	0	0	0	0	0	0	0	0	0	0.7293	0	0	0	0	0	0	0	0.7892	0	0	-0.8121	0	0	0	0	0	0	0	-0.7842	0	0	0.8357	0	0.8405	0	0	0	0	0	0	0	0	0	0	0	0	0	0	0	0	0	0	0	0	0	0	0.7566	0	0	0	0	0	0	0	0	0	0	0	0	0	0	0	0	0	-0.8206	0	0	0	-0.7606	0	0	0	0	-0.7253	0	0	0	0	0	0	0	0.7963	0
id19	0	0	0	0	0	0	0.8312	0	0	0	0	0.8911	0	0	0.8235	0	0	0	0	0	0	0	0	0	0	0	0	0	0	0	0	0	0	0	0	0	0	0	0	0	0.8671	0	0.8375	0.8049	0	0.8481	0	0	0.8781	-0.7999	-0.848	0	0	0	0	0.8416	0	0	0	0.8467	0	0	0	0.864	0	0	0.9145	0	0.8624	0.8672	0.8284	0	0	0	0.8911	-0.8626	-0.8201	0	0.8337	0.8426	0	0.8305	0	0	0	0	0.8317	0	0	0	0	0	0	0.7428	0.8054	0	0	0	0	-0.8721	0	0	0	0	0	-0.821	0	0.8893	0	0	0	-0.8941	0	0	0.799	0	0	0	0	0	0	0	0	0	0	0	0	0	0	0	0	0	0	0	0	0	-0.911	-0.8346	0	-0.9355	-0.8563	0	0	0	0	0	0	0	0	0	0	0	0	0	0	0	0	0	0	0	0	0	0	0	0	0.8252	0	0	0	0
id196	0	0	0	0	0	0	0	0	0	0	0	0.9042	0	0	0	0	0	0	0.9273	0	0	0	0	0	0	0	0	0	0	0	0	0	0.8255	0	0	0	0	0	-0.824	0	0.8419	0	0	0	0	0.8408	0	0.8781	0	-0.7162	-0.8745	0.8147	0	0	0	0.8739	0	-0.7606	0	0	0	0	0	0.9151	0	0	0.8526	0	0.92	0	0.825	0	0	0	0.8378	-0.9224	-0.936	0	0.7883	0.839	0	0.8442	-0.8346	-0.9572	0	-0.8307	0.8719	0	0	0	0	0	0	0	0	0	0	0	0	-0.7611	0	0	0	0	0	0	0	0.8783	0	0	0	-0.9349	-0.8984	0	0.8803	0	0	0	0	0	0	0	0	0	0	0	-0.7307	0	0	0	0	0	0	0	0	0.7598	-0.9045	-0.8967	-0.8398	-0.8956	-0.9077	0	0	0	0	0	0	0	0	0	0	0	0	0	0	0	0	0	0	0	0	0	0	0	0	0	0	0	0	0
id198	0	0	0	0	0	0	0	0	0	0	0	-0.7346	0	0	-0.7157	0	0	0	0	0	0	0	0	0	0	0	0	0	0	0	0	0	0	0	0	0	0	0	0	0	0	0	0	0	0	0	0	-0.7999	-0.7162	0	0	0	0	0	0	0	0	0	0	0	0	0	0	0	0	0	-0.7592	0	0	0	0	0	0	0	0	0	0	0	0	0	0	0	0	0	0	0	0	0	0	0	0	0	0	0	0	0	0	0	0	0.7417	0	0	0	0	0	0	0	0	0	0	0	0	0	0	0	0	0	0	0	0	0	0	0	0	0	0	0	0	0	0	0	0	0	0	0	0	0.7244	0	0	0.761	0	0	0	0	0	0	0	0	0	-0.727	0	0	0	0	0	0	0	0	0	0	0	0	0	0	0	-0.7652	0	0	0	0
id199	0	0	0	0	0	0.8998	0	0	0	0	0	-0.8917	0	0	-0.8459	0	0	0	-0.8981	0	0	0	0	0.8171	0	0	0	0	0	0.7917	0	0.8853	-0.9325	0	0.7934	0	0	0.9159	0.8462	0	-0.9487	-0.8408	-0.8489	-0.834	0	-0.9323	-0.7386	-0.848	-0.8745	0	0	-0.8962	0.8608	0	0	-0.9186	0	0.7525	0	-0.9537	0.8715	0	0	-0.9312	-0.8502	-0.916	-0.9151	0	-0.891	-0.9535	0	0	-0.8362	0	-0.9503	0.9077	0.9371	0	-0.8626	0	0	-0.8342	0	0.9213	0	0	-0.8634	0	0	0	0	0	0	0	-0.9059	0	0	0	0	0.7834	0	0	0	0	0	0	0	-0.849	-0.8608	0	0	0.9312	0	-0.8485	-0.9021	0	0	0	0	0	0	0	0	0	0	0	0	0	0	0	0	0.8027	0	0	0	0	0.8527	0	0	0.8285	0	0	0	0	0	0	0	0	0	-0.7902	0	0.8805	0	0.862	0.926	0	0	0	0	0	0	0.7859	-0.7927	0	0	0	0	0	-0.7684	0
id2	0	0	0.8385	0	0	-0.7996	0	0	0	0	0	0	0	0	0	0	0	0	0.9093	0	0	0	0	-0.8385	0	0	0	0	0	-0.8048	0	0	0.8378	0	-0.8198	-0.8038	0	-0.8218	-0.8116	0	0	0.8155	0	0	0	0.8646	0	0	0.8147	0	-0.8962	0	0	0	0	0.9018	0	0	0	0.873	-0.8538	0	0	0.8584	0	0.9467	0.7806	0	0.8526	0.8135	0	0	0.8399	0	0.8251	-0.8368	-0.8778	0	0	0	0	0.7888	0	-0.8878	0	0	0.801	0	0	0	0	0	0	0	0.8351	0	0	0	0	0	0	0	0	0	0	0	0	0	0.8546	0	0	-0.8336	0	0.8207	0.8846	0	0	0	0	0	0	0	0	0	0	0	0	0	0	0	0	0	0	0	0	0	0	0	0	0	0	0	0	0	0	0	0	0	0	0	0	-0.8326	0	0	-0.825	0	0	0	0	0	0	0	0.7987	0	0	0	0	0	0	0
id20	-0.7653	0	0	0	0	0.8128	0	0	0	0	0	-0.7548	0	0	-0.789	0	0	0	0	0	0	0	0	0	0	0	0	0	0	0	0	0.873	-0.8902	0	0	0	0	0.7987	0	0	-0.7898	0	-0.7527	0	0	0	0	0	0	0	0.8608	0	0	0	0	0	0	0	0	-0.8261	0	0	0	-0.78	0	-0.7684	-0.7854	0	0	-0.8579	0	0	0	0	-0.8193	0	0.7839	0	-0.714	0	0	0	0	0.7794	0	0	0	0	0	0	0	0	0	0	-0.763	0	0	0	0	0.7481	0	0	0	0	0	0	0	0	0	0	0	0.7924	0	0	0	0	0	0	0	0	0	0	0	0	0	0	0	0	0	0	0	0.791	0	0	0	0	0.7943	0	0	0	0	0	0	0	0	0.7305	0	0	0	0	0	0	0	0	0.8539	0	0	0	0	0	0	0.7387	0	0	0	0	0	0	0	0
id201	0	0	0	0	0	0	0	0	0	0	0	0	0	0	0	0	0	0	0	0	-0.856	0	0	0	0	0	0	0	0	0	0	0	0	0	0	0	0	0	0	0	0.8287	0	0.8166	0.834	0	0.8094	0.8299	0	0	0	0	0	0	0	0	0	0	0	0	0.8521	0	0	0	0	0.8621	0	0	0.7076	0	0	0	0	0	0	0.835	0	0	0	0	0	-0.8111	0	0	0	0.8616	0	0	0	0	0	0	0	0	0.7801	0	0	0	-0.8765	-0.7952	0	0	0	0	0	0	0	0	0	0.9055	0.7641	0.9245	0	0	0	0	0	0	0	0	0	0	0	0	0	0	0	0	0	0	0	0	0	0	0.8434	0	0	0	0	0	0	0	0	0	0	0	0	0	0	0	0	0	-0.8648	0	0	-0.8116	-0.8197	0	0	0	0	0	0	0	0	0	0	0	0	0.8585	0
id202	0	0	0	0	0	0	0	0	0	0	0	0	0	0	0	0	0	0	0	0	0	0	0	0	0	0	0	0	0	0	0	0	0	0	0	0	0	0	0	0.8085	0	0	0	0	0	0	0	0	0	0	0	0	0	0	0	0	0	0	0	0	0	0	0	0	0	0	0	0	0	0	0	0	0	0	0	0	0	0	0	0	0	0	0	0	0	0	0	0	0	0	0	0	0	0	0	0	0	0	0	0	0	0	0	0	0	0	0	0	0	0	0	0	0	0	0	0	0	0	0	0	0	0	0	0	0	0	0	0	0	0	0	0	0	0	0	0	0	0	0	0	0	0	0	0	0	0	0	0	0	0	0	0	0	0	0	0	0	0	0	0	0	0	0	0	0	0	0	0	0	0
id203	0	0	0	0	0	-0.8193	0	0	-0.818	0	0	0.8783	0	0	0	0	0	0	0.8408	0	0	0	0	-0.8903	0	0	0	0	0	-0.8814	0	0	0.8361	0	-0.8922	-0.8703	0	-0.8236	-0.777	0	0.8792	0.8231	0.8106	0.913	0	0.9406	0	0.8416	0.8739	0	-0.9186	0.9018	0	0	0	0	0	0	0	0.9381	0	0	0	0.9169	0.8967	0	0.8982	0	0.92	0.8684	0	0	0.9178	0	0.9092	-0.9364	-0.9352	0	0.8143	0.8778	0	0.8517	0	-0.9146	0	-0.7759	0.9329	0	0	0	0	0	0	0.7838	0.9149	0	0	0	0	-0.8028	0	0	0	0	0	0	0	0	0.8517	0	0	-0.9096	0	0.8839	0.8903	0	0	0	0	0	0	0	0	0	0	0	0	0	0	0	0	0	0	0	0	0	-0.8468	0	0	-0.84	0	0	0	0	0	0	0	0	0	0	0	-0.8634	0	-0.8266	0	0	0	0	0	0	0	0	0.8443	0	0	0	0	0	0	0
id204	0	0	0	0	0	0	0	0	0	0	0	0	0	0	0	0	0	0	0	0	0	0	0	0	0	0	0	0	0	0	0	0	0	0	0	0	0	0	0	0	0	0	0	0	0	0	0	0	0	0	0	0	0	0	0	0	0	0	0.7084	0	0	0	0	0	0	0	0	0	0	0	0	0	0	0	0	0	0	0	0	0	0	0	0	0	0	0	0	0	0	0	0	0	0	0	0	0	0	0	0	0	0	0	0	0	0	0	0	0	0	0	0	0	0	0	0	0	0	0	0	0	0	0	0	0	0	0	0	0	0	0	0	0	0	0	0	0	0	0	0	0	0	0	0	0	0	0	0	0	0	0	0	0	0	0	0	0	0	0	0	0	0	0	0	0	0	0	0	0	0	0
id205	0	0	0	0	0	0	0	0	0	0	0	0	0	0	0	0	0	0	-0.7477	0	0	0	0	0	0	0	0	0	0	0	0	0	0	0	0	0	0	0	0	0	0	0	0	0	0	0	0	0	-0.7606	0	0.7525	0	0	0	0	0	0	0	0	0	0	0	0	-0.7538	0	0	0	0	0	-0.7441	0	0	0	0	0	0	0	0	0	0	0	0	0	0	0	0	0	0	0	0	0	0	0	0	0	0	0	0	0	0	0	0	0	0	0	0	0	-0.8467	0	0	0	0	0	0	0	0	0	0	0	0	0	0	0	0	0	0	0	0	0	0	0	0.8266	0	0	0	0	0	0	0	0	0	0	0	0	0	0	0	0	0	-0.8138	0	0	0	0	0	0	0	0	0	0	0	0	0	0	0	0	0	0	0	0
id207	0	0	0	0	0	0	0	0	0	0	0	0	0	0	0	0	0	0	0	0	0	0	0	0	0	0	0	0	0	0	0	0	0	0	0	0	0	0	0	0	0	0	0	0	0	0	0	0	0	0	0	0	0	0	0	0	0.7084	0	0	0	0	0	0	0	0	0	0	0	0	0	0	0	0	0	0	0	0	0	0	0	0	0	0	0	0.7948	0	0	0	0	0	0	0	0	0	0	0	0	0	-0.706	0	0	0	0	0	0	0	0	0	0	0	0	0	0	0	0	0	0	0	0	0	0	0	0	0	0	0	0	0	0	0	0	0	0	0	0	0	0	0	0	0	0	0	0.7559	0	0	0	0	0	0	0	0	0	0	0	0	0	0	0	0.7716	0	0	0	0	0	0	0	0	0	0	0
id208	0	0.856	0	0	0	-0.8988	0	0	0	0	0	0.8364	0	0	0	0	0	0	0.8286	0	-0.7674	0	0	-0.8477	0	0	0	0	0	-0.8167	0	-0.8759	0.9295	0	-0.8298	0	0	-0.8727	-0.7968	0	0.9411	0	0.9101	0.908	0	0.9637	0.8095	0.8467	0	0	-0.9537	0.873	-0.8261	0.8521	0	0.9381	0	0	0	0	-0.8699	0	0	0.9246	0.9421	0.9094	0.9159	0	0.8946	0.9438	0	0	0.8767	0	0.9713	-0.8617	-0.8833	0	0.826	0	0	0.8575	0	-0.896	0	0	0.8819	0	0	0	0	0	0	0.8254	0.9245	0	0	0	0	-0.7922	0	0	0	0	0	0	0	0.7743	0.9064	0	0.8447	-0.8882	0	0.8078	0.8584	0	0	0	0	0	0	0	0	0	0	0	0	0	0	0	0	0	0	0	0	0	-0.8311	0	0	0	0	0	0	0	0	0	0	0	0	0.7746	0	-0.8949	0	0	-0.9379	-0.8258	0	0	0	0	0	0	0.7805	0	0	0	0	0	0.8456	0
id209	0	0	0	0	0	0.856	0	0	0	-0.792	0	0	0	0	0	0	0	0	0	0	0	0	0	0	0	0	0	0	0	0	-0.7783	0	-0.8263	0	0.7301	0	0	0.8356	0	0	0	-0.8648	0	0	0	-0.8127	0	0	0	0	0.8715	-0.8538	0	0	0	0	0	0	0	-0.8699	0	0	0	-0.7904	0	-0.8878	0	-0.7478	0	-0.8501	0	0	0	0	0	0	0	0	0	0	0	0	0	0	-0.9161	0	0	0	0	0	0	0	-0.7181	0	-0.8276	0	0	0	0	0	0	0	0	0	0	0	0	0	-0.8712	-0.7604	0	0	0	0	0	0	0	0	0	0	0	0	0	0	0	0	0	0	0	0	0	0.8151	0	0	0	0	0	0	0	0	0	0	0	0	0	0	0	0	0	-0.8319	0	0.8443	0	0	0.8867	0	0	0	0	0	0	0	0	0	0	0	0	0	0	0
id21	0	0	0	0	0	0	0	0	0	0	0	0	0	0	0	0	0	0	0	0	0	0	0	0	0.7676	0	0	0	0	0	0	0	0	0	0	0	0	0	0	0	0	0	0	0	0	0	0	0	0	0	0	0	0	0	0	0	0	0	0	0	0	0	0	0	0	0	0	0	0	0	0	0	0	0	0	0	0	0	0	0	0	0	0	0	0	0	0	0	0	0	0	0	0	0	0	0	0	0	0	0	0	0	0	0	0	0	0	0	0	0	0	0	0	0	0	0	0	0	0	0	0	0	0	0	0	0	0	0	0	0	0	0	0	0	0	0	0	0	0	0	0	0	0	0	0	0	0	0	0	0	0	0	0	0	0	0	0	0	0	0	0	0	0	0	0	0	0	0	0	0
id210	0	-0.8832	0	0	0	0	0	0	0	0	0	0	0	0	0	0	0	0	0	0	0	0	0	0	0	0	0	0	0	0	0	0	0	0	0	0	0	0	0.7659	0	0	0	0	0	0	0	0	0	0	0	0	0	0	0	0	0	0	0	0	0	0	0	0	0	0	0	0	0	0	0	0	0	0	0	0	0	0	-0.8077	0	0	0	0	0	0	0	0	0	0	0	0	0	0	0	0	0	0	0	0	0	0	0	0	0	0	0	0	0	0	0	0	0	0	0	0	0	0	0	0	0	0	0	0	0	0	0	0	0	0	0	0	0	0	0	0	0	0	0	0	0	0	0	0	0	0	-0.7963	0	0	0	0	0	0	0	0	0	0.7785	0	0	0	0	0	0	0	0	0	0	0	0	0	0	0
id211	0	0.8492	0	0	0	-0.8477	0	0	0	0	0	0.8311	0	0	0	0	0	0	0.8871	0	0	0	0	0	0	0	0	0	0	0	0	-0.8338	0.9046	0	0	0	0	-0.8188	-0.827	0	0.9161	0.7656	0.8681	0.8412	0	0.8994	0.7271	0.864	0.9151	0	-0.9312	0.8584	-0.78	0	0	0.9169	0	-0.7538	0	0.9246	-0.7904	0	0	0	0.8476	0.8956	0.899	0	0.9218	0.9175	0	0	0.8182	0	0.9127	-0.8678	-0.8823	0.7871	0.8315	0.7772	0	0.8751	0	-0.9374	0	0	0.8865	0	0	0	0	0	0	0.7243	0.8578	0	0	0	0	-0.7662	0	0	0	0	0	0	0	0.8558	0	0	0	-0.9055	0	0	0.8787	0	0	0	0	0	0	0	0	0	0	0	0	0	0	0	0	-0.7995	0	0	0	0	-0.8571	0	0	-0.8287	-0.8419	0	0	0	0	0	0	0	0	0	0	0	0	0	-0.8783	-0.8072	0	0	0	0	0	0	0	0	0	0	0	0	0	0
id216	0	0.8748	0	0	0	-0.8392	0	0	0	0	0	0	0	0	0	0	0	0	0	0	-0.8202	0	0	-0.8509	0	0	0	0	0	-0.8378	0	-0.7782	0	0	-0.8462	-0.8314	0	0	0	0	0.8655	0	0.8835	0.942	0	0.9147	0.855	0	0	0	-0.8502	0	0	0.8621	0	0.8967	0	0	0	0.9421	0	0	0	0.8476	0	0.8182	0.8324	0	0.8612	0.8436	0	0	0.9138	0	0.9168	-0.8436	-0.8303	0	0.7637	0.8044	0	0.7924	0	-0.8389	0	0	0.8539	0	0	0	0	0	0	0.7688	0.8376	0	0	-0.8414	0	-0.7554	0	0	0	0	0	-0.8251	0	0	0.8852	0	0.8877	-0.8565	0	0	0	0	0	0	0	0	0	0	0	0	0	0	0	0	0	0	0	0	0	0.7776	0	0	0	0	0	0	0	0	0	0	0	0	0	0	0	0	0	-0.8765	0	0	-0.8687	-0.8374	0	0	0	0	0	0	0	0	0	0	0	0	0.8432	0
id218	0	0.8404	0.8274	0	0	-0.8585	0	0	0	0	0	0	0	0	0	0	0	0	0.8918	0	0	0	0	0	0	0	0	0	0	0	0	-0.7784	0.9091	0	-0.7756	0	0	-0.8072	-0.8087	0	0.8708	0.8073	0	0	0	0.8863	0	0	0	0	-0.916	0.9467	-0.7684	0	0	0	0	0	0	0.9094	-0.8878	0	0	0.8956	0.8182	0	0	0	0.8505	0.8831	0	0	0	0	0.8626	0	-0.8673	0.8158	0	0	0	0.818	0	-0.9064	0	0	0.8114	0	0	0	0	0	0	0	0.8622	0	0	0	0	0	0	0	0	0	0	0	0	0	0.8672	0	0	-0.8355	0	0	0.8453	0	0	0	0	0	0	0	0	0	0	0	0	0	0	0	0	-0.8419	0	0	0	0	0	0	0	0	0	0	0	0	0.7994	0	0	0	0	0	0	-0.817	0	0	-0.8831	0	0	0	0	0	0	0	0	0	0	0	0	0	0	0
id220	0	0	0	0	0	-0.8252	0	0	0	0	0	0.8827	0	0	0.8699	0	0	0	0	0	0	0	0	0	0	0	0	0	0	0	0	-0.82	0.874	0	0	0	0	-0.8067	-0.7481	0	0.8989	0.7822	0.8612	0.8581	0	0.9021	0	0.9145	0.8526	-0.7592	-0.9151	0.7806	-0.7854	0	0	0.8982	0	0	0	0.9159	0	0	0	0.899	0.8324	0	0	0	0.8802	0.9274	0	0	0	0	0.9272	-0.8549	-0.8602	0	0.8914	0.8192	0	0.8554	0	-0.848	0	0	0.8802	0	0	0	0	0	0	0.7875	0.8719	0	0	0	0	-0.7963	0	0	0	0	0	-0.7638	0	0.874	0	0	0	-0.8746	0	0.7992	0.8224	0	0	0	0	0	0	0	0	0	0	0	0	0	0	0	0	0	0	0	0	0	-0.857	0	0	-0.8504	-0.7906	0	0	0	0	-0.7133	0	0	0	0.8184	0	0	0	0	-0.8356	0	0	0	0	0	0	0	0	0	0	0	0	0	0	0
id224	0	0	0	0	0	0	0	0	0	0.7202	0	0	0	0	0	0	0	0	0	0.7233	0	0	0	0	0	0	0	0	0	0	0	0	0	0	0	0	0	0	0	0	0	0	0	0	0	0	0	0	0	0	0	0	0	0.7076	0	0	0	0	0	0	-0.7478	0	0	0	0	0	0	0	0	0	0	0	0	0	0	0	0	0	0	0	0	0	0	0	0.7618	0	0	0	0	0	0	0	0	0	0	0	0	0	0	0	0	0	0	0	0	0	0	0	0.7212	0	0	0	0	0	0	0	0	0	0	0	0	0	0	0	0	0	0	0	0	0	0	0	0	0	0	0	0	0	0	0	0	0	0	0	0	0	0	0	0	0	0	0	0	0	0	0	0	0	0.7064	0	0	0	0	0	0	0	0	0	0	0
id226	0	0	0	0	0	-0.789	0	0	0	0	0	0.8499	0	0	0	0	0	0	0.8767	0	0	0	0	0	0	0	0	0	0	0	0	0	0.8228	0	0	0	0	0	0	0	0.9136	0	0.8043	0.8792	0	0.9121	0.7478	0.8624	0.92	0	-0.891	0.8526	0	0	0	0.92	0	0	0	0.8946	0	0	0	0.9218	0.8612	0.8505	0.8802	0	0	0.8824	0	0	0.872	0	0.9088	-0.8912	-0.8926	0	0.8147	0.844	0	0.8566	0	-0.9061	0	0	0.9074	0	0	0	0	0	0	0	0.8555	0	0	0	0	-0.742	0	0	0	0	0	0	0	0.8396	0.8167	0	0	-0.9019	-0.8005	0	0.8648	0	0	0	0	0	0	0	0	0	0	0	0	0	0	0	0	0	0	0	0	0	-0.8178	0	0	-0.8191	-0.7912	0	0	0	0	0	0	0	0	0	0	-0.798	0	0	-0.8249	0	0	0	0	0	0	0	0	0	0	0	0	0	0	0
id227	0	0	0	0	0	-0.8851	0	0	0	0	0	0.8467	0	0	0.8401	0	0	0	0.8638	0	0	0	0	0	0	0	0	0	0	0	0	-0.8798	0.9196	0	0	0	0	-0.8927	-0.8112	0	0.9712	0.7974	0.8872	0.8135	0	0.9309	0	0.8672	0	0	-0.9535	0.8135	-0.8579	0	0	0.8684	0	-0.7441	0	0.9438	-0.8501	0	0	0.9175	0.8436	0.8831	0.9274	0	0.8824	0	0	0	0	0	0.9603	-0.8273	-0.8476	0	0.8636	0	0	0.8321	0	-0.8516	0	0	0.8366	0	0	0	0	0	0	0.7759	0.9241	0	0	0	0	-0.7609	0	0	0	0	0	0	0	0.8739	0.8679	0	0.8328	-0.8807	0	0	0.8484	0	0	0	0	0	0	0	0	0	0	0	0	0	0	0	0	0	0	0	0	0	0	0	0	0	0	0	0	0	0	0	0	0	0	0	0	-0.8415	0	-0.815	-0.9054	-0.8335	0	0	0	0	0	0	0	0	0	0	0	0	0.7779	0
id231	0	0	0	0	0	0	0.8045	0	0	0	0	0	0	0	0	0	0	0	0	0	0	0	0	0	0	0	0	0	0	0	0	0	0	0	0	0	0	0	0	0	0	0	0	0	0	0	0	0.8284	0.825	0	0	0	0	0	0	0	0	0	0	0	0	0	0	0	0	0	0	0	0	0	0	0	0	0	0	0	0	0	0.7029	0	0	0	0	0	0	0	0	0	0	0	0	0	0	0	0	0	0	0	0	0	0	0	0	0	0	0	0	0.8225	0	0	0	0	0	0	0	0	0	0	0	0	0	0	0	0.8221	0	0	0	0	0	0	0	0	0	0	0	0	-0.8393	-0.8224	-0.8119	-0.8395	-0.8552	0	0	0	0	0	0	0	0	0	0	0	0	0	0	0	0	0	0	0	0	0	0	0	0	0	0	0	0	0
id232	0	0	0	0	0	0	0	0	0	0	0	0	0	0	-0.8242	0	0	0	0	0	0	0	0	0	0	0	0	0	0	0	0	0	0	0	0	0	0	0	0	0	0	0	0	0	0	0	0	0	0	0	0	0	0	0	0	0	0	0	0	0	0	0	0	0	0	0	0	0	0	0	0	0	0	0	0	0	0	0	0	0	0	0	0	0	0	0	0	0	0	0	0	0	0	0	0	0	0	0	0	0	0	0	0	0	0	0	0	0	0	0	0	0	0	0	0	0	0	0	0	0	0	0	0	0	0	0	0	0	0	0	0	0	0	0	0	0	0	0	0	0	0	0	0	0	0	0	0	0	0	0	0	0	0	0	0	0	0	0	0	0	0	0	0	0	0	0	0	0	0	0
id237	0	0	0	0	0	-0.786	0	0	-0.7948	0	0	0	0	0	0	0	0	0	0	0	-0.8017	0	0	-0.9079	0	0	0	0	0	-0.8658	0	0	0	0	-0.8703	-0.8882	0	0	0	0	0.867	0	0	0.9219	0	0.9076	0.8537	0	0	0	-0.8362	0.8399	0	0	0	0.9178	0	0	0	0.8767	0	0	0	0.8182	0.9138	0	0	0	0.872	0	0	0	0	0	0.8883	-0.9035	-0.8644	0	0	0.8134	0	0	0	-0.8369	0	0	0	0	0	0	0	0	0	0.7721	0.8398	0	0	0	0	0	0	0	0	0	0	-0.8313	0	0	0.9045	0	0	-0.8689	0	0	0.7993	0	0	0	0	0	0	0	0	0	0	0	0	0	0	0	0	0	0	0	0	0	0	0	0	0	0	0	0	0	0	0	0	0	0	0	0	-0.9026	0	-0.8314	0	0	0	0	0	0	-0.8065	0	0	0	0	0	0	0	0	0
id239	0	0	0	0	0	0	0	-0.7009	0	0	0	0	0	0	0	0	0	0	0	0	0	0	0	0	0	0	0	0	0	0	0	0	0	0	0	0	0	0	0	0	0	0	0	0	0	0	0	0	0	0	0	0	0	0	0	0	0	0	0	0	0	0	0	0	0	0	0	0	0	0	0	0	0	0	0	0	0	0	0	0	0	0	0	0	0	0	0	0	0	0	0	0	0	0	0	0	0	0	0	0	0	0	0	0	0	0	0	0	0	0	0	0	0	0	0	0	0	0	0	0	0	0	0	0	0	0	0	0	0	0	0	0	0	0	0	0	0	0	0	0	0	0	0	0	0	0	0	0	0	0	0	0	0	0	0	0	0	0	0	0	0	0	0	0	0	0	0	0	0	0
id240	0	0	0	0	0	-0.8815	0	0	0	0	0	0.8738	0	0	0.8442	0	0	0	0.8492	0	0	0	0	-0.8107	0	0	0	0	0	0	0	-0.8636	0.8943	0	0	0	0	-0.8897	0	0	0.9737	0.8151	0.9047	0.9021	0	0.9561	0.8143	0.8911	0.8378	0	-0.9503	0.8251	-0.8193	0.835	0	0.9092	0	0	0	0.9713	0	0	0	0.9127	0.9168	0.8626	0.9272	0	0.9088	0.9603	0	0	0.8883	0	0	-0.8833	-0.874	0	0.8468	0	0	0.8419	0	-0.8691	0	0	0.8727	0	0	0	0	0	0	0.8225	0.9128	0	0	0	0	0	0	0	0	0	0	-0.8137	0	0.8543	0.9027	0	0.8722	-0.9047	0	0	0.8512	0	0	0	0	0	0	0	0	0	0	0	0	0	0	0	0	0	0	0.7962	0	0	0	0	0	-0.8183	0	0	0	0	0	0	0	0	0	0	0	-0.8879	0	0	-0.9156	-0.8529	0	0	0	0	0	0	0	0	0	0	0	0	0.8132	0
id248	0	0	0	0	0	0.7991	0	0	0	0	0	-0.933	0	0	0	0	0	0	-0.8503	0	0	0	0	0.8413	0	0	0	0	0	0.8367	0	0	0	0	0.8311	0.8307	0	0.8287	0.8124	0	-0.8553	0	0	-0.8575	0	-0.8672	0	-0.8626	-0.9224	0	0.9077	-0.8368	0	0	0	-0.9364	0	0	0	-0.8617	0	0	0	-0.8678	-0.8436	0	-0.8549	0	-0.8912	-0.8273	0	0	-0.9035	0	-0.8833	0	0.9676	0	-0.7865	-0.8805	0	-0.8465	0	0.9297	0	0.7943	-0.8818	0	0	0	0	0	0	0	-0.8351	0	0	0	0	0.816	0	0	0	0	0	0.8051	0	0	0	0	0	0.9698	0.8488	-0.8288	-0.8704	0	0	0	0	0	0	0	0	0	0	0	0	0	0	0	0	0	-0.8195	0	0	0	0.9129	0.867	0	0.921	0.805	0	0	0	0	0	0	0	0	0	0	0.8378	0	0.8534	0.8101	0	0	0	0	0	0	0	-0.8426	0	0	0	0	0	0	0
id249	0	0	0	0	0	0.8009	0	0	0	0	0	-0.94	0	0	-0.8109	0	0	0	-0.8752	0	0	0	0	0.8288	0	0	0	0	0	0.8238	0	0.7922	-0.873	0	0.8332	0.7864	0	0.8043	0.7913	0	-0.8489	0	0	-0.8224	0	-0.8829	0	-0.8201	-0.936	0	0.9371	-0.8778	0.7839	0	0	-0.9352	0	0	0	-0.8833	0	0	0	-0.8823	-0.8303	-0.8673	-0.8602	0	-0.8926	-0.8476	0	0	-0.8644	0	-0.874	0.9676	0	0	-0.7902	-0.8579	0	-0.8518	0	0.9542	0	0.8537	-0.9088	0	0	0	0	0	0	0	-0.8507	0	0	0	0	0.7769	0	0	0	0	0	0	0	-0.8108	0	0	0	0.959	0.8328	0	-0.8695	0	0	0	0	0	0	0	0	0	0	0	0	0	0	0	0	0	0	0	0	0	0.9078	0.8267	0.8116	0.8925	0	0	0	0	0	0	0	0	0	0	0	0	0	0	0.8432	0	0	0	0	0	0	0.7994	-0.8246	0	0	0	0	0	0	0
id25	0	0.8396	0	0	0	-0.7503	0	0	0	0	0	0	0	0	0	0	0	0	0	0	0	0	0	0	0	0	0	0	0	0	0	0	0.7919	0	0	0	0	0	-0.7656	0	0	0	0	0	0	0	0	0	0	0	0	0	0	0	0	0	0	0	0	0	0	0	-0.8077	0.7871	0	0.8158	0	0	0	0	0	0	0	0	0	0	0	0	0	0	0	0	0	0	0	0	0	0	0	0	0	0	0	0	0	0	0	0	0	0	0	0	0	0	0	0	0	0	0	0	0	0	0	0	0	0	0	0	0	0	0	0	0	0	0	0	0	0	0	0	0	-0.8372	0	0	0	0	0	0	0	0	0	0	0	0	0.8016	0	0	0	0	0	0	0	0	0	0	0	0	0	0	0	0	0	0	0	0	0	0	0	0	0
id250	0	0	0	0	0	-0.7495	0	0	0	0	0	0.788	0	0	0.8017	0	0	0	0	0	0	0	0	0	0	0	0	0	0	0	0	-0.76	0.8338	0	0	0	0	-0.7679	0	0	0.8494	0	0.7941	0.7881	0	0.8225	0	0.8337	0.7883	0	-0.8626	0	-0.714	0	0	0.8143	0	0	0	0.826	0	0	0	0.8315	0.7637	0	0.8914	0	0.8147	0.8636	0.7029	0	0	0	0.8468	-0.7865	-0.7902	0	0	0.7534	0	0.8018	0	0	0	0	0.7889	0	0	0	0	0	0	0	0.842	0	0	0	0	0	0	0	0	0	0	0	0	0.809	0.7247	0	0	-0.8185	0	0.7496	0.7741	0	0	0	0	0	0	0	0	0	0	0	0	0	0	0	0	0	0	0	0	0	-0.7879	0	0	-0.7784	-0.7472	0	0	0	0	0	0	0	0	0.8043	0	0	0	0	-0.8003	0	0	0	0	0	0	0	0	0	0	0	0	0	0	0
id251	0	0	0	0	0	0	0	0	0	0	0	0.8388	0	0	0	0	0	0	0	0	0	0	0	0	0	0	0	0	0	0	0	0	0	0	-0.7664	0	0	0	0	0	0	0	0	0.8553	0	0.804	0	0.8426	0.839	0	0	0	0	0	0	0.8778	0	0	0	0	0	0	0	0.7772	0.8044	0	0.8192	0	0.844	0	0	0	0.8134	0	0	-0.8805	-0.8579	0	0.7534	0	0	0.7873	0	-0.8436	0	-0.7919	0.8928	0	0	0	0	0	0	0	0	0	0	0	0	-0.7687	0	0	0	0	0	0	0	0	0	0	0	-0.8455	-0.8007	0	0	0	0	0	0	0	0	0	0	0	0	0	0	0	0	0	0	0	0	0	0	0	-0.8814	-0.8761	-0.8241	-0.8971	-0.8485	0	0	0	0	0	0	0	0	0	0	0	0	0	0	0	0	0	0	0	0	0	0	0	0	0	0	0	0	0
id253	0	0	0	0	0	0	0	0	0	0	0	0	0	0	0	0	0	0	0	0	0	0	0	0	0	0	0	0	0	0	0	0	0	0	0	0	0	0	0	0	0	0	0	0	0	0	0	0	0	0	0	0	0	-0.8111	0	0	0	0	0	0	0	0	0	0	0	0	0	0	0	0	0	0	0	0	0	0	0	0	0	0	0	0	0	0	-0.8153	0	0	0	0	0	0	0	0	0	0	0	0	0	0.7957	0	0	0	0	0	0	0	0.8631	0	0	-0.7898	0	0	0	0	0	0	0	0	0	0	0	0	0.8781	0	0	0	0	0	0	0	0	0	0	0	0	0	0	0	0	0	0	0	-0.9403	0	0	0	0	0	0	0	0	0	0	0	0	0	0	0	0	0	0	0	0	0	0	0	0	0	0	0
id254	0	0	0	0	0	-0.7582	0	0	0	0	0	0.8112	0	0	0	0	0	0	0.8198	0	0	0	0	0	0	0	0	0	0	0	0	0	0.8263	0	0	0	0	0	0	0	0	0	0.7964	0.7792	0	0.8551	0	0.8305	0.8442	0	-0.8342	0.7888	0	0	0	0.8517	0	0	0	0.8575	0	0	0	0.8751	0.7924	0.818	0.8554	0	0.8566	0.8321	0	0	0	0	0.8419	-0.8465	-0.8518	0	0.8018	0.7873	0	0	0	-0.8882	0	-0.8053	0.8373	0	0	0	0	0	0	0	0.8225	0	0	0	0	0	0	0	0	0	0	0	0	0.7962	0	0	0	-0.8618	-0.7773	0	0.8412	0	0	0	0	0	0	0	0	0	0	0	-0.7041	0	0	0	0	0	0	0	0	0	-0.8345	0	-0.7626	-0.8144	-0.8214	0	0	0	0	0	0	0	0	0	0	0	0	0	-0.7737	0	0	0	0	0	0	0	0	0	0	0	0	0	0	0
id258	0	0	0	0	0	0	0	0	0	0	0	0	0	0	0	0	0	0	0	0	0	0	0	0	0	0	0	0	0	0	0	0	0	0	0	0	0	0	0	0	0	0	0	0	0	0	0	0	-0.8346	0	0	0	0	0	0	0	0	0	0	0	0	0	0	0	0	0	0	0	0	0	0	0	0	0	0	0	0	0	0	0	0	0	0	0	0	0	0	0	0	0	0	0	0	0	0	0	0	0	0	0	0	0	0	0	0	0	0	0	0	0	0	0	0.7605	0	0	0	0	0	0	0	0	0	0	0	0	0	0	0	0	0	0	0	0	0	0	0	0	0.8262	0	0	0	0	0	0	0	0	0	0	0	0	0	0	0	0	0	0	0	0	0	0	0	0	0	0	0	0	0	0	0	0
id259	0	-0.8822	0	0	0	0.8312	0	0	0	0	0	-0.8574	0	0	0	0	0	0	-0.9032	0	0	0	0	0	0	0	0	0	0	0	0	0	-0.8953	0	0.8025	0.7798	0	0	0.865	0	-0.8597	0	0	0	0	-0.8748	0	0	-0.9572	0	0.9213	-0.8878	0.7794	0	0	-0.9146	0	0	0	-0.896	0	0	0	-0.9374	-0.8389	-0.9064	-0.848	0	-0.9061	-0.8516	0	0	-0.8369	0	-0.8691	0.9297	0.9542	0	0	-0.8436	0	-0.8882	0	0	0	0.8654	-0.8874	0	0	0	0	0	0	0	-0.8204	0	0	0	0	0.763	0	0	0	0	0	0	0	0	0	0	0	0.9576	0.8249	0	-0.8928	0	0	0	0	0	0	0	0	0	0	0	0.7392	0	0	0	0	0.7872	0	0	0	-0.7107	0.9015	0	0.8233	0.8714	0.8819	0	0	0	0	0	0	0	0	0	0	0	0	0	0.8725	0.7865	0	0	0	0	0	0	-0.825	0	0	0	0	0	0	0
id26	0	0	0	0	0	0	0	0	0	0.8173	0	0	0	0	0	0	0	0.8281	0	0.8142	0	0	0	0	0	0	0	0	0	0	0.8064	0	0	0	0	0	0	0	0	0	0	0	0	0	0	0	0	0	0	0	0	0	0	0.8616	0	0	0	0	0.7948	0	-0.9161	0	0	0	0	0	0	0.7618	0	0	0	0	0	0	0	0	0	0	0	0	-0.8153	0	0	0	0	0	0	0	0	0	0	0	0	0	0	0	0	0	-0.7554	0	0	0	0	0	0	0	0	0	0.8273	0.7641	0	0	0	0	0	0	0	0	0	0	0	0	0	0	0	0	0	0	0	0	0	0	0	0	0	0	0	0	0	0	0	0	0	0	0.7975	0	0.7855	0	0	0	0	0	0	0	0	0	0	0	0.8814	0	0	0	0	0	0	0	0	0	0.7813	0
id260	0	-0.8143	0	0	0	0	0	0	0	0	0	0	0	0	0	0	0	0	0	0	0	0	0	0	0	0	0	0	0	0	0	0	-0.7951	0	0	0	0	0	0	0	0	0	0	0	0	0	0	0	-0.8307	0	0	0	0	0	0	-0.7759	0	0	0	0	0	0	0	0	0	0	0	0	0	0	0	0	0	0	0	0.7943	0.8537	0	0	-0.7919	0	-0.8053	0	0.8654	0	0	-0.7924	0	0	0	0	0	0	0	0	0	0	0	0	0	0	0	0	0	0	0	0	0	0	0	0	0.8416	0.7624	0	0	0	0	0	0	0	0	0	0	-0.7831	0	0	0	0	0	0	0	0	0	0	0	0	0.8161	0	0.8619	0.7996	0.8113	0	0	0	0	0	0	0	0	0	0	0	0	0	0	0	0	0	0	0	0	0	0	0	0	0	0	0	0	0
id262	0	0	0	0	0	-0.7762	0	0	0	0	0	0.872	0	0	0	0	0	0	0	0	0	0	0	-0.8157	0	0	0	0	0	-0.7769	0	0	0.8312	0	-0.8248	-0.7784	0	0	0	0	0	0.7583	0.8041	0.874	0	0.8865	0.7293	0.8317	0.8719	0	-0.8634	0.801	0	0	0	0.9329	0	0	0	0.8819	0	0	0	0.8865	0.8539	0.8114	0.8802	0	0.9074	0.8366	0	0	0	0	0.8727	-0.8818	-0.9088	0	0.7889	0.8928	0	0.8373	0	-0.8874	0	-0.7924	0	0	0	0	0	0	0	0	0.8649	0	0	0	0	-0.738	0	0	0	0	0	0	0	0.776	0	0	0	-0.8778	0	0.7775	0.8125	0	0	0	0	0	0	0	0	0	0	0	0	0	0	0	0	0	0	0	0	0	-0.843	0	-0.7705	-0.839	-0.7948	0	0	0	0	0	0	0	0	0	0	0	0	0	-0.8079	0	0	0	0	0	0	0	0	0	0	0	0	0	0	0
id264	0	0	0	0	0	0	0	0	0	0	0	0	0	0	0	0	0	0	0	0	0	0	0	0	0	0	0	0	0	0	0	0	0	0	0	0	0	0	0	0	0	0	0	0	0	0	0	0	0	0	0	0	0	0	0	0	0	0	0	0	0	0	0	0	0	0	0	0	0	0	0	0	0	0	0	0	0	0	0	0	0	0	0	0	0	0	0	0	0	0	0	0	0	0	0	0	0	0	0	0	0	0	0	0	0	0	0	0	0	0	0	0	0	0	0	0	0	0	0	0	0	0	0	0	0	0	0	0.747	0	0	0	0	0	0	0	0	0	0	0	0	0	0	0	0	0	0	0	0	0	0	0	0	0	0	0	0	0	0	0	0	0	0	0	0	0	0	0	0	0	0
id265	0	0	0	0	0	0	0	0	0	0	0	0	0	0	0	0	0	0	0	0	0	0	0	0	0	0	0	0	0	0	0	0	0	0	0	0	0	0	0	0	0	0	0	0	0	0	0	0	0	0	0	0	0	0	0	0	0	0	0	0	0	0	0	0	0	0	0	0	0	0	0	0	0	0	0	0	0	0	0	0	0	0	0	0	0	0	0	0	0	0	0	0	0	0	0	0	0	0	0	0	0.7187	0	0	0	0	0	0	0	0	0	0	0	0	0	0	0	0	0	0	0	0	0	0	0	0	0	0	0	0	0	0	0	0	0	0	0	0	0	0	0	0	0	0	0	0	0	0	0	0	0	0	0	0	0	0	0	0	0	0	0	0	0	0	0	0	0	0	0	0	0
id269	0	0	0	0	0	0	0	0	0	0	0	0	0	0	0	0	0	0	0	0	0	0	0	0	0	0	0	0	0	0	0	0	0	0	0	0	0	0	0	0	0	0	0	0	0	0	0	0	0	0	0	0	0	0	0	0	0	0	0	0	0	0	0	0	0	0	0	0	0	0	0	0	0	0	0	0	0	0	0	0	0	0	0	0	0	0	0	0	0	0	0	0	0	0	0	0	0	0	0	0	0	0	0	0	0	0	0	0	0	0	0	0	0	0	0	0	0	0	0	0	0.7372	0	0	0	0	0	0	0	0	0	0	0	0	0	0	0	0	0	0	0	0	0	0	0	0	0	0	0	0	0	0	0	0	0	0	0	0	0	0	0	0	0	0	0	0	0	0	0	0	0
id27	0	0	0	0	0	0	0	0	0	0	0	0	0	0	0	0	0	0	0	0	0	0	0	0	0	0	0	0	0	0	0	0	0	0	0	0	0	0	0	0	0	0	0	0	0	0	0	0	0	0	0	0	0	0	0	0	0	0	0	0	0	0	0	0	0	0	0	0	0	0	0	0	0	0	0	0	0	0	0	0	0	0	0	0	0	0	0	0	0	0	0	0	0	0	0	0.774	0	0	0	0	0	0	0	0	0	0	0	0	0	0	0	0	0	0	0	0	0	0	0	0	0	0	0	0	0	0	0	0	0	0	0	0	0	0	0	0	0	0	0	0	0	0	0	0	0	0	0	0	0	0	0	0	0	0	0	0	0	0	0	0	0	0	0	0	0	0	0	0	0	0
id272	0	0	0	0	0	0	0	0	0	0	0	0	0	0	0	0	0	0	0	0	0	0	0	0	0	0	0	0	0	0	0	0	0	0	0	0	0	0	0	0	0	0	0	0	0	0	0	0	0	0	0	0	0	0	0	0	0	0	0	0	0	0	0	0	0	0	0	0	0	0	0	0	0	0	0	0	0	0	0	0	0	0	0	0	0	0	0	0	0	0	0	0	0	0	0	0	0	0	0	0	0	0.7404	0	0	0.8657	0	0	0	0	0	0	0	0	0	0	0	0	0	0	0	0	0	0	0	0	0	0	0	0	0	0	0	0	0	0	0	0	0	0	0	0	0	0	0	0	0	0	0	0	0	0	0	0	0	0	0	0	0	0	0	0	0	0	0	0	0	0	0	0	0
id276	0	0	0	0	0	0	0	0	0	0	0	0	0	0	0	0	0	0	0	0	0	0	0	0	0	0	0	0	0	0	0	0	0	0	0	0	0	0	0	0	0	0	0	0	0	0	0	0	0	0	0	0	0	0	0	0	0	0	0	0	-0.7181	0	0	0	0	0	0	0	0	0	0	0	0	0	0	0	0	0	0	0	0	0	0	0	0	0	0	0	0	0	0	0	0	0	0	0	0	0	0	0	0	0	0	0	0	0	0	0	0	0	0	0	0	0	0	0	0	0	0	0	0	0	0	0	0	0	0	0	0	0	0	0	0	0	0	0	0	0	0	0	0	0	0	0	0	0	0	0	0	0	0	0	0	0	0	0	0	0	0	0	0	0	0	0	0	0	0	0	0	0
id277	0	0	0	0	0	-0.75	0	0	0	0	0	0	0	0	0	0	0	0	0	0	0	0	0	0	0	0	0	0	0	0	0	0	0	0	0	0	0	-0.7766	0	0	0.8149	0	0	0.792	0	0.8158	0	0.7428	0	0	0	0	0	0.7801	0	0.7838	0	0	0	0.8254	0	0	0	0.7243	0.7688	0	0.7875	0	0	0.7759	0	0	0.7721	0	0.8225	0	0	0	0	0	0	0	0	0	0	0	0	0	0	0	0	0	0	0	0.7584	0	0	0	0	0	0	0	0	0	0	-0.7628	0	0	0	0	0.7561	0	0	0.713	0.7038	0	0	0	0	0	0	0	0	0	0	0	0	0	0	0	0	0	0	0.7062	0	0	0	0	0	0	0	0	0	0	0	0	0	0	0	0	0	-0.8053	0	0	-0.7631	0	0	0	0	0	0	0	0	0	0	0	0	0	0	0
id278	0	0	0	0	0	-0.8295	0	0	0	0	0	0.8046	0	0	0.8137	0	0	0	0.8002	0	0	0	0	-0.8119	0	0	0	0	0	-0.7892	0	-0.8047	0.8344	0	-0.7785	-0.7589	0	-0.8464	-0.734	0	0.9119	0.812	0.8516	0.847	0	0.9207	0.7892	0.8054	0	0	-0.9059	0.8351	-0.763	0	0	0.9149	0	0	0	0.9245	-0.8276	0	0	0.8578	0.8376	0.8622	0.8719	0	0.8555	0.9241	0	0	0.8398	0	0.9128	-0.8351	-0.8507	0	0.842	0	0	0.8225	0	-0.8204	0	0	0.8649	0	0	0	0	0	0	0.7584	0	0	0	0	0	-0.7349	0	0	0	0	0	0	0	0	0.8626	0	0	-0.8352	0	0.8437	0.8491	0	0	0	0	0	0	0	0	0	0	0	0	0	0	0	0	0	0	0	0	0	0	0	0	0	0	0	0	0	0	0	0	0	0	0.808	0	-0.85	0	-0.8	-0.8537	0	0	0	0	0	0	0	0	0	0	0	0	0	0.7626	0
id279	0	0	0	0	0	0	0	0	0	0	0	0	0	0	0	0	0	0	0	0	0	0	0	0	0	0	0	0	0	0	0	0	0	0	0	0	0	0	0	0	0	0	0	0	0	0	0	0	0	0	0	0	0	0	0	0	0	0	0	0	0	0	0	0	0	0	0	0	0	0	0	0	0	0	0	0	0	0	0	0	0	0	0	0	0	0	0	0	0	0	0.774	0	0	0	0	0	0	0	0	0	0	0	0	0	0	0	0	0	0	0	0	0	0	0	0	0	0	0	0	0	0	0	0	0	0	0	0	0	0	0	0	0	0	0	0	0	0	0	0	0	0	0	0	0	0	0	0	0	0	0	0	0	0	0	0	0	0	0	0	0	0	0	0	0	0	0	0	0	0	0
id282	0	0	0	0	0	0	0	0.7431	0	0	0	0	0	0	0	0	0	0	0	0	0	0	0	0	0	0	0	0	0	0	0	0	0	0	0	0	0	0	0	0	0	0	0	0	0	0	0	0	0	0	0	0	0	0	0	0	0	0	0	0	0	0	0	0	0	0	0	0	0	0	0	0	0	0	0	0	0	0	0	0	0	0	0	0	0	0	0	0	0	0	0	0	0	0	0	0	0	0.7952	0	0	0	0	0	0	0	0	0	0	0	0	0	0	0	0	0	0	0	0	0	0	0	0	0	0	0	0	0	0	0	0	0	0	0	0	0	0	0	0	0	0	0	0	0	0	0	0	0	0	0	0	0	0	0	0	0	0	0	0	0	0	0	0	0	0	0	0	0	0	0	0
id283	0	0	0	0	0	0	0	0	0	0	0	0	0	0	0	0	0	0	0	0	0.8358	0	0	0	0	0	0	0	0	0	0	0	0	0	0	0	0	0	0	0	0	0	-0.7817	0	0	0	-0.8121	0	0	0	0	0	0	-0.8765	0	0	0	0	0	0	0	0	0	0	-0.8414	0	0	0	0	0	0	0	0	0	0	0	0	0	0	0	0	0	0	0	0	0	0	0	0	0	0	0	0	0	0	0	0.7952	0	0.7901	0	0	0	0	0	0	0	0	0	0	0	-0.863	0	0	0	0	0	0	0	0	0	0	0	0	0	0	0	0	0	0	0	0	0	0	-0.8099	0	0	0	0	0	0	0	0	0	0	0	0	0	0	0	0	0	0	0	0	0	0	0	0	0	0	0	0	0	0	0	0	0	0	-0.8023	0
id284	0	0	0	0	0	0	0	0	0	0	0	0	0	0	0	0	0	0	0	0	0	0	0	0	0	0	0	0	0	0	0	0	0	0	0	0	0	0	0	0	0	0	0	0	0	0	0	0	0	0	0	0	0	-0.7952	0	0	0	0	-0.706	0	0	0	0	0	0	0	0	0	0	0	0	0	0	0	0	0	0	0	0	0	0.7957	0	0	0	-0.7554	0	0	0	0	0	0	0	0	0	0	0	0	0.7901	0	0	0	0	0	0	0	0	0.8253	0	0	0	-0.7916	0	0	0	0	0	0	0	0	0	0	0	0	0	0	0	0	0	0	0	0	0	0	0	0	0	0	0	0	0	0	0	-0.8405	0	-0.7747	0	0	0	0	0	0	0	0	0	0	0	0	0	-0.7356	0	0	0	0	0	0	0	0	0	-0.7334	0
id285	-0.7502	0	0	0	0	0.7265	0	0	0	0	0	-0.7992	0	0	-0.7504	0	0	0	0	0	0	0	0	0	0	0	0	0	0	0	0	0.7651	0	0	0	0	0	0.7794	0.7483	0	-0.7687	0	-0.778	0	0	-0.752	0	-0.8721	-0.7611	0.7417	0.7834	0	0.7481	0	0	-0.8028	0	0	0	-0.7922	0	0	0	-0.7662	-0.7554	0	-0.7963	0	-0.742	-0.7609	0	0	0	0	0	0.816	0.7769	0	0	-0.7687	0	0	0	0.763	0	0	-0.738	0	0	0	0	0	0	0	-0.7349	0	0	0	0	0	0	0	0	0	0	0.8056	0	0	0	0	0	0.8265	0	-0.715	-0.7338	0	0	0	0	0	0	0	0	0	0	0	0	0	0	0	0	0	0	0	0	0	0.831	0	0	0.855	0	0	0	0	0	0	0	0	0	0	0	0	0	0	0	0	0	0	0	0	0	0	-0.7754	0	0	0	0	0	0	0
id286	0	0	0	0	0	0	0	0	0	0	0	0	0	0	0	0	0	0	0	0	0	0	0	0	0	0	0	0	0	0	0	0	0	0	0	0	0	0	0	0	0	0	0	0	0	0	0	0	0	0	0	0	0	0	0	0	0	0	0	0	0	0	0	0	0	0	0	0	0	0	0	0	0	0	0	0	0	0	0	0	0	0	0	0	0	0	0	0	0.7187	0	0	0	0	0	0	0	0	0	0	0	0	0	0	0	0	0	0	0	0	0	0	0	0	0	0	0	0	0	0	0	0	0	0	0	0	0	0	0	0	0	0	0	0	0	0	0	0	0	0	0	0	0	0	0	0	0	0	0	0	0	0	0	0	0	0	0	0	0	0	0	0	0	0	0	0	0	0	0	0	0
id287	0	0	0	0	0	0	0	0	0	0	0	0	0	0	0	0	0	0	0	0	0	0	0	0	0	0	0	0	0	0	0	0	0	0	0	0	0	0	0	0	0	0	0	0	0	0	0	0	0	0	0	0	0	0	0	0	0	0	0	0	0	0	0	0	0	0	0	0	0	0	0	0	0	0	0	0	0	0	0	0	0	0	0	0	0	0	0	0	0	0	0	0.7404	0	0	0	0	0	0	0	0	0	0	0	0	0.738	0.7251	0	0	0	0	0	0	0	0	0	0	0	0	0	0	0	0	0	0	0	0	0	0	0	0	0	0	0	0	0	0	0	0	0	0	0	0	0	0	0	0	0	0	0	0	0	0	0	0	0	0	0	0	0	0	0.788	0	0	0	0	0	0	0	0	0
id289	0	0	0	0	0	0	0	0	0	0	0	0	0	0	0	0	0	0	0	0	0	0	0	0	0	0	0	0	0	0	0	0	0	0	0	0	0	0	0	0	0	0	0	0	0	0	0	0	0	0	0	0	0	0	0	0	0	0	0	0	0	0	0	0	0	0	0	0	0	0	0	0	0	0	0	0	0	0	0	0	0	0	0	0	0	0	0	0	0	0	0	0	0	0	0	0	0	0	0	0	0	0	0	0	0	0	0	0	0	0	0	0	0	0	0	0	0	0	0	0.7112	0.7319	0	0	0	0	0	0	0	0	0	0	0	0	0	0	0	0	0	0	0	0	0	0	0	0	0	0	0	0	0	0	0	0	0	0	0	0	0	0	0	0	0	0	0	0	0	0	0	0	0
id29	0	0	0	0	0	0	0	0	0	0	0	0	0	0	0	0	0	0	0	0	0.7622	0	0	0	0	0	0	0	0	0	0	0	0	0	0	0	0	0	0	0	0	0	0	0	0	0	0	0	0	0	0	0	0	0	0	0	0	0	0	0	0	0	0	0	0	0	0	0	0	0	0	0	0	0	0	0	0	0	0	0	0	0	0	0	0	0	0	0	0	0	0	0	0	0	0	0	0	0	0	0	0	0	0	0	0	0	0	0	0	0	0	0	0	0	0	0	0	0	0	0	0	0	0	0	0	0	0	0	0	0	0	0	0	0	0	0	0	0	0	0	0	0	0	0	0	0	0	0	0	0	0	0	0.8362	0	0	0	0	0	0	0	0	0	0	0	0	0	0	0	0	0
id290	0	0	0	0	0	0	0	0	0	0	0	0	0	0	0	0	0	0	0	0	0	0	0	0	0	0	0	0	0	0	0	0	0	0	0	0	0	0	0	0	0	0	0	0	0	0	0	0	0	0	0	0	0	0	0	0	0	0	0	0	0	0	0	0	0	0	0	0	0	0	0	0	0	0	0	0	0	0	0	0	0	0	0	0	0	0	0	0	0	0	0	0.8657	0	0	0	0	0	0	0	0	0	0.738	0	0	0	0	0	0	0	0	0	0	0	0	0	0	0	0	0	0	0	0	0	0	0	0	0	0	0	0	0	0	0	0	0	0	0	0	0	0	0	0	0	0	0	0	0	0	0	0	0	0	0	0	0	0	0	0	0	0	0	0	0	0	0	0	0	0	0	0
id291	0	0	0	0	0	0	0	0	0	0	0	0	0	0	0	0	0	0	0	0	0	0	0	0.7849	0	0	0	0	0	0.7943	0	0	0	0	0	0.7393	0	0.765	0	0	-0.7795	0	-0.7624	-0.8376	0	0	-0.7842	-0.821	0	0	0	0	0	0	0	0	0	0	0	0	0	0	0	0	-0.8251	0	-0.7638	0	0	0	0	0	-0.8313	0	-0.8137	0.8051	0	0	0	0	0	0	0	0	0	0	0	0	0	0	0	0	0	-0.7628	0	0	0	0	0	0.8056	0	0.7251	0	0	0	0	0	0	0	0	0	0	0	0	0	0	0	0	0	0	0	0	0	0	0	0	0	-0.8265	0	0	0	0	0	0	0	0	0	0	0	0	0	0	0	0	0	0	0	0	0	0	0	0.8303	0	0	0	0	0	0	0	0	0.8565	0	0	0	0	0	0	0	0	0
id293	0	0	0	0	0	0	0	0	0	0	0	0	0	0	0	0	0	0	0	0	0	0	0	0	0	0	0	0	0	0	0	0	0	0	0	0	0	0	0	0	0	0	0	0	0	0	0	0	0	0	0	0	0	0	0	0	0	0	0	0	0	0	0	0	0	0	0	0	0	0	0	0	0	0	0	0	0	0	0	0	0.8631	0	0	0	0	0	0	0	0	0	0	0	0	0	0	0	0	0	0.8253	0	0	0	0	0	0	0	0	0	0	0	0	0	0	0	0	0	0	0	0	0	0	0	0	0	-0.769	0	0	0	0	-0.7884	-0.7948	0	0	0	0	0	0	0	0	0	0	0	-0.9018	0	0	0	0	0	0	0	0	0	0	0	0	0	0	0	0	0	0	0	0	0	0	0	0	0	0	0
id294	0	0	0	0	0	0	0	0	0	0	0	0.8669	0	0	0	0	0	0	0.8331	0	0	0	0	0	0	0	0	0	0	0	0	0	0.8115	0	0	0	0	0	0	0	0.8693	0	0.7885	0	0	0.8	0	0.8893	0.8783	0	-0.849	0	0	0	0	0	0	-0.8467	0	0.7743	0	0	0	0.8558	0	0	0.874	0	0.8396	0.8739	0.8225	0	0	0	0.8543	0	-0.8108	0	0.809	0	0	0.7962	0	0	0	0	0.776	0	0	0	0	0	0	0	0	0	0	0	0	0	0	0	0	0	0	0	0	0	0	0	0	-0.8456	0	0	0.7752	0	0	0	0	0	0	0	0	0	0	0	0	0	0	0	0	0	0	0	0	0	-0.8003	0	0	-0.7971	0	0	0	0	0	0	0	0	0	0	0	0	0	0	0	0	0	0	0	0	0	0	0	0	0	0	0	0	0	0
id295	0	0	0	0	0	-0.8371	0	0	0	0	0	0	0	0	0	0	0	0	0	0	-0.8557	0	0	-0.8588	0	0	0	0	0	-0.7857	0	0	0	0	-0.7956	-0.7947	0	-0.8274	0	0	0.912	0.7981	0.8178	0.8542	0	0.91	0.8357	0	0	0	-0.8608	0.8546	0	0.9055	0	0.8517	0	0	0	0.9064	-0.8712	0	0	0	0.8852	0.8672	0	0.7212	0.8167	0.8679	0	0	0.9045	0	0.9027	0	0	0	0.7247	0	0	0	0	0	0.8273	0	0	0	0	0	0	0	0	0	0.8626	0	0	0	0	0	0	0	0	0	0	0	0	0	0	0.7671	0.8505	-0.7787	0	0	0.7905	0	0	0	0	0	0	0	0	0	0	0	0	0	0	0	0	0	0	0	0	0	0	0	0	0	0	0	0	0	0	0	0	0	0	0	0	-0.9308	0	-0.8066	-0.8498	-0.8317	0	0	0	0	0	0	0	0	0	0	0	0	0.8512	0
id296	0	0	0	0	0	0	0	0	0	0	0	0	0	0	0	0	0	0	0	0	0	0	0	0	0	0	0	0	0	0	0	0	0	0	0	0	0	0	0	0	0	0	0	0	0	0	0	0	0	0	0	0	0	0.7641	0	0	0	0	0	0	-0.7604	0	0	0	0	0	0	0	0	0	0	0	0	0	0	0	0	0	0	0	-0.7898	0	0	0	0.7641	0	0	0	0	0	0	0	0	0	0	0	0	0	0	0	0	0	0	0	0	0	0	0	0.7671	0	0	0	0	0	0	0	0	0	0	0	0	0	0	0	0	0	0	0	0	0	0	0	0	0	0	0	0	0	0	0	0	0	0	0	0	0	0	0	0	0	0	0	0	0	0	0	0	0	0	0	0	0	0	0	0	0	0	0	0.7409	0
id299	0	0	0	0	0	-0.8109	0	0	0	0	0	0	0	0	0	0	0	0	0	0	0	0	0	0	0	0	0	0	0	0	0	-0.776	0	0	0	0	0	0	0	0	0.8361	0	0.8643	0.8171	0	0	0.8405	0	0	0	0	0	0	0.9245	0	0	0	0	0	0.8447	0	0	0	0	0.8877	0	0	0	0	0.8328	0	0	0	0	0.8722	0	0	0	0	0	0	0	0	0	0	0	0	0	0	0	0	0	0	0.7561	0	0	0	-0.863	-0.7916	0	0	0	0	0	0	0	0	0	0.8505	0	0	0	0	0	0	0	0	0	0	0	0	0	0	0	0	0	0	0	0	0	0	0	0	0.9012	0	0	0	0	0	0	0	0	0	0	0	0	0	0	0	0	0	-0.8015	0	0	-0.8349	-0.8938	0	0	0	0	0	0	0	0	0	0	0	0	0.8863	0
id304	0	-0.8048	0	0	0	0.8215	0	0	0	0	0	-0.9112	0	0	0	0	0	0	-0.886	0	0	0	0	0	0	0	0	0	0	0	0	0.7912	-0.8509	0	0.7658	0.7662	0	0.8494	0.8328	0	-0.8909	0	-0.8076	-0.8385	0	-0.8866	0	-0.8941	-0.9349	0	0.9312	-0.8336	0.7924	0	0	-0.9096	0	0	0	-0.8882	0	0	0	-0.9055	-0.8565	-0.8355	-0.8746	0	-0.9019	-0.8807	0	0	-0.8689	0	-0.9047	0.9698	0.959	0	-0.8185	-0.8455	0	-0.8618	0	0.9576	0	0.8416	-0.8778	0	0	0	0	0	0	0	-0.8352	0	0	0	0	0.8265	0	0	0	0	0	0	0	-0.8456	-0.7787	0	0	0	0.8696	-0.7658	-0.8816	0	0	0	0	0	0	0	0	0	0	0	0	0	0	0	0	0	0	0	0	0	0.9159	0.8362	0.7967	0.9109	0.8612	0	0	0	0	0	0	0	0	0	0	0	0	0.8168	0.8635	0.8	0	0	0	0	0	0	-0.7966	0	0	0	0	0	0	0
id306	0	0	0	0	0	0	0	0	0	0	0	-0.8168	0	0	0	0	0	0	0	0	0	0	0	0	0	0	0	0	0	0	0	0	0	0	0	0	0	0	0	0	0	0	0	0	0	0	0	0	-0.8984	0	0	0	0	0	0	0	0	0	0	0	0	0	0	0	0	0	0	0	-0.8005	0	0	0	0	0	0	0.8488	0.8328	0	0	-0.8007	0	-0.7773	0.7605	0.8249	0	0.7624	0	0	0	0	0	0	0	0	0	0	0	0	0	0	0	0	0	0	0	0	0	0	0	0	0	0.8696	0	0	0	0	0	0	0	0	0	0	0	0	0	0	0	0	0	0	0	0	0	0	0	0	0	0.8141	0.787	0.8247	0.7671	0	0	0	0	0	0	0	0	0	0	0	0	0	0	0	0	0	0	0	0	0	0	0	0	0	0	0	0	0
id307	0	0	0	0	0	0	0	0	0	0	0	0.7892	0	0	0.7788	0	0	0	0	0	0	0	0	-0.7861	0	0	0	0	0	-0.7879	0	0	0	0	-0.7751	0	0	-0.7976	0	0	0	0.816	0	0	0	0	0	0	0	0	-0.8485	0.8207	0	0	0	0.8839	0	0	0	0.8078	0	0	0	0	0	0	0.7992	0	0	0	0	0	0	0	0	-0.8288	0	0	0.7496	0	0	0	0	0	0	0	0.7775	0	0	0	0	0	0	0.713	0.8437	0	0	0	0	-0.715	0	0	0	0	0	0	0	0	0	0	0	-0.7658	0	0	0.8542	0	0	0	0	0	0	0	0	0	0	0	0	0	0	0	0	0	0.7831	0	0	0	0	0	0	0	0	0	0	0	0	0	0	0	0	0.7831	0	0	0	-0.795	-0.7441	0	0	0	0	0	0	0	0.7897	0	0	0	0	0	0	0
id308	0	0	0	0	0	-0.7723	0	0	0	0	0	0.8179	0	0	0	0	0	0	0.9142	0	0	0	0	0	0	0	0	0	0	0	0	0	0	0	0	0	0	-0.8614	-0.8437	0	0.8876	0	0	0	0	0.8504	0	0.799	0.8803	0	-0.9021	0.8846	0	0	0	0.8903	0	0	0	0.8584	0	0	0	0.8787	0	0.8453	0.8224	0	0.8648	0.8484	0	0	0.7993	0	0.8512	-0.8704	-0.8695	0	0.7741	0	0	0.8412	0	-0.8928	0	0	0.8125	0	0	0	0	0	0	0.7038	0.8491	0	0	0	0	-0.7338	0	0	0	0	0	0	0	0.7752	0.7905	0	0	-0.8816	0	0.8542	0	0	0	0	0	0	0	0	0	0	0	0	0	0	0	0	0	0	0	0	0	0	-0.7879	0	0	-0.7666	0	0	0	0	0	0	0	0	0	0	0	-0.7948	0	0	-0.8006	0	0	0	0	0	0	0	0.8011	0	0	0	0	0	0	0
id309	0	0	0	0	0	0	0	0	0	0	0	0	0	0	0	0	0	0	0	0	0	0	0	0	0	0	0	0	0	0	0.7117	0	0	0	0	0	0	0	0	0	0	0	0	0	0	0	0	0	0	0	0	0	0	0	0	0	0	0	0	0	0	0	0	0	0	0	0	0	0	0	0	0	0	0	0	0	0	0	0	0	0	0	0	0	0	0	0	0	0	0	0	0	0	0	0	0	0	0	0	0	0	0	0	0	0	0	0	0	0	0	0	0	0	0	0	0	-0.7135	0	0	0	0	0	0	0	0	0	0	0	0	0	0	0	0	0	0	0	0	0	0	0	0	0	0	0	0	0	0	0	0	0	0	0	0	0	0	0	0	0	0	0	0	0	0	0	0	0	0	0	0	0
id31	0	0	0	0	0	0	0	0	0	0	0	0	0	0	0	0	0	0	0	0	0	0	0	0	0	0	0	0	0	0	0	0	0	0	0	0	0	0	0	0	0	0	0	0	0	0	0	0	0	0	0	0	0	0	0	0	0	0	0	0	0	0	0	0	0	0	0	0	0	0	0	0	0	0	0	0	0	0	0	0	0	0	0	0	0	0	0	0	0	0	0	0	0	0	0	0	0	0	0	0	0	0	0	0	0	0	0	0	0	0	0	0	0	0	0	-0.7135	0	0	0	0	0	0	0	0	0	0	0	0	0	0	0	0	0	0	0	0	0	0	0	0	0	0	0	0	0	0	0	0	0	0	0	0	0	0	0	0	0	0	0	0	0	0	0	0	0	0	0	0	0	0
id322	0	0	0	0	0	0	0	0	0	0	0	0	0	0	0	0	0	0	0	0	0	0	0	0	0	0	0	0	0	0	0	0	0	0	0	0	0	0	0	0	0	0	0	0	0.7806	0	0	0	0	0	0	0	0	0	0	0	0	0	0	0	0	0	0	0	0	0	0	0	0	0	0	0	0	0	0	0	0	0	0	0	0	0	0	0	0	0	0	0	0	0	0	0	0	0	0	0	0	0	0	0	0	0	0	0	0	0	0	0	0	0	0	0	0	0	0	0	0	0	0	0	0	0	0	0	0	0	0	0	0.7849	0	0	0	0	0	0	0	0	0	0	0	0	0.8059	0	0	0	0	0	0	0	0	0	0	0	0	0	0	0	0	0	0	0	0	0	0	0	0	0	0	0	0
id323	0	0	0	0	0	0	0	0	0	0	0	0	0	0	0	0	0	0	0	0	0	0	0	0	0	0	0	0	0	0	0	0	0	0	0	0	0	0	0	0	0	0	0	0	0	0	0	0	0	0	0	0	0	0	0	0	0	0	0	0	0	0	0	0	0	0	0	0	0	0	0	0	0	0	0	0	0	0	0	0	0	0	0	0	0	0	0	0	0	0	0	0	0	0	0	0	0	0	0	0	0	0	0	0	0	0	0	0	0	0	0	0	0	0	0	0	0	0	0	0	0	0	0	0	0	0	0	0.8246	0	0	0	0	0	0	0	0	0	0	0	0	0	0	0	0	0	0	0	-0.8719	-0.7497	0	0	0	0	0	0	0	0	0	0	0	-0.8082	0	0	0	0	0	0	0	0	0
id328	0	0	0	0	0	0	0	0	0	0	0	0	0	0	0	0	0	0	0	0	0	0	0	0	0	0	0	0	0	0	0	0	0	0	0	0	0	0	0	0	0	0	0	0	0	0	0	0	0	0	0	0	0	0	0	0	0	0	0	0	0	0	0	0	0	0	0	0	0	0	0	0	0	0	0	0	0	0	0	0	0	0	0	0	0	0	0	0	0	0	0	0	0	0	0	0	0	0	0	0	0	0	0.7112	0	0	0	0	0	0	0	0	0	0	0	0	0	0	0	0	0	0.8334	0.8348	0	-0.9097	0	0	0	0	0	0	0	0	0	0	0	-0.7501	0	0	0.8136	0	0.8272	0.8381	0	0	0	0	0	0	0	0	0	0	0	0	0	0	0	0	0	0	0	0	0	0	0	0	0	0	0	0
id330	0	0	0	0	0	0	0	0	0	0	0	0	0	0	0	0	0	0	0	0	0	0	0	0	0	0	0	0	0	0	0	0	0	0	0	0	0	0	0	0	0	0	0	0	0	0	0	0	0	0	0	0	0	0	0	0	0	0	0	0	0	0	0	0	0	0	0	0	0	0	0	0	0	0	0	0	0	0	0	0	0	0	0	0	0	0	0	0	0	0.7372	0	0	0	0	0	0	0	0	0	0	0	0	0.7319	0	0	0	0	0	0	0	0	0	0	0	0	0	0	0	0	0.8334	0	0	0	-0.7865	0	0	0	0	0	0	0	0	0	0	0	0	0	0	0	0	0	0	0	0	0	0	0	0	0	0	0	0	0	0	0	0	0	0	0	0	0	0	0	0	0	0	0	0	0	0
id331	0	0	0	0	0	0	0	0	0	0	0	0	0	0	0	0	0	0	0	0	0	0	0	0	0	0	0	0	0	0	0	0	0	0	0	0	0	0	0	0	0	0	0	0	0	0	0	0	0	0	0	0	0	0	0	0	0	0	0	0	0	0	0	0	0	0	0	0	0	0	0	0	0	0	0	0	0	0	0	0	0	0	0	0	0	0	0	0	0	0	0	0	0	0	0	0	0	0	0	0	0	0	0	0	0	0	0	0	0	0	0	0	0	0	0	0	0	0	0	0.8348	0	0	0	0	0	0	0	0	0	0	0	0	0	0	0	0	0	0	0	0	0	0.8159	0	0	0	0	0	0	0	0	0	0	0	0	0	0	0	0	0	0	0	0	0	0	0	0	0	0	0	0
id333	0	0	0	0	0	0	0	0	0	0	0	0	0	0	0	0	0	0	0	0	0	0	0	0	0	0	0	0	0	0	0	0	0	0	0	0	0	0	0	0	0	0	0	0	0	0	0	0	0	0	0	0	0	0	0	0	0	0	0	0	0	0	0	0	0	0	0	0	0	0	0	0	0	0	0	0	0	0	0	0	0.8781	0	0	0	0	0	0	0	0	0	0	0	0	0	0	0	0	0	0	0	0	0	0	0	0	0	0	0	0	0	0	0	0	0	0	0	0	0	0	0	0	0	0	0	0	0	0	0	0	0	0	0	0	0	0	0	0	0	0	0	0	0	0	0	0	0	0	0	0	0	0	0	0	0	0	0	0	0	0	0	0	0	0	0	0	0	0	0	0	0
id335	0	0	0	0	0	0	0	0	0	0	0	0	0	0	0	0	0	0	0	0	0	0	0	0	0	0	0	0	0	0	0	0	0	0	0	0	0	0	0	0	0	0	0	0	0	0	0	0	0	0	0	0	0	0	0	0	0	0	0	0	0	0	0	0	0	0	0	0	0	0	0.8221	0	0	0	0	0	0	0	0	0	0	0	0	0	0	-0.7831	0	0	0	0	0	0	0	0	0	0	0	0	0	0	0	0	0	0	0	0	0	0	0	0	0	0	0	0	0	0	0	0	0	-0.9097	-0.7865	0	0	0	0	0	0	0	0	0	0	0	0	0	0	0.7813	0	0	-0.8924	0	-0.9137	-0.8727	0	0	0	0	0	0	0	0	0	0	0	0	0	0	-0.7942	0	0	0	0	0	0	0	0	0	0	0	0	0
id341	0	0	0	0	0	0	0	0	0	0	0	0	0	0	0	0	0	0	0	0	0	0	0	0	0	0	0	0	0	0	0	0	0	0	0	0	0	0	0	0	0	0	0	0	0	0	0	0	0	0	0	0	0	0	0	0	0	0	0	0	0	0	0	0	0	0	0	0	0	0	0	0	0	0	0	0	0	0	0	0	0	0	0	0	0	0	0	0	0	0	0	0	0	0	0	0	0	0	0	0	0	0	0	0	0	0	-0.769	0	0	0	0	0	0	0	0	0	0	0	0	0	0	0	0	0	0	0	0	0	0	0	0	0	0	0	0	0	0	0	0	0	0	0	0.7444	0	0	0	0	0	0	0	0	0	0	0	0	0	0	0	0	0	0	0	0	0	0	0	0	0	0	0
id348	0	0	0	0	0	0	0	0	0	0	0	0	0	0	0	0	0	0	0	0	0	0	0	0	0	0	0	0	0	0	0	0	0	0	0	0	0	0	0	0	0	0	0	0	0	0	0	0	0	0	0	0	0	0	0	0	0	0	0	0	0	0	0	0	0	0	0	0	0	0	0	0	0	0	0	0	0	0	0	0	0	0	0	0	0	0	0	0	0	0	0	0	0	0	0	0	0	0	0	0	0	0	0	0	0	0	0	0	0	0	0	0	0	0	0	0	0	0	0	0	0	0	0	0	0	0	0	0	0	0	0	0	0.7498	0	0	0	0	-0.8568	0	0	0	0	0	0	0	0	0	0	0	0	0	0	0	0	0	0	0	0	0	0	0	0	0	0	0	0	0	0	0	0
id351	0	0	0	0	0	0	0	0	0	0	0	0	0	0	0	0	0	0	0	0	0	0	0	0	0	0	0	0	0	0	0	0	0	0	0	0	0	0	0	0	0	0	0	0	0	0	0	0	-0.7307	0	0	0	0	0	0	0	0	0	0	0	0	0	0	0	0	0	0	0	0	0	0	0	0	0	0	0	0	0	0	0	0	-0.7041	0	0.7392	0	0	0	0	0	0	0	0	0	0	0	0	0	0	0	0	0	0	0	0	0	0	0	0	0	0	0	0	0	0	0	0	0	0	0	0	0	0	0	0	0	0	0	0	0	0	0	0	0	0	0	0	0	0	0	0	0	0	0	0	0	0	0	0	0	0	0	0	0	0	0	0	0	0	0	0	0	0	0	0	0	0	0	0	0	0
id354	0	0	0	0	0	0	0	0	0	0	0	0	0	0	0	0	0	0	0	0	0	0	0	0	0	0	0	0	0	0	0	0	0	0	0	0	0	0	0	0	0	0	0	0	0	0	0	0	0	0	0	0	0	0	0	0	0	0	0	0	0	0	0	0	0	0	0	0	0	0	0	0	0	0	0	0	0	0	0	0	0	0	0	0	0	0	0	0.747	0	0	0	0	0	0	0	0	0	0	0	0	0	0	0	0	0	-0.8265	0	0	0	0	0	0	0	0	0	0	0	0	0.8246	0	0	0	0	0	0	0	0	0	0	0	0	0	0	0.8038	0	0	0	0	0	0	0	0	0	0	0	0	0	0	0	0	0	0	0	0	0	0	0	0	0	0	-0.8988	0	0	0	0	0	0	0	0	0
id355	0	0	0	0	0	0	0	0	0	0	0	0	0	0	0	0	0	0	0	0	0	0	0	0	0	0	0	0	0	0	0	0	0	0	0	0	0	0	0	0	0	0	0	0	0	0	0	0	0	0	0	0	0	0	0	0	0	0	0	0	0	0	0	0	0	0	0	0	0	0	0	0	0	0	0	0	0	0	0	0	0	0	0	0	0	0	0	0	0	0	0	0	0	0	0	0	0	0	0	0	0	0	0	0	0	0	0	0	0	0	0	0	0	0	0	0	0	0.7849	0	0	0	0	0	0	0	0	0	0	0	0	0	0	0	0	0	0	0	0	0	0	0	0.8081	0	0	0	0	0	0	0	0	0	0	0	0	0	0	0	0	0	0	0	0	0	0	0	0	0	0	0	0
id359	0	0	0	0	0	0	0	0	0	0	0	0	0	0	0	0	0	0	0	0	0	0	0	0	0	0	0	0	0	0	0	0	0	0	0	0	0	0	0	0	0	0	0	0	0	0	0	0	0	0	0	0	0	0	0	0	0	0	0	0	0	0	0	0	0	0	0	0	0	0	0	0	0	0	0	0	0	0	0	0	0	0	0	0	0	0	0	0	0	0	0	0	0	0	0	0	0	0	0	0	0	0	0	0	0	0	-0.7884	0	0	0	0	0	0	0	0	0	0	0	0	0	0	0	0	0	0	0	0	0	0	0	0	0	0	0	0	0	0	0	0	0	0	0	0	0	0	0	0	0	0	0	0	0	0	0	0	0	0	0	0	0	0	0	0	0	0	0	0	0	0	0
id360	0	0	0	0	0	0	0	0	0	0	0	0	0	0	0	0	0	0	0	0	0	0	0	0	0	0	0	0	0	0	0	0	0	0	0	0	0	0	0	0	0	0	0	0	0	0	0	0	0	0	0	0	0	0	0	0	0	0	0	0	0	0	0	0	0	0	0	0	0	0	0	0	0	0	0	0	0	0	0	0	0	0	0	0	0	0	0	0	0	0	0	0	0	0	0	0	0	0	0	0	0	0	0	0	0	0	-0.7948	0	0	0	0	0	0	0	0	0	0	0	0	0	0	0	0	0	0	0	0	0	0	0	0	0	0	0	0	0	0	0	0	0	0	0	0.7604	0	0	0	0	0	0	0	0	0	0	0	0	0	0	0	0	0	0	0	0	0	0	0	0	0	0	0
id37	0	0	0	0	0	0.7521	0	0	0	0	0	0	0	0	0	0	0	0	0	0	0	0	0	0	0	0	0	0	0	0	0	0.7942	-0.8992	0	0	0	0	0	0	0	0	0	0	0	0	0	0	0	0	0	0.8027	0	0.791	0	0	0	0	0.8266	0	0	0.8151	0	0	-0.7995	0	-0.8419	0	0	0	0	0	0	0	0	0	0	0	-0.8372	0	0	0	0	0	0.7872	0	0	0	0	0	0	0	0	0	0	0	0	0	0	0	0	0	0	0	0	0	0	0	0	0	0	0	0	0	0	0	0	0	0	0	0	0	0	0	0	0	0	0	0	0	0	0	0	0	0	0	0	0	0	0	0	0	0	0	0	0	0	0	0	0	0	0	0	0	0	0.8089	0	0	0	0	0	0	0	0	0	0	0	0	0	0	0
id38	0	0	0	0	0	0	0	0	0	0	0	0	0	0	0	0	0	0	0	0	0	0	0	0	0	0	0	0	0	0	0	0	0	0	0	0	0	0	0	0	0	0	0	0	0	0	0	0	0	0	0	0	0	0	0	0	0	0	0	0	0	0	0	0	0	0	0	0	0	0	0	0	0	0	0	-0.8195	0	0	0	0	0	0	0	0	0	0	0	0	0	0	0	0	0	0	0	0	0	0	0	0	0	0	0	0	0	0	0	0	0	0	0	0	0	0.7831	0	0	0	0	0	0	0	0	0	0	0	0.7498	0	0	0	0	0	0	0	0	0	0	0	-0.8506	0	0	0	0	0	0	0	0	0	0	0	0	0	0	0	0	0	0	0	0	0	0	0	0	0.8258	0	0	0	0	0	0	0
id381	0	0	0	0	0	-0.7222	0	0	0	0	0	0	0	0	0	0	0	0	0	0	0	0	0	0	0	0	0	0	0	0	0	0	0	0	0	0	0	0	0	0	0	0	0.7622	0	0	0	0.7566	0	0	0	0	0	0	0.8434	0	0	0	0	0	0	0	0	0	0	0.7776	0	0	0	0	0	0	0	0	0	0.7962	0	0	0	0	0	0	0	0	0	0	0	0	0	0	0	0	0	0	0.7062	0	0	0	-0.8099	0	0	0	0	0	0	0	0	0	0	0	0	0.9012	0	0	0	0	0	0	0	0	0	0	0	0	0	0	0	0	0.8038	0	0	0	0	0	0	0	0	0	0	0	0	0	0	0	0	0	0	0	0	0	0	0	-0.7517	0	0	0	0	0	0	0	0	0	0	0	0	0	0	0	0	0.767	0
id387	0	0	0	0	0	0	0	0	0	0	0	0	0	0	0	0	0	0	0	0	0	0	0	0	0	0	0	0	0	0	0	0	0	0	0	0	0	0	0	0	0	0	0	0	0	0	0	0	0	0	0	0	0	0	0	0	0	0	0	0	0	0	0	0	0	0	0	0	0	0	0	0	0	0	0	0	0	0	0	0	0	0	0	0	0	0	0	0	0	0	0	0	0	0	0	0	0	0	0	0	0	0	0	0	0	0	0	0	0	0	0	0	0	0	0	0	0	0	0	0	0	0	0	0	0	0	0	0	0	0	0	0	0	0	0	0	0	0	0	0	0	0	0	0	0	0	0	0	0	0	0	0	0	0	0	0	0	0	0	0	0	-0.7239	0	0	0	0	0	0	0	0
id389	0	0	0	0	0	0	0	0	0	0	0	0	0	0	0	0	0	0	0	0	0	0	0	0	0	0	0	0	0	0	0	0	0	0	0	0	0	0	0	0	0	0	0	0	0	0	0	0	0.7598	0	0	0	0	0	0	0	0	0	0	0	0	0	0	0	0	0	0	0	0	0	0	0	0	0	0	0	0	0	0	0	0	0	0	-0.7107	0	0	0	0	0	0	0	0	0	0	0	0	0	0	0	0	0	0	0	0	0	0	0	0	0	0	0	0	0	0	0	0	0	0	0	-0.7501	0	0	0	0.7813	0	0	0	0	0	0	0	0	0	0	0	0	0	0	-0.7433	0	-0.7619	0	0	0	0	0	0	0	0	0	0	0	0	0	0	0	0	0	0	0	0	0	0	0	0	0	0	0	0	0
id394	0	0	0	0	0	0	0	0	0	0	0	-0.9117	0	0	0	0	0	0	0	0	0	0	0	0	0	0	0	0	0	0	0	0.8209	-0.8544	0	0	0	0	0	0	0	0	0	0	0	0	0	0	-0.911	-0.9045	0.7244	0.8527	0	0.7943	0	0	-0.8468	0	0	0	-0.8311	0	0	0	-0.8571	0	0	-0.857	0	-0.8178	0	-0.8393	0	0	0	0	0.9129	0.9078	0	-0.7879	-0.8814	0	-0.8345	0	0.9015	0	0.8161	-0.843	0	0	0	0	0	0	0	0	0	0	0	0	0.831	0	0	0	0	0	0	0	-0.8003	0	0	0	0.9159	0	0	-0.7879	0	0	0	0	0	0	0	0	0	0	0	0	0	0	0	0	0	0	0	0	0	0	0.8799	0.8958	0.9881	0.94	0	0	0	0	0.8166	0	0	0	0	0	0	0	0	0.8058	0	0	0	0	0	0	0	-0.819	0	0	0	0	0	0	0
id395	0	0	0	0	0	0	0	0	0	0	0	-0.8966	0	0	0	0	0	0	0	0	0	0	0	0	0	0	0	0	0	0	0	0	0	0	0	0	0	0	0	0	0	0	0	0	0	0	0	-0.8346	-0.8967	0	0	0	0	0	0	0	0	0	0	0	0	0	0	0	0	0	0	0	0	0	-0.8224	0	0	0	0	0.867	0.8267	0	0	-0.8761	0	0	0.8262	0	0	0	0	0	0	0	0	0	0	0	0	0	0	0	0	0	0	0	0	0	0	0	0	0	0	0	0	0.8362	0.8141	0	0	0	0	0	0	0	0	0	0	0	0	-0.8568	0	0	0	0	0	0	-0.8506	0	0	0	0.8799	0	0.8382	0.9103	0	0	0	0	0	0	0	0	0	0	0	0	0	0	0	0	0	0	0	0	0	0	0	0	0	0	0	0	0	0
id396	0	0	0	0	0	0	0	0	0	0	0	-0.812	0	0	0	0	0	0	0	0	0	0	0	0	0	0	0	0	0	0	0	0	-0.769	0	0	0	0	0	0	0	0	0	0	0	0	0	0	0	-0.8398	0	0	0	0	0	0	0	0	0	0	0	0	0	0	0	0	0	0	0	0	0	-0.8119	0	0	0	0	0	0.8116	0	0	-0.8241	0	-0.7626	0	0.8233	0	0.8619	-0.7705	0	0	0	0	0	0	0	0	0	0	0	0	0	0	0	0	0	0	0	0	0	0	0	0	0.7967	0.787	0	0	0	0	0	0	0.8136	0	0	0	-0.8924	0	0	0	0	0	0	0	0	0	0	0	-0.7433	0.8958	0.8382	0	0.8778	0.9057	0	0	0	0	0	0	0	0	0	0	0	0	0	0	0	0	0	0	0	0	0	0	0	0	0	0	0	0	0
id397	0	0	0	0	0	0	0	0	0	0	0	-0.9159	0	0	0	0	0	0	0	0	0	0	0	0	0	0	0	0	0	0	0	0.7691	-0.7969	0	0	0	0	0	0	0	0	0	0	0	0	0	0	-0.9355	-0.8956	0.761	0.8285	0	0	0	0	-0.84	0	0	0	0	0	0	0	-0.8287	0	0	-0.8504	0	-0.8191	0	-0.8395	0	0	0	-0.8183	0.921	0.8925	0	-0.7784	-0.8971	0	-0.8144	0	0.8714	0	0.7996	-0.839	0	0	0	0	0	0	0	0	0	0	0	0	0.855	0	0	0	0	0	0	0	-0.7971	0	0	0	0.9109	0.8247	0	-0.7666	0	0	0	0	0	0	0	0	0	0	0	0	0	0	0	0	0	0	0	0	0	0.9881	0.9103	0.8778	0	0.9264	0	0	0	0	0.8231	0	0	0	0	0	0	0	0	0	0	0	0	0	0	0	0	0	0	0	0	0	0	0	0
id398	0	0	0	0	0	0	0	0	0	0	0	0	0	0	0	0	0	0	0	0	0	0	0	0	0	0	0	0	0	0	0	0	0	0	0	0	0	0	0	0	0	0	0	0	0	0	0	-0.8563	-0.9077	0	0	0	0	0	0	0	0	0	0	0	0	0	0	-0.8419	0	0	-0.7906	0	-0.7912	0	-0.8552	0	0	0	0	0.805	0	0	-0.7472	-0.8485	0	-0.8214	0	0.8819	0	0.8113	-0.7948	0	0	0	0	0	0	0	0	0	0	0	0	0	0	0	0	0	0	0	0	0	0	0	0	0.8612	0.7671	0	0	0	0	0	0	0.8272	0	0	0	-0.9137	0	0	0	0	0	0	0	0	0	0	0	-0.7619	0.94	0	0.9057	0.9264	0	0	0	0	0	0.7663	0	0	0	0	0	0	0	0	0	0	0	0	0	0	0	0	0	0	0	0	0	0	0	0
id399	0	0	0	0	0	0	0	0	0	0	0	0	0	0	0	0	0	0	0	0	0	0	0	0	0	0	0	0	0	0	0	0	0	0	0	0	0	0	0	0	0	0	0	0	0	0	0	0	0	0	0	0	0	0	0	0	0	0	0	0	0	0	0	0	0	0	0	0	0	0	0	0	0	0	0	0	0	0	0	0	0	0	0	0	0	0	0	0	0	0	0	0	0	0	0	0	0	0	0	0	0	0	0	0	0	0	0	0	0	0	0	0	0	0	0	0	0	0.8059	0	0.8381	0	0.8159	0	-0.8727	0	0	0	0	0.8081	0	0	0	0	0	0	0	0	0	0	0	0	0	0	0	0	0	0	0	0	0	0	0	0	0	0	0	0	0	0	0	0	0	0	0	0	0	0	0	0	0
id401	0	0	0	0	0	0	0	0	0	0	0	0	0	0	0	0	0	0	0	0	0	0	0	0	0	0	0	0	0	0	0	0	0	0	0	0	0	0	0	0	0	0	0	0	0	0	0	0	0	0	0	0	0	0	0	0	0	0	0.7559	0	0	0	0	0	0	0	0	0	0	0	0	0	0	0	0	0	0	0	0	0	-0.9403	0	0	0	0	0	0	0	0	0	0	0	0	0	0	0	0	0	-0.8405	0	0	0	0	0	0	0	-0.9018	0	0	0	0	0	0	0	0	0	0	0	0	0	0	0	0	0	0.7444	0	0	0	0	0	0.7604	0	0	0	0	0	0	0	0	0	0	0	0	0	0	0	0	0	0	0	0	0	0	0	0	0	0	0	0	0	0	0	0	0	0	0	0	0	0	0
id406	0	0	0	0	0	0	0	0	0	0	0	0	0	0	0	0	0	0	0	0	0	0	0	0	0	0	0	0	0.7845	0	0	0	0	0	0	0	0	0	0	0	0	0	0	0	0	0	0	0	0	0	0	0	0	0	0	0	0	0	0	0	0	0	0	0	0	0	0	0	0	0	0	0	0	0	0	0	0	0	0	0	0	0	0	0	0	0	0	0	0	0	0	0	0	0	0	0	0	0	0	0	0	0	0	0	0	0	0	0	0	0	0	0	0	0	0	0	0	0	0	0	0	0	0	0	0	0	0	0	0	0	0	0	0	0	0	0	0	0	0	0	0	0	0	0	0	0	0	0	0	0	0	0	0	0	0	0	0	0	0	0	0	0	0	0	0	0	0	0	0	0
id407	0	0.8557	0	0	0	0	0	0	0	0	0	0	0	0	0	0	0	0	0	0	0	0	0	0	0	0	0	0	0	0	0	0	0	0	0	0	0	0	0	0	0	0	0	0	0	0	0	0	0	0	0	0	0	0	0	0	0	0	0	0	0	0	-0.7963	0	0	0.7994	0	0	0	0	0	0	0	0	0	0	0	0.8016	0	0	0	0	0	0	0.7975	0	0	0	0	0	0	0	0	0	0	0	0	0	-0.7747	0	0	0	0	0	0	0	0	0	0	0	0	0	0	0	0	0	0	0	0	0	0	0	0	0	0	0	0	0	0	0	0	0	0	0	0	0	0	0	0	0	0	0	0	0	0	0	0	0	0	0	0	0	0	0	-0.745	-0.7294	0	0	0	0	0	0	0	0	0	0	0	0	0	0
id43	0	0	0	0	0	0	0	0	0	0	0	0	0	0	0	0	0	0	0	0	0	0	0	0	0	0	0	0	0	0	0	0.7309	0	0	0	0	0	0	0	0	0	0	0	0	0	0	0	0	0	0	0	0	0.7305	0	0	0	0	0	0	0	0	0	0	0	0	0	-0.7133	0	0	0	0	0	0	0	0	0	0	0	0	0	0	0	0	0	0	0	0	0	0	0	0	0	0	0	0	0	0	0	0	0	0	0	0	0	0	0	0	0	0	0	0	0	0	0	0	0	0	0	0	0	0	0	0	0	0	0	0	0	0	0	0	0	0	0	0	0	0.8166	0	0	0.8231	0.7663	0	0	0	0	0	0	0	0	0	0	0	0	0	0	0	0	0	0	0	0	0	0	0	0	0	0	0	0	0
id45	0	0	0	0	0	0	0	0	0	0.9353	0	0	0	0	0	0	0	0.9193	0	0.9196	0	0	0	0	0	0	0	-0.7717	0	0	0.9323	0	0	-0.7366	0	0	0	0	0	0	0	0	0	0	0	0	0	0	0	0	0	0	0	0	0	0	0	0	0	0	0	0	0	0	0	0	0	0	0	0	0	0	0	0	0	0	0	0	0	0	0	0	0	0	0.7855	0	0	0	0	0	0	0	0	0	0	0	0	0	0	0	0	0	0	0	0	0	0	0	0	0	0	0	0	0	0	0	0	0	0	0	0	0	0	0	0	0	0	0	0	0	0	0	0	0	0	0	0	0	0	0	0	0	0	0	0	0	0	0	0	0	0	0	0	0	0	0	0	0	0	0	0	0	0	-0.8461	0	0	0	0	0	0
id46	0	0	0	0	0	0	0	0	0	0	0	0	0	0	0	0	0	0	0	0	0	0	0	0	0	0	0	0	0	0	0	0	0	0	0	0	0	0	0	0	0	0	0	0	0	0	0	0	0	0	0	0	0	0	0	0	0	0	0	0	0	0	0	0	0	0	0	0	0	0	0	0	0	0	0	0	0	0	0	0	0	0	0	0	0	0	0	0	0	0	0	0	0	0	0	0	0	0	0	0	0	0	0	0	0	0	0	0	0	0	0	0	0	0	0	0	0	0	-0.8719	0	0	0	0	0	0	0	0	0	0	0	0	0	0	0	0	0	0	0	0	0	0	0	0	0	0	0	0	0	0.7707	0	0	0	0	0	0	0	0	0	0	0	0.8458	0	0	0	0	0	0	0	0	0
id48	0	0	0	0	0	0	0	0	0	0	0	0	0	0	0	0	0	0	0	0	0	0	0	0	0	0	0	0	0	0	0	0	0	0	0	0	0	0	0	0	0	0	0	0	0	0	0	0	0	0	0	0	0	0	0	0	0	0	0	0	0	0	0	0	0	0	0	0	0	0	0	0	0	0	0	0	0	0	0	0	0	0	0	0	0	0	0	0	0	0	0	0	0	0	0	0	0	0	0	0	0	0	0	0	0	0	0	0	0	0	0	0	0	0	0	0	0	0	-0.7497	0	0	0	0	0	0	0	0	0	0	0	0	0	0	0	0	0	0	0	0	0	0	0	0	0	0	0	0	0.7707	0	0	0	0	0	0	0	0	0	0	0	0	0.7526	0	0	0	0	0	0	0	0	0
id50	0	0	0	0	0	0	0	0	0	0	0	0	0	0	0	0	0	0	0	0	0	0	0	0	0	0	0	0	0	0	0	0	0	0	0	0	0	0	0	0	0.8087	0	0	0	0	0	0	0	0	-0.727	-0.7902	0	0	0	0	0	0	-0.8138	0	0.7746	-0.8319	0	0	0	0	0	0.8184	0	0	0	0	0	0	0	0	0	0	0	0.8043	0	0	0	0	0	0	0	0	0	0	0	0	0	0	0	0.808	0	0	0	0	0	0	0	0	0	0	0	0	0	0	0	0	0	0	0.7831	0	0	0	0	0	0	0	0	0	0	0	0	0	0	0	0	0	0	0	0	0	0	0	0	0	0	0	0	0	0	0	0	0	0	0	0	0	0	0	0	0	0	0	0	0	0	0	0	0	0	0	0	0	0	0	0
id51	0	0	0	0.8645	0	0	0	0	0	0	0	0	0.8242	0	0	0	0	0	0	0	0	0	0.8801	0	0	0	0	0	0	0	0	0	0	0	0	0	0.83	0	0	0	0	0	0	0	0	0	0	0	0	0	0	0	0	0	0	0	0	0	0	0	0	0	0	0	0	0	0	0	0	0	0	0	0	0	0	0	0	0	0	0	0	0	0	0	0	0	0	0	0	0	0	0	0	0	0	0	0	0	0	0	0	0	0	0	0	0	0	0	0	0	0	0	0	0	0	0	0	0	0	0	0	0	0	0	0	0	0	0	0	0	0	0	0	0	0	0	0	0	0	0	0	0	0	0	0	0	0	0	0	0	0	0	0	0	0	0	0	0	0	0	0	0	0	0	0	0	0	0	0	0
id52	0	0	0	0	0	0.8407	0	0	0	0	0	0	0	0	0	0	0	0	0	0	0.8578	0	0	0.9096	0	0	0	0	0	0.8471	0	0	0	0	0.8502	0.8476	0	0.8996	0	0	-0.8915	-0.7817	0	-0.8642	0	-0.8829	-0.8206	0	0	0	0.8805	-0.8326	0	-0.8648	0	-0.8634	0	0	0	-0.8949	0.8443	0	0	0	-0.8765	-0.817	0	0	-0.798	-0.8415	0	0	-0.9026	0	-0.8879	0.8378	0	0	0	0	0	0	0	0	0	0	0	0	0	0	0	0	0	-0.8053	-0.85	0	0	0	0	0	0	0	0	0	0	0.8303	0	0	-0.9308	0	-0.8015	0	0	0	-0.7948	0	0	0	0	0	0	0	0	0	0	0	0	0	0	0	0	0	0	-0.7517	0	0	0	0	0	0	0	0	0	0	0	0	0	0	0	0	0	0	0	0.8473	0.8403	0.792	0	0	0	0	0	0	0	0	0	0	0	0	-0.7894	0
id53	0	0	0	0	0	0	0	0	0	-0.7786	0	0	0.8086	0	0	0	0	0	0	0	0	0	0	0	0	0	0	0.849	0	0	0	0	0	0.7839	0	0	0	0	0	0	0	0	0	0	0	0	0	0	0	0	0	0	0	0	0	0	0	0	0	0	0	0	0	0	0	0	0	0	0	0	0	0	0	0	0	0	0	0	0	0	0	0	0	0	0	0	0	0	0	0	0	0	0	0	0	0	0	0	0	0	0	0	0	0.8362	0	0	0	0	0	0	0	0	0	0	0	0	0	0	0	0	0	0	0	0	0	0	0	0	0	0	0	0	0	0	0	0	0	0	0	0	0	0	0	0	0	0	0	0	0	0	0	0	0	0	0	0.7693	0	0	0	0	0	0	0	0	0	0	0	0	0	0
id6	0	0	0	0	0	0	0	0	0	0	0	-0.816	0	0	0	0	0	0	-0.8774	0	0	0	0	0	0	0	0	0	0	0	0	0	0	0	0	0	0	0.8261	0	0	-0.8766	0	0	0	0	-0.8207	0	0	0	0	0.862	0	0	0	0	-0.8266	0	0	0	0	0	0	0	0	0	0	0	0	0	-0.815	0	0	-0.8314	0	0	0.8534	0	0	0	0	0	0	0	0	0	0	0	0	0	0	0	0	0	0	-0.8	0	0	0	0	0	0	0	0	0	0	0	0	0	-0.8066	0	0	0.8168	0	-0.795	0	0	0	0	0	0	0	0	0	0	0	0	0	0	0	0	0	0	0	0	0	0	0	0	0	0	0	0	0	0	0	0	0	0	0	0	0	0.8473	0	0	0	0	0	0	0	0	0	0	0	0	0	0	0	0	0	0
id60	0	-0.837	0	0	0	0.894	0	0	0	0	0	0	0	0	0	0	0	0	-0.805	0	0	0	0	0.7951	0	0	0	0	0	0	0	0.8856	-0.9162	0	0.7756	0	0	0.8718	0.7973	0	-0.8919	-0.787	-0.8446	-0.8194	0	-0.8908	0	0	0	0	0.926	-0.825	0.8539	-0.8116	0	0	0	0	0	-0.9379	0.8867	0	0.7785	-0.8783	-0.8687	-0.8831	-0.8356	0	-0.8249	-0.9054	0	0	0	0	-0.9156	0.8101	0.8432	0	-0.8003	0	0	-0.7737	0	0.8725	0	0	-0.8079	0	0	0	0	0	0	-0.7631	-0.8537	0	0	0	0	0	0	0	0	0	0	0	0	0	-0.8498	0	-0.8349	0.8635	0	-0.7441	-0.8006	0	0	0	0	0	0	0	0	0	0	0	0	0	0	0	0	0.8089	0	0	0	0	0.8058	0	0	0	0	0	0	0	-0.745	0	0	0	0	0	0	0.8403	0	0	0	0.8263	0	0	0	0	0	0	0	0	0	0	0	0	-0.7988	0
id61	0	-0.82	0	0	0	0.8305	0	0	0	0	0	0	0	0	0	0	0	0	-0.7736	0	0	0	0	0	0	0	0	0	0	0	0	0.7402	-0.7798	0	0	0	0	0.7712	0	0	-0.8602	0	-0.8143	-0.7638	0	-0.8121	-0.7606	0	0	0	0	0	0	-0.8197	0	0	0	0	0	-0.8258	0	0	0	-0.8072	-0.8374	0	0	0	0	-0.8335	0	0	0	0	-0.8529	0	0	0	0	0	0	0	0	0.7865	0	0	0	0	0	0	0	0	0	0	0	0	0	0	0	0	0	0	0	0	0	0	0	0	-0.8317	0	-0.8938	0.8	0	0	0	0	0	0	0	0	0	0	0	0	0	0	0	0	0	0	0	0	0	0	0	0	0	0	0	0	0	0	0	0	-0.7294	0	0	0	0	0	0	0.792	0.7693	0	0.8263	0	0	0	0	0	0	0	0	0	0	0	0	0	-0.7727	0
id66	0	0	0	0	0	0	0	0	0	0	0	0	0	0	0	0	0	0	0	0	0	0	0	0	0	0	0	0	0	0	0	0	0	0	0	0	0	0	0	0	0	0	0	0	0	0	0	0	0	0	0	0	0	0	0	0	0	0	0	0	0	0	0	0	0	0	0	0	0	0	0	0	0	0	0	0	0	0	0	0	0	0	0	0	0	0	0	0	0	0	0	0	0	0	0	0	0	0	0	0	0	0	0	0	0	0	0	0	0	0	0	0	0	0	0	0	0	0	0	0	0	0	0	-0.7942	0	0	0	0	0	0	0	0	0	0	0	0	0	0	0	0	0	0	0	0	0	0	0	0	0	0	0	0	0	0	0	0	0	0	0	0	0	0	0	0	0	0	0	0	0	0
id67	0.816	0	0	0	0.7817	0	0	0	0	0	0	0	0	0	0	0.8129	0	0	0	0	0	0	0	0	0	0	0	0	0	0	0	0	0	0	0	0	0	0	0	0	0	0	0	0	0	0	0	0	0	0	0	0	0	0	0	0	0	0	0	0	0	0	0	0	0	0	0	0	0	0	0	0	0	0	0	0	0	0	0	0	0	0	0	0	0	0	0	0	0	0	0	0	0	0	0	0	0	0	0	0	0	0	0	0	0	0	0	0	0	0	0	0	0	0	0	0	0	0	0	0	0	0	0	0	0	0	0	0	0	0	0	0	0	0	0	0	0	0	0	0	0	0	0	0	0	0	0	0	0	0	0	0	0	0	0	0	0	0	0	0	0	0	0	0	0	0	0	0	0	0
id68	0	0	0	0	0	0	0	0	0	0	0	0	0	0	0	0	0	0	0	0.7511	0	0	-0.7512	0	0	0	0	0	0	0	0.7352	0	0	0	0	0	0	0	0	0	0	0	0	0	0	0	0	0	0	0	0	0	0	0	0	0	0	0	0.7716	0	0	0	0	0	0	0	0	0.7064	0	0	0	0	0	0	0	0	0	0	0	0	0	0	0	0	0.8814	0	0	0	0	0	0	0	0	0	0	0	0	0	-0.7356	0	0	0	0	0	0	0	0	0	0	0	0	0	0	0	0	0	0	0	0	0	0	0	0	0	0	0	0	0	0	0	0	0	0	0	0	0	0	0	0	0	0	0	0	0	0	0	0	0	0	0	0	0	0	0	0	0	0	0	0	0	0	0	0	0	0	0	0	0	0	0
id70	0	0	0	0	0	0	0	0	0	0	0	0	0	0	0	0	0	0	0	0	0	0	0	0	0	0	-0.7845	0	0	0	0	0	0	0	0	0	0	0	0	0	0	0	0	0	0	0	0	0	0	0	0	0	0	0	0	0	0	0	0	0	0	0	0	0	0	0	0	0	0	0	0	0	0	0	0	0	0	0	0	0	0	0	0	0	0	0	0	0	0	0	0	0	0	0	0	0	0	0	0	0	0	0	0	0	0	0	0	0	0	0	0	0	0	0	0	0	0	0	0	0	0	0	0	0	0	0	0	0	0	0	0	0	0	0	0	0	0	0	0	0	0	0	0	0	0	0	0	0	0	0	0	0	0	0	0	0	0	0	0	0	0	0	0	0	0	0	0	0	0	0
id71	0	0	0	0	0	0	0	0	0	0	0	0	0	0	0	0	0	0	0	0	0	0	0	0	0	0	0	0	0	0.7503	0	0	0	0	0	0	0	0	0	0	0	0	0	0	0	0	-0.7253	0	0	0	0	0	0	0	0	0	0	0	0	0	0	0	0	0	0	0	0	0	0	0	0	0	-0.8065	0	0	0	0	0	0	0	0	0	0	0	0	0	0	0	0	0	0	0	0	0	0	0	0	0	0	0	0	0.788	0	0	0	0.8565	0	0	0	0	0	0	0	0	0	0	0	0	-0.8082	0	0	0	0	0	0	0	0	-0.8988	0	0	0	0	0	0	0	0	0	0	0	0	0	0	0	0	0	0	0	0.8458	0.7526	0	0	0	0	0	0	0	0	0	0	0	0	0	0	0	0	0	0	0	0	0
id72	0	0	0	0	0	0	0	0	0	0	0	-0.8519	0	0	-0.9076	0	0	0	0	0	0	0	0	0	0	0	0	0	0	0	0	0	0	0	0	0	0	0	0	0	0	0	0	0	0	0	0	0	0	0	0.7859	0	0.7387	0	0	0	0	0	0	0	0	0	0	0	0	0	0	0	0	0	0	0	0	0	0	0	0.7994	0	0	0	0	0	0	0	0	0	0	0	0	0	0	0	0	0	0	0	0	0	0	0	0	0	0	0	0	0	0	0	0	0	0	0	0	0	0	0	0	0	0	0	0	0	0	0	0	0	0	0	0	0	0	0	0	0	-0.7239	0	0	0	0	0	0	0	0	0	0	0	0	0	0	0	0	0	0	0	0	0	0	0	0	0	0	0	0	0	0	0	0	0	0	0
id73	0	0	0	0	0	0	0	0	0	0	0	0	0	0	0	0	0	0	0	0	0	0	0	0	0	0	0	0	0	0	0	0	0	0	-0.7927	0	0	-0.7992	-0.8229	0	0	0	0	0	0	0	0	0	0	0	-0.7927	0.7987	0	0	0	0.8443	0	0	0	0.7805	0	0	0	0	0	0	0	0	0	0	0	0	0	0	0	-0.8426	-0.8246	0	0	0	0	0	0	-0.825	0	0	0	0	0	0	0	0	0	0	0	0	0	0	0	-0.7754	0	0	0	0	0	0	0	0	0	0	0	-0.7966	0	0.7897	0.8011	0	0	0	0	0	0	0	0	0	0	0	0	0	0	0	0	0	0.8258	0	0	0	-0.819	0	0	0	0	0	0	0	0	0	0	0	0	0	0	0	0	0	0	0	0	0	0	0	0	0	0	0	0	0	0	0	0	0
id75	0	0	-0.7573	0	0	0	0	0	0	-0.8817	0	0	0	0	0	0	0	-0.8201	0	-0.8415	0	0	0	0	0	0	0	0	0	0	-0.8396	0	0	0	0	0	0	0	0	0	0	0	0	0	0	0	0	0	0	0	0	0	0	0	0	0	0	0	0	0	0	0	0	0	0	0	0	0	0	0	0	0	0	0	0	0	0	0	0	0	0	0	0	0	0	0	0	0	0	0	0	0	0	0	0	0	0	0	0	0	0	0	0	0	0	0	0	0	0	0	0	0	0	0	0	0	0	0	0	0	0	0	0	0	0	0	0	0	0	0	0	0	0	0	0	0	0	0	0	0	0	0	0	0	0	0	-0.8461	0	0	0	0	0	0	0	0	0	0	0	0	0	0	0	0	0	0	0	0	0	0	0
id78	0	0	0	0	0	0	0	0	0	0	0	0	0	0	0	0	0	0	0	0	0	0	0.7861	0	0	0	0	0	0	0	0	0	0	0.7894	0	0	0.8343	0	0	0	0	0	0	0	0	0	0	0	0	0	0	0	0	0	0	0	0	0	0	0	0	0	0	0	0	0	0	0	0	0	0	0	0	0	0	0	0	0	0	0	0	0	0	0	0	0	0	0	0	0	0	0	0	0	0	0	0	0	0	0	0	0	0	0	0	0	0	0	0	0	0	0	0	0	0	0	0	0	0	0	0	0	0	0	0	0	0	0	0	0	0	0	0	0	0	0	0	0	0	0	0	0	0	0	0	0	0	0	0	0	0	0	0	0	0	0	0	0	0	0	0	0	0	0	0	0	0	0	0	0
id79	0	0	0	0	0	0	0	0	0	0	0	0	0	0	0	0	0	0	0	0	0	0	0	0	0	0	0	0	0	0	0	0	0	0	0	0	0	0	0	0	0	0	0	0	0	0	0	0.8252	0	-0.7652	0	0	0	0	0	0	0	0	0	0	0	0	0	0	0	0	0	0	0	0	0	0	0	0	0	0	0	0	0	0	0	0	0	0	0	0	0	0	0	0	0	0	0	0	0	0	0	0	0	0	0	0	0	0	0	0	0	0	0	0	0	0	0	0	0	0	0	0	0	0	0	0	0	0	0	0	0	0	0	0	0	0	0	0	0	0	0	0	0	0	0	0	0	0	0	0	0	0	0	0	0	0	0	0	0	0	0	0	0	0	0	0	0	0	0	0	0	0.7439	0	0
id84	0	0	0	0	0	0	0	0	0	0	0	0	0	0	0	0	0	0	0	0	0	0.7214	0	0	0	0	0	0	0	0	0	0	0	0	0	0	0	0	0	0	0	0	0	0	0	0	0	0	0	0	0	0	0	0	0	0	0	0	0	0	0	0	0	0	0	0	0	0	0	0	0	0	0	0	0	0	0	0	0	0	0	0	0	0	0	0	0	0	0	0	0	0	0	0	0	0	0	0	0	0	0	0	0	0	0	0	0	0	0	0	0	0	0	0	0	0	0	0	0	0	0	0	0	0	0	0	0	0	0	0	0	0	0	0	0	0	0	0	0	0	0	0	0	0	0	0	0	0	0	0	0	0	0	0	0	0	0	0	0	0	0	0	0	0	0	0	0	0	0	0
id86	0	0	0	0	0.7996	0	0	0	0	0	0	0	0	0	0	0	0	0	0	0	0	0	0	0	0	0	0	0	0	0	0	0	0	0	0	0	0	0	0	0	0	0	0	0	0	0	0	0	0	0	0	0	0	0	0	0	0	0	0	0	0	0	0	0	0	0	0	0	0	0	0	0	0	0	0	0	0	0	0	0	0	0	0	0	0	0	0	0	0	0	0	0	0	0	0	0	0	0	0	0	0	0	0	0	0	0	0	0	0	0	0	0	0	0	0	0	0	0	0	0	0	0	0	0	0	0	0	0	0	0	0	0	0	0	0	0	0	0	0	0	0	0	0	0	0	0	0	0	0	0	0	0	0	0	0	0	0	0	0	0	0	0	0	0	0	0.7439	0	0	0	0
id9	0	0	0	0	0	0	0	0	0	0	0	0	0	0	0	0	0	0	0	0	0	0	0	-0.7617	0	0	0	0	0	0	0	0	0	0	0	-0.7294	0	0	0	0	0	0.7686	0.7872	0.7946	0	0.8242	0.7963	0	0	0	-0.7684	0	0	0.8585	0	0	0	0	0	0.8456	0	0	0	0	0.8432	0	0	0	0	0.7779	0	0	0	0	0.8132	0	0	0	0	0	0	0	0	0	0.7813	0	0	0	0	0	0	0	0	0	0.7626	0	0	-0.8023	-0.7334	0	0	0	0	0	0	0	0	0	0.8512	0.7409	0.8863	0	0	0	0	0	0	0	0	0	0	0	0	0	0	0	0	0	0	0	0	0	0	0.767	0	0	0	0	0	0	0	0	0	0	0	0	0	0	0	0	0	-0.7894	0	0	-0.7988	-0.7727	0	0	0	0	0	0	0	0	0	0	0	0	0	0
id97	0	0	0	0.784	0	0	0	0	0	0	0	0	0	0	0	0	0	0	0	0	0	0	0	0	0	0	0	0	0	0	0	0	0	0	0	0	0	0	0	0	0	0	0	0	0	0	0	0	0	0	0	0	0	0	0	0	0	0	0	0	0	0	0	0	0	0	0	0	0	0	0	0	0	0	0	0	0	0	0	0	0	0	0	0	0	0	0	0	0	0	0	0	0	0	0	0	0	0	0	0	0	0	0	0	0	0	0	0	0	0	0	0	0	0	0	0	0	0	0	0	0	0	0	0	0	0	0	0	0	0	0	0	0	0	0	0	0	0	0	0	0	0	0	0	0	0	0	0	0	0	0	0	0	0	0	0	0	0	0	0	0	0	0	0	0	0	0	0	0	0
