ITS2_metazoa_luluotu_filt	HKBea1Aug	HKBea1Feb	HKBea1May	HKBea1Nov	HKBea2Aug	HKBea2Feb	HKBea2May	HKBea2Nov	HKBea3Aug	HKBea3Feb	HKBea3May	HKBea3Nov	HKSta1Aug	HKSta1Feb	HKSta1May	HKSta1Nov	HKSta2Aug	HKSta2Feb	HKSta2May	HKSta2Nov	HKSta3Aug	HKSta3Feb	HKSta3May	HKSta3Nov	HKSW1Aug	HKSW1Feb	HKSW1May	HKSW1Nov	HKSW2Aug	HKSW2Feb	HKSW2May	HKSW2Nov	HKSW3Aug	HKSW3Feb	HKSW3May	HKSW3Nov	LTCC1Aug	LTCC1Feb	LTCC1May	LTCC1Nov	LTCC2Aug	LTCC2Feb	LTCC2May	LTCC2Nov	LTCC3Aug	LTCC3Feb	LTCC3May	LTCC3Nov	LTCMW1Aug	LTCMW1Feb	LTCMW1May	LTCMW1Nov	LTCMW2Aug	LTCMW2Feb	LTCMW2May	LTCMW2Nov	LTCMW3Aug	LTCMW3Feb	LTCMW3May	LTCMW3Nov	LTPC1Aug	LTPC1Feb	LTPC1May	LTPC1Nov	LTPC2Aug	LTPC2May	LTPC2Nov	LTPC3Aug	LTPC3Feb	LTPC3May	LTPC3Nov	SKBlu1Aug	SKBlu1Feb	SKBlu1May	SKBlu1Nov	SKBlu2Aug	SKBlu2Feb	SKBlu2May	SKBlu2Nov	SKBlu3Aug	SKBlu3Feb	SKBlu3May	SKBlu3Nov	SKLKW1Aug	SKLKW1Feb	SKLKW1May	SKLKW1Nov	SKLKW2Aug	SKLKW2Feb	SKLKW2May	SKLKW2Nov	SKLKW3Aug	SKLKW3Feb	SKLKW3May	SKLKW3Nov	SKSha1Aug	SKSha1Feb	SKSha1May	SKSha1Nov	SKSha2Aug	SKSha2Feb	SKSha2May	SKSha2Nov	SKSha3Aug	SKSha3Feb	SKSha3May	SKSha3Nov
ITS_Zotu380	0	0	0	0	0	118	0	0	0	1	0	0	2	0	0	0	6	0	1	0	0	1	0	0	1	0	32	0	0	1	669	0	2	0	50	0	19	0	6	0	0	3	24	0	1	1	20	0	0	0	16	0	0	0	0	0	0	0	0	0	2	0	0	6	8	28	0	16	0	21	0	0	0	4	3	0	1	3	0	1	1	5	23	0	13	47	1	0	0	119	0	0	0	298	11	0	2	9	0	0	0	0	0	0	12	3	0
ITS_Zotu449	15	3	0	0	8	11	0	0	0	0	10	0	2	0	2	6	14	0	83	0	51	1	0	2	19	0	2	0	2	2	9	2	14	1	28	9	63	0	21	0	0	0	13	0	284	73	41	2	17	0	4	0	2	39	1	106	47	27	24	2	51	30	136	0	33	102	0	0	23	0	0	0	2	0	39	0	0	8	0	0	0	4	0	0	0	6	1	14	0	2	16	1	0	2	2	36	0	4	0	0	4	31	0	0	0	4	0
ITS_Zotu1109	0	0	0	0	1	4	7	3	1	0	1	4	0	0	0	1	1	3	3	5	0	0	0	7	0	0	0	1	2	3	5	0	0	3	0	10	0	2	0	0	0	0	2	4	0	3	0	0	8	1	5	5	5	1	0	4	2	0	1	0	71	17	6	36	22	16	73	14	7	0	35	101	22	1	115	53	3	0	16	20	79	16	1	13	1	15	437	22	9	0	131	12	3	2	77	23	0	6	3	15	0	0	0	0	0	1	15
ITS_Zotu540	0	1	0	0	0	7	10	0	0	2	0	0	10	6	0	1	12	5	0	0	0	0	0	0	2	1	0	0	23	50	0	6	2	0	1	0	21	0	0	0	0	0	4	0	0	0	0	0	0	0	7	1	0	0	0	0	1	0	0	0	13	4	0	40	9	0	4	26	0	27	4	15	0	7	0	28	0	10	0	29	9	7	6	196	2	361	3	29	4	121	4	1	5	449	5	7	2	2	1	2	0	0	0	4	0	14	0
ITS_Zotu378	0	0	6	0	0	0	8	3	0	0	0	0	0	4	7	0	0	2	0	0	0	6	1	0	0	0	4	6	0	0	3	0	0	5	0	1	0	0	0	0	0	3	0	0	0	0	0	0	0	0	0	0	0	0	0	0	0	0	0	5	0	1	0	5	0	0	4	0	7	1	4	13	0	0	0	17	0	0	30	56	0	2	2	8	6	4	0	41	0	0	0	27	0	0	3	7	173	5	11	686	211	0	29	26	184	0	0
ITS_Zotu418	5	0	0	0	0	14	0	0	0	0	0	0	0	1	3	0	7	6	0	0	0	0	0	0	1	0	0	0	28	2	0	1	7	0	7	0	24	0	0	0	2	0	5	0	0	3	2	0	0	5	10	0	0	0	0	0	0	0	0	0	12	2	0	45	8	0	0	20	3	7	0	7	4	9	1	4	4	6	1	29	30	1	4	240	5	343	4	1	12	143	0	6	140	311	92	13	0	5	0	4	0	1	0	1	0	17	0
ITS_Zotu313	0	3	0	0	0	4	0	0	0	18	0	4	0	35	0	0	5	3	0	0	26	4	9	0	0	0	12	0	0	36	6	0	0	1	20	0	0	2	1082	0	0	14	32	0	0	32	22	0	0	0	19	0	145	0	0	0	0	0	0	0	0	20	0	0	0	0	0	1	0	0	0	0	0	0	0	0	0	2	0	0	0	3	0	13	0	1	0	0	0	0	0	0	0	94	0	0	0	0	0	0	0	1	0	0	0	0	0
ITS_Zotu2721	0	9	0	6	0	0	0	1	0	0	0	0	1	1	0	4	3	0	0	3	0	0	0	2	0	0	26	0	1	0	2	0	2	0	0	8	0	0	0	0	0	0	2	3	0	3	1	0	0	0	3	2	0	0	0	3	0	0	0	0	0	0	0	100	0	0	188	1	0	4	37	36	0	0	58	56	0	0	34	73	0	3	9	48	0	1	123	124	0	21	329	10	0	24	277	12	0	0	5	11	0	0	2	1	0	0	3
ITS_Zotu1614	0	15	0	0	3	12	1	0	0	0	6	0	0	0	0	0	0	1	13	0	0	0	0	0	0	0	2	0	0	2	1	0	0	10	0	0	0	117	29	0	0	17	34	0	0	71	2	0	8	2	6	0	0	8	5	0	1	29	16	0	3	465	672	1	1	39	0	0	35	0	0	0	1	0	0	0	3	0	1	0	35	11	0	0	0	0	0	0	6	0	0	0	0	0	0	0	0	0	0	3	0	0	0	0	0	0	0
ITS_Zotu342	3	5	0	0	176	0	0	0	0	0	9	0	123	0	0	1	24	0	4	0	605	0	0	14	45	0	17	2	5	0	1	0	8	0	0	4	0	0	3	0	0	0	1	0	0	260	15	0	9	0	1	0	29	0	0	0	12	0	0	0	0	8	6	1	1	0	0	1	0	1	0	5	0	0	0	2	0	0	0	5	0	4	1	102	0	5	31	85	0	4	5	4	0	19	1	13	0	0	0	5	0	7	0	0	0	9	0
ITS_Zotu415	0	0	0	0	0	0	0	0	0	0	0	2	0	0	0	1	2	0	0	1	0	0	0	20	0	0	0	2	0	0	0	2	8	0	0	2	0	0	0	0	0	0	0	16	0	2	0	0	0	0	1	0	0	0	0	0	0	1	0	0	3	0	0	67	57	0	43	19	0	0	32	343	0	0	39	33	1	3	7	14	0	0	9	27	0	0	728	15	0	12	56	12	0	4	16	18	0	0	4	4	0	0	2	3	0	0	72
ITS_Zotu389	0	4	1	4	0	2	0	1	0	4	0	237	0	6	2	7	1	4	0	2	0	3	0	13	17	27	0	0	0	2	0	0	2	1	0	69	2	62	0	0	0	142	9	0	2	0	0	0	0	0	0	0	1	0	0	3	0	33	4	0	27	6	24	11	0	0	1	0	6	5	0	101	0	0	98	28	13	49	3	10	0	11	42	269	0	4	2	64	0	0	3	39	0	6	38	53	0	0	19	4	43	0	28	39	3	0	1
ITS_Zotu328	0	3	0	0	0	36	0	0	0	22	0	0	0	8	3	0	0	1	25	0	0	10	0	0	0	0	6	0	0	1	963	0	0	348	222	22	0	0	5	0	0	0	1	3	0	0	13	0	0	0	3	0	1	0	0	0	0	0	0	0	0	0	0	0	0	5	0	0	0	0	0	0	0	0	0	0	0	0	0	0	0	20	0	0	0	0	0	0	0	0	0	0	0	0	0	0	0	0	0	0	0	0	0	0	0	0	0
ITS_Zotu344	2	0	0	0	1	0	31	0	3	15	0	0	7	0	0	0	4	0	0	0	45	0	11	0	0	0	0	0	0	6	0	0	0	14	0	0	0	13	0	0	5	9	0	2	0	0	0	0	0	1	0	0	0	23	1	0	2	11	0	0	5	244	0	0	103	0	0	10	12	0	0	470	172	4	0	32	14	0	0	29	217	0	0	34	11	0	60	22	9	6	2	9	10	0	0	14	0	0	0	19	0	0	0	0	0	1	10
ITS_Zotu372	0	0	0	0	0	0	0	0	0	0	0	28	0	0	0	3	0	0	0	0	1	0	0	6	0	0	5	0	0	0	0	62	0	0	1	91	0	0	0	38	0	0	1	58	5	0	65	274	0	0	2	51	0	0	0	853	0	0	0	27	0	0	0	1	0	0	0	0	0	0	0	4	0	0	91	0	0	1	0	0	0	0	0	0	0	0	3	0	0	0	0	2	0	0	0	65	0	0	0	0	0	0	0	3	0	0	0
ITS_Zotu340	0	0	0	0	0	0	2	0	0	0	0	0	1	16	0	0	1	0	0	0	0	0	0	0	971	0	12	0	122	0	18	0	102	9	12	0	91	0	10	0	9	1	0	0	26	0	0	0	29	0	1	0	26	0	0	0	63	0	0	0	7	0	0	2	1	0	1	1	0	115	0	2	0	0	1	2	1	4	0	0	0	1	0	4	2	0	6	0	3	2	0	0	3	4	0	4	13	1	0	0	0	45	0	0	0	0	0
ITS_Zotu297	0	117	0	0	0	28	0	0	0	1388	0	0	0	16	2	0	0	35	0	0	0	23	0	0	0	3	2	0	0	22	0	0	0	23	19	0	0	0	0	0	0	0	13	0	0	5	0	0	0	0	0	0	0	0	0	0	0	0	0	0	0	7	0	0	0	0	0	0	0	0	0	0	6	0	0	0	13	0	0	0	15	0	0	0	0	0	0	0	0	0	13	0	0	0	0	0	0	0	0	0	0	0	0	0	0	0	0
ITS_Zotu1594	0	36	0	2	6	20	0	0	0	11	7	0	0	16	0	0	0	0	12	0	0	1	0	0	6	0	4	0	2	14	15	0	0	26	1	0	0	53	79	0	0	12	51	0	1	121	0	0	17	3	10	0	0	1	7	0	12	8	10	0	18	372	618	46	5	55	0	0	6	3	1	0	1	0	3	1	3	0	0	2	10	8	0	4	0	3	0	0	0	0	29	0	0	0	0	0	0	0	0	0	0	0	0	0	0	0	0
ITS_Zotu343	91	0	0	0	34	0	0	0	3	0	0	16	0	0	0	1	0	0	0	0	1237	0	0	13	4	0	0	0	8	0	0	0	0	0	0	0	0	0	2	0	2	0	42	0	0	0	0	0	12	0	0	0	27	0	0	0	24	0	52	0	88	0	3	0	0	3	3	1	0	1	0	3	0	0	0	0	0	14	0	0	0	0	0	0	0	15	0	48	0	0	0	0	0	0	0	0	0	1	0	2	0	18	0	0	0	2	0
ITS_Zotu491	0	0	0	1	0	0	0	2	0	2	0	0	0	0	0	0	2	0	0	0	0	0	1	14	0	0	0	0	2	2	1	0	0	0	0	0	7	0	0	0	1	0	0	5	0	0	3	3	0	0	4	0	0	0	0	0	0	0	0	0	1	1	0	47	0	0	70	4	0	9	35	136	11	7	46	15	0	3	27	35	7	5	1	6	3	20	784	20	6	2	96	1	7	46	239	2	0	5	11	7	0	1	1	4	0	0	40
ITS_Zotu332	0	294	19	14	0	127	102	2	0	183	33	650	0	26	3	6	0	4	1	4	20	25	18	6	0	11	22	6	0	26	3	0	0	21	4	0	0	0	0	0	0	0	0	0	0	15	8	0	5	6	0	0	34	1	0	5	8	0	0	0	0	7	0	0	0	0	0	0	0	0	0	0	19	0	35	0	1	0	0	0	4	0	0	0	0	0	0	0	3	0	0	0	4	0	0	22	4	0	0	0	1	0	0	5	1	0	0
ITS_Zotu315	0	0	0	0	16	0	0	0	0	0	8	10	0	6	0	0	121	0	0	0	733	4	0	16	0	0	2	0	0	0	88	0	0	7	2	0	1	0	221	0	0	0	8	0	0	14	402	0	5	0	10	0	10	0	0	0	7	0	0	0	0	0	80	0	0	21	0	2	0	0	0	0	0	0	0	0	0	0	0	0	0	2	0	0	0	0	0	0	0	2	0	0	0	13	0	0	4	0	0	0	0	5	0	0	0	0	0
ITS_Zotu336	0	0	0	1	0	0	0	1	0	0	0	0	7	0	0	3	0	0	0	0	0	0	0	0	2	0	0	0	0	0	0	5	15	0	0	5	2	0	0	0	0	0	0	0	0	1	2	2	0	0	0	0	0	0	0	0	0	0	0	0	0	0	0	56	10	0	58	0	0	22	12	61	0	8	13	46	0	5	13	59	0	5	6	277	0	16	23	356	0	244	270	17	0	15	101	30	0	2	14	30	0	0	0	11	0	0	0
ITS_Zotu330	6	2	0	0	4	0	0	0	0	0	1	2	1	15	0	3	15	0	3	0	588	0	0	9	27	0	46	0	1	0	25	0	4	8	18	0	2	159	645	0	1	13	3	0	2	13	18	0	9	3	3	0	21	6	0	0	14	1	0	1	0	0	0	1	0	0	0	0	4	1	0	3	1	0	0	12	0	3	0	4	0	0	0	85	0	0	0	5	0	0	3	0	0	0	0	4	0	0	0	7	4	2	0	0	2	0	0
ITS_Zotu346	0	188	0	0	0	93	0	0	0	94	3	0	0	84	0	0	0	0	0	0	0	69	0	0	0	0	0	0	0	940	1	0	0	61	1	0	0	8	18	0	0	0	19	0	0	18	0	0	0	0	71	0	0	1	0	0	8	2	1	0	8	24	117	0	0	11	0	0	0	2	0	0	0	0	0	2	0	0	0	0	0	4	0	0	0	2	0	0	0	0	0	0	0	0	0	0	0	0	0	0	0	0	0	0	0	0	0
ITS_Zotu345	1	150	2	0	0	262	0	2	0	640	5	1	0	6	0	1	0	64	7	0	0	4	5	120	2	3	4	0	0	82	4	0	0	294	0	0	0	3	144	0	0	8	2	0	0	2	0	0	0	3	2	0	0	0	0	0	0	0	0	0	12	4	0	0	0	0	0	0	0	0	0	1	6	0	0	0	0	0	0	0	0	0	0	0	0	0	0	0	0	0	0	0	1	0	0	0	0	0	0	0	1	2	0	4	0	0	0
ITS_Zotu326	0	0	0	14	0	0	0	7	0	0	0	4	0	0	0	0	0	0	0	5	0	0	0	0	25	0	0	0	2	0	0	1	6	0	0	0	0	0	2	0	0	0	0	0	0	0	1	1	0	0	0	0	0	0	0	0	0	0	0	0	0	0	0	6	0	0	3	0	0	0	3	19	0	0	235	768	0	0	3	131	0	0	70	21	0	1	6	10	0	1	14	21	0	0	10	71	0	0	50	15	0	0	242	78	0	0	15
ITS_Zotu1189	0	2	1	1	8	25	8	0	0	0	0	1	0	0	2	9	0	4	0	1	0	4	2	15	0	1	2	0	0	6	18	0	3	5	0	60	0	1	3	2	0	1	3	4	0	5	4	3	11	2	2	0	4	0	0	22	6	4	0	0	65	10	21	34	27	109	29	17	31	3	14	147	35	0	47	65	17	8	8	53	262	17	3	21	26	10	191	44	27	5	68	23	33	9	67	30	1	3	1	11	1	0	1	1	1	3	10
ITS_Zotu306	0	0	0	0	0	0	0	0	0	0	0	0	0	0	0	0	0	0	0	0	0	0	0	0	0	0	0	0	0	0	0	0	0	0	0	1	0	0	0	0	0	0	0	0	0	0	0	0	0	22	0	17	0	1803	0	0	0	36	0	0	0	0	0	0	0	0	0	0	0	0	0	0	0	0	0	0	0	0	0	0	0	0	0	0	0	0	0	0	0	0	0	0	0	0	0	0	0	0	0	0	0	0	0	0	0	0	0
ITS_Zotu355	0	0	0	0	5	0	0	0	0	0	0	692	1	0	0	5	0	0	0	0	68	0	0	0	0	0	0	0	0	0	0	0	0	0	0	0	0	0	32	0	2	0	50	0	0	65	0	0	12	0	31	0	61	0	2	0	35	0	19	0	0	18	776	0	2	6	0	0	0	0	0	0	0	0	0	0	0	0	0	0	0	8	0	0	0	0	0	0	0	0	0	0	0	0	0	0	0	0	0	0	0	0	0	0	0	1	0
ITS_Zotu322	0	79	2	0	0	0	0	0	0	3	7	0	0	3	0	0	0	0	72	0	0	39	2	0	2	0	41	0	0	0	26	0	0	28	0	0	0	6	0	0	0	383	0	0	0	405	0	0	0	8	0	0	0	3	0	0	0	8	0	0	0	31	0	0	0	1	0	0	41	0	0	0	51	0	0	0	15	0	0	0	15	0	0	0	536	0	0	0	23	0	0	0	23	0	0	0	2	0	0	0	1	0	0	0	39	0	0
ITS_Zotu331	0	0	8	0	0	0	0	0	0	2	0	0	0	0	0	0	0	0	0	0	0	0	6	0	0	0	1	0	0	0	0	0	0	4	4	0	0	29	0	0	0	22	0	0	0	0	0	0	0	13	0	4	0	59	0	0	0	587	0	0	0	7	0	0	0	0	0	0	53	0	0	1	499	0	0	29	58	0	0	0	28	0	0	0	39	0	0	5	438	0	0	0	14	0	0	1	0	0	0	2	0	0	0	0	0	0	0
ITS_Zotu308	1	0	0	0	0	0	0	0	0	0	0	0	4	0	0	0	1	0	0	0	0	0	0	0	167	0	0	0	2	0	0	0	2	0	0	0	3	0	1118	0	3	0	122	0	0	138	0	0	0	0	106	0	1	0	35	0	41	0	59	0	0	0	16	0	0	28	0	0	0	63	0	0	0	0	0	0	0	0	0	0	0	0	0	0	0	3	0	0	0	2	0	0	0	0	0	0	0	0	0	0	0	57	0	0	0	3	0
ITS_Zotu300	0	14	0	0	0	1461	0	0	0	5	0	0	0	2	0	0	0	25	0	0	91	7	0	1	0	0	2	0	0	1	43	0	0	2	0	0	0	128	3	0	0	2	5	0	0	0	0	0	0	33	0	0	1	0	0	0	0	1	0	0	0	0	1	0	0	135	0	0	3	7	0	0	0	0	0	0	0	0	0	0	0	0	0	0	0	0	0	0	0	0	0	0	1	0	0	0	0	0	0	0	3	0	0	0	1	0	0
ITS_Zotu339	4	0	0	1	0	0	0	4	0	0	0	0	1	0	2	0	0	0	0	0	0	0	0	0	1	0	0	0	0	0	4	0	1	0	232	0	0	0	0	0	0	0	0	1	3	0	0	0	0	0	0	0	0	0	0	0	0	0	3	0	0	0	0	0	9	0	0	0	0	2	4	313	0	7	0	139	0	347	0	585	0	25	6	2	0	0	172	16	5	79	4	0	0	2	26	3	0	0	0	3	0	0	0	0	0	0	7
ITS_Zotu353	0	8	0	0	0	14	0	0	0	0	3	0	0	0	6	1	0	0	28	0	0	0	0	47	0	0	0	0	0	0	15	0	0	0	2	105	4	0	0	613	0	0	26	5	0	24	0	6	0	0	0	0	2	0	0	12	226	0	0	0	0	228	0	0	0	113	1	0	9	13	0	209	1	0	0	11	3	0	0	5	6	0	0	0	4	2	34	22	160	1	0	1	7	15	1	12	0	0	0	9	0	1	0	0	0	0	8
ITS_Zotu1353	0	0	0	1	0	10	15	3	0	3	8	3	0	1	0	0	9	0	0	0	0	1	38	7	1	0	0	0	5	1	0	4	0	1	0	16	14	0	0	8	0	0	2	122	0	0	13	12	2	0	5	14	0	0	0	7	1	0	0	5	0	10	0	26	0	0	28	35	7	49	19	162	33	10	22	12	0	9	17	32	15	15	0	18	12	57	396	19	3	23	24	4	22	420	131	10	4	8	6	0	0	1	0	0	19	1	15
ITS_Zotu397	0	16	0	2	0	1	21	0	0	2	0	0	2	1	1	0	6	1	0	2	0	16	2	2	3	3	7	0	1	30	5	74	1	1	0	0	10	3	0	0	0	26	8	4	0	9	0	0	0	11	17	4	0	0	2	0	18	8	0	0	71	29	0	13	150	0	31	136	19	4	29	37	15	0	32	57	64	2	3	11	260	3	0	7	290	23	85	11	38	30	70	39	12	46	48	21	0	0	2	2	0	0	2	0	10	7	7
ITS_Zotu352	1	1	0	0	0	0	10	5	0	0	9	1	7	0	1	5	5	0	42	6	0	0	0	0	4	1	20	0	0	1	1	0	0	3	0	0	0	0	8	4	0	0	59	1	2	26	2	1	0	0	3	0	0	0	0	0	2	0	0	0	0	257	0	41	1	0	77	2	3	32	161	36	14	0	43	48	10	7	17	35	167	4	13	48	27	20	35	96	24	15	57	160	51	32	35	55	0	0	28	12	1	15	118	0	0	0	15
ITS_Zotu337	0	164	0	0	0	86	0	0	0	64	4	0	0	33	0	0	0	0	2	0	0	97	0	0	0	0	0	0	0	1056	2	0	0	91	0	0	0	0	3	0	0	4	17	0	0	21	0	0	4	0	75	0	0	0	1	0	0	0	12	0	2	0	302	0	6	0	0	2	0	0	0	0	0	0	0	0	0	0	0	0	0	1	0	2	0	0	0	0	0	0	0	0	0	0	0	0	0	0	0	0	0	0	0	0	0	0	0
ITS_Zotu1363	0	0	0	1	0	4	3	1	0	4	0	7	10	3	1	1	1	5	0	1	0	6	11	0	1	4	3	0	2	9	5	2	12	0	1	1	0	3	0	0	0	5	0	0	0	2	2	2	0	2	3	0	0	0	0	1	0	2	0	0	4	3	0	15	14	0	44	1	60	5	15	43	113	0	248	137	36	9	13	81	115	8	6	23	103	21	78	53	72	55	153	21	34	5	69	226	0	0	3	32	4	5	9	0	4	2	2
ITS_Zotu258	21	9	0	0	70	0	4	0	2	1	22	0	1227	3	109	0	48	0	61	0	8	0	7	0	0	0	0	0	0	155	0	0	23	3	0	0	0	0	0	0	0	0	0	0	0	118	0	0	0	0	41	0	0	0	0	0	0	0	0	0	0	34	3	0	9	0	0	1	0	0	0	0	0	0	0	0	0	0	0	0	0	0	0	0	0	0	0	0	6	18	0	0	0	0	0	0	2	0	0	0	12	31	0	0	3	24	0
ITS_Zotu307	0	0	3	0	6	0	2	0	0	16	10	0	0	5	6	0	0	0	48	0	0	0	48	0	0	0	0	0	0	0	0	0	3	2	0	0	1	0	1	1	0	0	45	0	0	42	1	1	3	0	8	0	0	35	0	0	0	0	0	0	0	465	49	0	3	0	35	0	19	0	3	4	778	0	1	70	17	0	11	6	96	12	4	7	41	0	1	5	22	7	28	5	11	0	2	3	46	0	30	2	0	0	13	0	2	0	0
ITS_Zotu287	1	790	0	0	2	37	0	0	0	9	1	0	2	37	1	2	0	0	0	0	390	36	0	10	3	0	49	0	0	8	8	0	3	8	1	0	47	3	63	2	0	0	0	0	49	34	89	0	20	0	0	0	13	0	0	0	141	0	7	0	2	0	19	0	0	79	0	0	29	8	0	0	2	0	0	0	0	0	0	0	0	0	0	0	0	0	0	0	0	2	0	0	1	0	0	0	2	0	0	0	1	112	0	0	0	9	0
ITS_Zotu309	0	0	0	0	3	0	0	0	0	0	0	9	2	0	0	16	0	0	0	0	407	0	0	4	0	0	0	0	2	0	0	0	0	0	0	18	0	0	0	0	0	0	8	0	0	1	39	0	16	0	0	0	1452	0	0	0	72	0	0	0	92	0	8	0	1	0	0	2	0	0	0	0	0	0	0	0	0	0	0	0	0	0	0	0	0	0	0	0	0	0	0	0	0	0	0	0	2	0	0	0	0	9	0	0	0	1	0
ITS_Zotu278	0	16	15	0	0	80	109	0	0	1375	439	0	0	5	0	0	0	0	2	0	0	111	0	0	0	1	0	0	0	6	1	0	0	12	25	0	0	0	0	0	0	0	0	0	0	5	2	0	0	0	0	0	0	0	0	0	0	0	0	0	0	0	0	0	0	0	0	0	0	0	0	0	0	0	0	0	0	0	0	0	1	6	0	0	0	2	0	0	0	0	0	0	2	0	0	0	1	0	0	0	0	0	0	0	0	0	0
ITS_Zotu334	0	0	0	0	0	2	0	0	0	0	1	0	0	0	1	0	4	0	0	0	259	1	0	1390	11	0	0	0	28	1	2	0	1	0	0	51	12	0	0	15	0	0	0	3	2	0	0	2	0	4	0	0	1	0	0	10	2	0	0	7	5	2	0	32	0	0	3	0	1	5	2	5	1	0	0	9	0	1	0	23	11	3	4	23	4	58	16	0	2	12	60	2	14	43	81	0	0	2	2	0	1	2	0	0	0	7	0
ITS_Zotu295	0	4	0	0	0	10	0	0	0	373	0	0	0	2	0	0	0	0	6	0	0	4	0	0	0	0	144	0	0	2	100	0	0	14	1383	0	0	0	68	0	0	0	64	0	0	5	60	0	0	0	46	0	0	0	0	0	0	0	0	0	0	0	0	0	0	0	0	0	0	0	3	0	0	0	0	0	0	0	0	0	0	0	0	0	0	1	0	0	0	0	0	0	0	0	0	0	0	0	0	0	0	0	0	0	0	0	0
ITS_Zotu285	0	0	2	0	3	63	0	0	0	1	0	1	0	0	0	0	2	2	0	0	0	0	0	0	0	0	0	0	0	0	0	0	0	0	0	0	1	1	2	0	0	0	19	0	0	11	0	1	8	50	10	0	0	2	1	1	0	0	3	0	0	1	85	0	1	3	26	2	79	0	0	0	47	0	7	0	73	1	1	0	107	4	0	0	88	5	1	3	95	0	2	0	1460	12	4	0	0	0	0	0	0	0	0	0	0	0	0
ITS_Zotu877	1	0	1	5	1	2	18	0	0	7	0	0	10	1	1	0	0	0	0	2	0	0	11	2	14	4	2	2	5	12	4	0	4	3	0	0	0	4	1	0	0	7	3	0	6	8	1	1	5	3	0	0	1	22	0	0	53	7	0	0	117	37	2	38	92	11	14	28	58	14	23	58	284	0	80	42	41	32	19	58	482	1	2	29	51	37	48	18	47	25	63	19	43	4	76	24	0	8	4	10	1	2	9	0	0	6	5
ITS_Zotu321	12	0	5	0	0	0	50	0	0	10	0	0	9	0	3	0	1	0	0	0	0	0	8	1	3	0	0	0	11	24	0	0	3	5	0	0	0	2	1	0	0	1	4	3	6	1	0	0	0	2	0	0	0	13	0	0	38	5	0	0	139	57	1	32	61	0	6	7	20	7	10	59	173	3	92	57	59	73	7	5	765	0	9	26	35	38	113	6	42	19	30	2	55	2	1	34	5	3	4	3	3	20	0	0	0	14	14
ITS_Zotu276	0	49	0	0	0	29	0	0	0	2034	0	0	0	20	0	0	0	0	0	0	0	22	0	0	0	0	0	0	0	14	0	0	0	98	86	0	0	0	0	0	0	0	0	0	0	0	0	0	0	0	0	0	0	0	0	0	0	0	0	0	0	0	0	0	0	0	0	0	0	0	0	0	0	0	0	0	0	0	0	0	0	0	0	0	0	0	0	0	0	0	0	0	0	0	0	0	0	0	0	0	0	0	0	0	0	0	0
ITS_Zotu277	6	0	2	0	6	10	0	0	1	8	1	1	164	0	0	2	43	0	1	0	496	0	172	408	129	0	0	0	14	1	24	0	6	0	1	12	2	0	2	10	0	0	2	0	24	5	0	0	7	0	0	0	16	3	0	3	10	0	3	2	42	57	74	0	29	213	0	2	5	5	0	2	1	0	3	0	0	60	0	32	0	1	10	10	0	1	0	7	0	2	4	0	0	0	0	68	1	7	4	0	4	54	1	14	0	43	0
ITS_Zotu288	0	0	0	0	0	0	4	0	3	0	0	0	0	9	0	0	0	0	0	0	0	0	9	3	0	0	0	0	0	2	2	0	0	17	0	0	0	0	0	0	0	1	0	4	0	0	0	0	0	0	0	0	7	10	0	0	0	0	0	0	1	3	0	10	0	0	7	0	28	9	2	544	215	3	4	64	38	5	0	58	202	12	67	36	47	35	59	169	79	44	1	37	52	19	5	68	16	280	7	45	0	0	6	0	1	0	11
ITS_Zotu1279	3	31	0	3	0	5	0	12	1	1	0	6	1	5	23	4	4	1	7	1	6	1	1	2	0	0	22	1	0	2	2	15	3	8	18	46	0	0	1	7	0	2	2	19	1	19	16	15	12	9	0	33	17	0	0	22	7	2	0	3	6	0	1	95	12	4	209	4	6	0	48	51	6	0	74	51	14	0	35	70	16	0	1	25	8	4	331	140	110	10	149	6	128	12	250	28	0	2	15	9	1	2	2	0	0	4	10
ITS_Zotu294	5	0	0	0	4	0	0	0	0	0	2	4	23	0	0	17	42	18	0	0	793	0	0	32	7	0	0	0	0	1	7	0	0	1	0	0	2	3	26	8	0	0	11	0	21	3	0	0	16	1	3	0	68	0	1	2	274	4	2	0	85	72	334	0	70	104	0	6	251	22	0	0	2	0	0	0	3	0	0	0	4	14	0	0	3	3	0	0	2	0	0	0	3	0	0	0	0	0	0	0	10	0	0	0	0	5	0
ITS_Zotu291	0	2	0	0	0	11	0	0	0	2	44	0	0	1	0	0	0	0	1670	0	36	3	0	0	0	0	0	0	0	0	0	0	0	230	3	0	0	0	2	0	17	0	2	0	0	52	0	0	0	23	0	0	0	4	231	0	0	0	28	0	0	8	18	0	0	9	0	0	0	0	0	0	0	3	0	0	0	0	0	0	0	0	0	0	0	0	0	0	0	0	0	0	0	0	0	0	0	0	0	0	1	0	0	0	0	0	0
ITS_Zotu274	0	4	0	0	0	14	0	0	0	5	0	0	0	0	4	0	0	0	1	0	0	1	0	4	0	0	14	0	0	0	1433	0	0	0	831	44	0	0	15	0	0	3	5	0	0	0	13	0	0	0	10	0	1	0	0	1	0	0	0	0	0	2	0	0	0	2	0	0	0	0	0	0	0	11	0	0	0	0	0	0	0	6	0	0	7	0	0	0	1	0	0	0	0	0	0	0	0	0	0	0	0	0	0	0	11	0	0
ITS_Zotu296	0	17	8	0	0	22	11	6	0	14	0	0	1	10	17	0	4	0	2	0	0	5	6	0	2	0	0	0	9	3	0	0	9	37	0	0	0	0	0	0	0	0	38	0	0	3	0	0	0	2	4	2	0	0	0	0	6	0	0	0	9	18	0	39	2	0	59	2	21	189	45	5	17	18	59	2	24	61	50	31	37	39	2	1	35	308	175	0	18	271	81	3	104	169	258	0	3	38	5	0	9	1	0	0	9	1	3
ITS_Zotu2437	0	2	0	0	0	39	1	0	0	1	0	3	0	0	0	2	1	0	1	0	0	0	0	21	0	0	7	0	9	9	31	0	0	1	2	7	0	1	0	0	0	0	0	6	0	0	3	4	0	1	1	1	0	1	0	6	0	0	0	0	15	4	0	32	16	120	112	6	13	3	22	459	5	0	111	54	2	0	20	21	87	3	4	14	1	15	822	65	3	0	94	8	19	5	41	43	0	0	5	6	0	0	0	1	0	2	56
ITS_Zotu286	11	0	19	0	16	0	0	1	8	0	0	0	111	0	0	0	44	0	0	0	5	2	1	0	13	23	0	0	36	0	0	0	0	0	0	0	18	0	2	0	0	0	8	1	0	0	1	1	0	3	1	0	0	0	0	0	24	21	3	0	85	0	0	12	2	0	0	30	19	49	4	10	24	13	10	26	524	2	2	109	57	16	62	13	42	148	7	8	33	45	56	1	17	197	22	17	0	12	9	1	1	187	3	3	0	260	5
ITS_Zotu275	0	0	0	0	0	2	0	0	0	28	0	0	0	0	0	0	0	0	0	0	1	0	0	0	0	0	27	0	0	0	154	0	0	0	2084	3	0	0	7	0	0	14	9	0	1	0	24	0	0	0	12	0	134	0	0	0	0	1	0	0	0	0	0	0	0	1	0	0	0	0	0	0	0	0	0	0	0	0	0	0	0	0	0	0	0	32	0	0	0	0	0	0	0	0	0	0	0	0	0	0	0	0	0	0	0	0	0
ITS_Zotu1108	0	66	0	1	0	3	3	2	0	0	0	0	0	11	17	8	0	1	1	0	0	3	0	16	0	0	32	0	0	8	3	11	3	2	6	26	3	0	5	9	0	0	5	19	2	39	12	10	29	18	18	31	1	0	0	6	2	0	0	3	9	1	1	139	13	2	179	13	6	1	55	70	10	3	57	39	10	1	30	83	38	2	0	31	10	19	391	101	179	19	128	9	191	12	242	15	0	5	12	16	0	0	2	0	0	3	12
ITS_Zotu333	0	44	0	0	0	0	0	0	0	4	0	4	13	1	0	11	165	0	0	0	1368	1	0	17	149	0	2	0	12	1	0	1	4	0	0	0	3	7	304	0	3	0	13	0	1	6	0	0	15	0	15	0	29	0	2	0	42	0	0	4	0	2	2	4	0	3	0	0	0	4	0	2	0	0	0	1	0	0	0	1	0	1	0	167	2	67	0	17	0	3	0	10	0	6	24	1	0	0	0	3	0	25	0	0	0	13	0
ITS_Zotu358	0	0	0	0	1	0	94	1	1	0	1	0	1	0	0	27	6	3	0	0	230	0	0	20	22	0	1	0	0	0	5	0	0	2	0	2	17	128	38	5	17	95	0	0	36	5	26	1	69	2	0	0	18	20	0	277	16	56	1172	0	0	17	9	82	0	0	0	0	20	3	0	0	0	0	1	0	1	0	2	0	4	3	0	14	0	0	0	0	0	0	4	0	0	4	29	0	1	4	0	0	0	2	0	0	2	3	0
ITS_Zotu266	0	0	0	0	6	0	0	86	0	1	94	13	0	2	0	1	0	0	0	0	62	102	0	0	0	0	27	0	0	3	25	0	0	1	110	0	0	0	4	0	2	0	8	0	10	0	1015	0	290	0	18	0	13	0	0	0	2	0	766	1	0	0	2	0	0	0	0	0	0	0	0	0	0	0	0	0	0	0	0	0	0	0	0	0	0	0	0	0	0	0	0	0	0	0	0	0	0	0	0	0	0	0	0	0	0	0	0
ITS_Zotu282	1	0	5	0	7	0	19	8	0	22	0	0	22	0	0	0	8	0	0	0	0	0	10	0	1	1	0	0	15	15	0	0	9	0	1	0	4	1	1	0	0	0	12	0	2	9	0	0	2	0	1	0	0	9	0	0	2	2	1	0	30	19	33	13	12	0	8	8	28	20	1	21	462	4	0	83	23	49	0	294	469	11	0	10	54	234	2	84	60	158	15	17	50	65	61	34	0	19	2	13	0	21	0	0	1	7	0
ITS_Zotu257	0	0	0	0	0	0	0	0	0	0	0	0	3	0	0	0	0	0	0	0	0	0	0	0	1995	0	0	0	97	0	0	0	481	0	0	0	6	0	7	0	4	0	0	0	2	1	0	0	40	0	0	0	7	0	0	0	12	0	0	0	0	0	0	0	46	0	0	5	0	17	0	0	0	0	0	0	0	0	0	0	0	0	0	0	0	0	0	0	0	4	0	0	0	0	0	0	0	0	0	0	0	18	0	0	0	2	0
ITS_Zotu248	0	6	0	0	0	3	0	0	0	5	0	0	0	5	0	0	0	0	5	0	0	0	0	0	0	0	251	0	0	2	177	0	0	14	137	0	0	0	61	0	0	0	1757	0	0	2	50	0	0	0	114	0	0	0	0	0	0	0	0	0	0	178	0	0	0	0	0	0	0	0	0	0	0	0	0	0	0	0	0	0	0	0	0	0	0	0	0	0	0	0	0	0	0	0	0	0	0	0	0	0	0	0	0	0	0	0	0
ITS_Zotu279	3	449	0	0	2	39	9	0	0	16	0	0	10	9	0	3	9	0	0	10	1	17	0	0	3	0	63	0	1	21	2	0	2	62	0	2	6	0	2	4	0	0	3	0	3	24	1	1	0	2	0	2	0	0	0	2	19	2	0	0	0	13	1	56	2	0	91	21	3	43	290	22	4	2	27	79	9	16	16	31	198	1	10	62	19	27	33	156	10	37	40	194	60	49	24	53	0	3	61	33	2	63	152	0	0	1	13
ITS_Zotu251	0	0	123	0	9	141	5	0	0	0	1090	0	0	11	8	0	0	0	38	0	0	190	0	0	0	3	24	0	0	0	655	0	0	10	29	0	0	0	60	0	0	0	13	0	0	37	164	0	11	0	8	0	0	0	0	0	0	9	0	0	0	18	145	0	0	24	0	0	0	0	0	0	0	0	1	0	16	0	0	0	0	13	0	0	0	0	0	0	0	0	0	0	0	0	0	0	9	0	0	0	3	0	0	0	0	0	0
ITS_Zotu281	132	0	0	0	62	4	0	3	1	0	77	0	5	0	0	0	66	0	0	0	0	22	0	0	2	0	1	1	16	0	362	0	0	0	7	0	0	0	25	0	0	0	151	0	0	0	1102	0	1	0	32	0	0	0	0	0	63	0	58	0	421	0	4	0	0	18	0	15	0	6	0	0	0	0	0	0	0	24	0	0	0	0	0	4	0	76	0	0	0	0	0	0	0	13	0	0	0	0	0	0	0	51	0	35	0	17	0
ITS_Zotu188	1	5	2	2	0	0	1	1	0	2	0	0	20	97	1	4	3	3	0	0	0	8	2	0	2	3	4	0	59	0	0	1	39	121	0	1	7	1	0	0	4	7	12	0	1	6	0	0	0	0	0	0	0	3	0	0	41	3	0	0	551	3	0	15	300	0	30	83	167	0	11	0	126	5	15	12	89	1	5	18	99	0	3	1	148	46	22	1	104	36	64	0	108	3	159	0	127	0	41	0	1	1	2	0	4	34	3
ITS_Zotu262	0	0	0	0	0	0	0	3	0	0	0	0	0	0	0	0	0	0	0	0	0	0	0	0	0	0	0	0	0	0	0	0	0	0	0	0	0	0	0	0	0	0	0	0	0	0	0	0	0	0	0	0	0	0	0	0	0	0	0	0	0	0	0	16	0	0	0	0	0	0	0	0	0	0	0	7	0	0	0	939	0	0	1	1910	0	0	0	20	0	0	0	35	0	0	7	7	0	0	0	3	0	0	0	12	0	0	0
ITS_Zotu250	0	0	0	0	0	0	1	0	0	0	0	4	0	0	0	1	1	0	0	0	265	0	0	1330	22	0	0	0	43	2	0	0	42	27	0	70	44	3	0	9	629	5	0	7	18	0	0	5	167	20	0	0	18	78	6	34	2	9	0	5	0	119	0	0	0	0	0	0	0	0	0	0	8	12	0	0	6	0	0	0	9	0	0	0	1	0	0	0	1	0	0	0	27	0	0	0	0	0	0	0	0	0	0	0	0	0	0
ITS_Zotu329	0	5	0	0	0	3	0	1	0	0	0	0	6	4	1	0	27	32	0	0	4	2	0	0	7	2	17	1	43	5	3	1	29	1	7	1	9	17	0	0	0	0	3	0	0	0	6	0	0	0	9	4	1	1	1	0	2	0	0	0	25	0	0	32	16	0	2	26	361	66	8	52	40	17	0	42	19	16	0	375	47	12	22	220	30	464	1	19	15	198	32	21	46	417	73	17	1	23	2	19	28	3	0	1	0	27	2
ITS_Zotu351	2	71	1	0	0	46	0	0	0	42	4	0	17	17	1	0	14	0	11	0	2	13	0	0	11	2	107	0	8	33	67	0	1	115	82	0	9	0	16	0	0	0	57	0	2	9	34	0	1	0	28	0	0	0	0	0	4	0	0	0	3	3	0	22	5	0	55	15	46	172	34	88	32	40	28	39	66	56	20	41	43	35	3	38	93	189	213	24	42	208	58	22	73	306	87	22	3	35	1	6	0	12	6	3	1	2	0
ITS_Zotu325	0	3	18	0	2	184	11	0	0	1	2	3	22	0	1	1	6	0	1	0	2	8	0	1	5	1	1	0	10	4	59	0	45	2	2	1	10	8	1	0	0	6	26	0	0	28	1	0	9	0	7	0	0	1	0	1	32	3	2	0	97	28	53	24	693	376	46	95	49	0	5	11	18	0	290	28	32	2	14	31	65	28	1	9	68	25	29	25	37	183	36	8	6	22	76	70	0	0	2	3	9	1	0	0	4	6	8
ITS_Zotu246	0	0	1	0	0	1	49	0	0	1	25	0	0	1	0	0	0	0	126	0	0	0	0	0	0	0	0	0	0	36	0	0	0	42	0	0	0	29	0	0	0	69	128	0	0	83	0	0	0	39	0	0	0	48	0	0	0	29	0	0	0	2307	0	0	1	1	0	0	1	0	0	0	3	0	0	0	0	0	0	0	129	0	0	0	0	0	0	0	0	0	0	0	0	0	0	0	1	0	0	0	0	0	0	0	0	0	0
ITS_Zotu908	2	78	10	0	1	19	11	2	2	10	0	3	5	1	3	3	19	5	2	0	2	21	6	0	4	7	107	0	8	24	16	1	4	10	8	2	14	0	6	0	0	11	3	0	1	28	10	0	0	6	18	0	0	3	0	3	6	6	0	0	11	5	0	56	15	3	81	20	23	31	29	76	66	6	133	63	159	18	7	55	210	10	9	70	282	129	74	108	64	115	94	65	64	220	71	144	0	6	7	6	1	20	13	1	12	25	5
ITS_Zotu249	3	1	0	0	6	16	0	0	0	2	9	0	0	0	0	0	0	0	15	15	2	1	0	52	0	2	0	0	7	1	9	1	0	5	0	553	0	0	18	14	0	0	38	2	3	30	0	13	7	0	5	0	206	0	1	22	1	0	18	2	93	140	168	34	10	116	58	3	0	9	758	3	19	2	54	20	0	131	21	3	0	26	19	80	3	6	31	4	2	27	100	77	5	25	29	7	0	0	6	3	0	0	23	2	0	1	0
ITS_Zotu539	0	44	0	13	0	33	0	9	2	18	34	0	3	19	0	3	0	0	0	2	0	408	0	0	0	0	16	3	0	10	0	0	0	65	1	7	0	0	0	1	0	0	2	0	0	0	63	2	0	0	0	4	0	0	0	0	0	0	0	0	6	0	0	123	1	0	236	2	0	0	80	48	0	0	139	98	0	3	59	115	0	2	2	43	0	16	245	118	0	20	558	12	0	28	483	12	0	1	14	2	0	0	1	1	0	0	6
ITS_Zotu211	0	2	4	0	0	3	7	0	0	14	20	0	0	1	29	0	0	0	479	0	0	142	2419	0	0	0	0	0	0	18	0	0	0	15	0	0	0	0	0	0	0	0	1	0	0	1	1	0	0	6	2	0	0	13	0	0	0	0	0	0	0	0	0	0	0	0	0	0	0	0	0	0	24	0	0	0	0	0	0	1	0	0	0	0	0	0	0	0	0	0	0	0	9	0	0	0	10	0	0	0	12	0	0	0	18	0	0
ITS_Zotu245	0	2156	0	0	0	40	0	0	0	93	0	0	0	56	0	0	0	11	1	0	0	53	7	0	0	4	71	0	0	29	0	0	0	102	2	0	0	0	0	0	0	0	0	0	0	68	0	0	0	0	0	0	0	28	0	0	0	0	0	0	0	0	0	0	0	0	0	0	27	0	0	0	448	0	0	0	2	0	0	0	15	0	0	0	28	0	0	0	20	0	0	0	7	0	0	0	0	0	0	0	0	0	0	0	0	0	0
ITS_Zotu247	0	0	0	0	0	0	0	0	0	0	0	0	0	8	0	0	0	0	0	0	0	0	0	0	5	0	10	0	0	9	127	0	0	0	13	0	0	0	2432	0	0	0	15	0	0	7	13	0	9	0	474	0	0	0	15	0	33	0	5	0	1	0	69	0	0	0	0	0	0	29	0	0	0	0	0	0	0	0	0	0	0	0	0	0	0	0	0	0	0	0	0	0	0	0	0	0	0	0	0	0	0	8	0	0	0	0	0
ITS_Zotu243	30	0	0	0	9	7	0	0	0	0	29	0	0	0	0	0	1	0	0	0	0	17	0	0	18	0	0	0	10	0	223	0	3	4	1	0	5	1	23	0	0	396	48	0	384	0	1277	0	44	0	3	0	8	1	0	0	0	6	133	0	0	4	0	0	0	400	0	0	0	5	0	0	0	0	0	0	0	52	0	0	0	6	0	0	4	19	0	0	0	0	0	0	0	3	0	0	0	0	0	0	0	45	0	0	7	102	0
ITS_Zotu319	0	0	0	2	0	0	0	0	0	0	0	0	0	0	0	0	0	0	0	0	0	0	0	3	0	0	0	0	0	0	0	25	0	0	0	9	0	0	0	291	0	0	0	10	0	0	1237	1238	0	0	0	514	0	0	0	23	2	0	0	18	0	0	0	0	0	0	20	0	0	0	0	0	0	0	0	2	0	0	0	3	0	0	0	0	0	0	0	1	0	0	15	0	0	0	8	0	0	0	0	0	0	0	0	0	0	0	0
ITS_Zotu223	0	0	0	0	0	0	0	0	0	0	0	5	0	0	0	34	0	0	0	0	290	0	0	0	8	0	0	0	0	0	0	0	0	0	0	64	0	0	0	0	0	0	0	0	0	0	0	0	42	0	0	0	2925	0	0	0	114	0	0	0	0	0	0	0	0	0	0	0	0	0	0	0	0	0	0	0	0	0	0	0	0	0	0	0	0	0	0	1	0	0	0	0	0	0	0	0	0	0	0	0	0	0	0	0	0	0	0
ITS_Zotu284	6	0	20	1	68	0	0	5	0	3	3	202	14	0	5	1	2	0	1	7	175	0	0	152	17	0	5	0	3	2	43	0	6	0	3	73	4	1	0	3	2	0	7	1653	4	3	1	7	2	0	3	3	18	0	0	3	0	0	0	0	0	1	0	7	0	0	3	0	4	5	3	88	4	0	28	16	0	0	0	10	0	12	10	30	1	0	0	16	0	2	0	16	0	0	0	210	14	0	21	2	51	101	76	160	69	2	2
ITS_Zotu219	0	0	0	1	0	3	0	0	0	0	0	0	0	45	1	0	0	7	0	0	0	9	1	22	91	0	71	0	2	0	105	8	7	70	53	0	9	98	0	0	0	10	0	6	4	3	0	0	4	6	0	0	1	3	0	0	15	4	0	0	0	6	0	225	0	0	43	0	20	11	34	210	0	0	45	59	0	4	30	47	0	0	35	441	2	0	1187	41	1	0	88	23	0	0	93	44	82	0	1	17	11	7	0	13	0	0	59
ITS_Zotu267	0	6	4	9	0	7	0	13	2	4	0	24	0	2	0	12	3	3	0	8	0	4	0	32	1908	70	4	228	196	2	128	0	165	0	2	0	199	0	19	0	28	1	0	0	59	0	0	0	42	0	4	0	44	0	0	0	89	0	0	0	0	0	0	0	0	0	0	5	0	100	0	1	0	1	0	0	2	1	29	1	0	0	0	0	11	7	1	0	0	2	0	0	0	11	0	0	0	4	0	21	0	37	0	15	5	0	0
ITS_Zotu254	0	5	0	24	0	0	0	23	0	0	0	3	1	0	0	7	10	0	0	8	0	0	0	1	0	0	3	0	0	0	0	1	5	0	0	4	8	0	0	1	0	0	0	0	0	0	21	21	0	0	1	6	0	0	0	0	4	0	0	0	4	0	0	108	33	0	165	72	0	0	99	55	0	0	90	455	0	0	33	194	0	0	8	66	0	1	114	87	0	18	1199	36	0	28	494	27	0	0	9	14	0	0	5	2	0	0	12
ITS_Zotu244	1	3	22	0	17	5	7	0	0	14	11	3	8	0	8	11	0	2	186	1	787	0	6	20	2	0	45	0	0	0	55	0	2	34	506	3	1	26	10	0	0	84	49	0	2	22	11	1	0	2	9	0	34	4	3	0	13	12	4	0	0	153	43	11	1	25	1	0	11	24	5	6	41	17	54	36	0	89	17	7	12	52	19	137	3	18	0	188	29	166	80	33	0	109	2	26	12	6	5	31	1	38	16	2	15	2	3
ITS_Zotu233	0	584	0	0	7	3	0	2	1	13	4	0	0	1	6	0	0	0	16	0	0	26	0	0	0	3	1714	0	1	5	77	0	2	128	292	0	5	0	46	0	0	0	92	0	0	86	116	0	13	0	63	0	1	0	7	0	0	1	1	0	3	7	125	3	0	5	23	0	0	0	3	3	0	0	1	3	4	0	1	4	0	17	0	4	14	0	3	5	20	1	8	0	0	1	14	0	0	0	0	2	0	0	0	0	1	2	0
ITS_Zotu1339	3	12	2	2	0	38	22	5	1	9	14	0	8	18	11	0	39	22	0	4	0	17	0	8	5	7	1	0	5	51	0	0	2	1	10	0	42	0	5	0	0	5	5	5	0	6	2	1	0	6	14	5	0	0	1	0	1	0	0	0	15	6	0	230	5	0	87	32	4	44	95	62	0	15	67	27	3	6	19	73	18	4	21	52	12	153	579	14	8	64	304	11	12	373	663	5	7	12	6	6	3	17	1	1	11	9	31
ITS_Zotu218	0	12	0	0	0	4	0	0	0	17	0	0	0	13	5	0	0	19	3	0	0	0	0	7	2	19	86	0	0	1	82	0	0	186	320	172	0	199	73	2	0	58	59	0	0	37	1	0	0	2	5	0	4	2	0	1	0	30	0	0	16	384	5	0	0	49	0	0	1290	2	0	0	6	0	3	0	58	0	0	0	131	0	0	0	65	15	0	0	85	12	1	0	11	0	29	0	12	0	0	1	12	0	0	0	8	0	0
ITS_Zotu323	0	43	0	0	53	43	28	0	0	2	9	0	5	1	2	2	3	3	6	0	0	4	0	5	0	1	17	0	1	50	26	0	1	27	0	0	0	46	59	0	0	46	141	0	0	143	8	0	26	6	45	0	0	3	25	0	14	1	22	0	35	494	1468	79	29	103	2	18	49	0	5	0	2	0	1	0	2	3	0	0	92	167	1	0	27	19	8	0	2	30	0	0	1	4	0	0	4	2	0	0	8	6	0	28	10	4	0
ITS_Zotu234	0	0	21	6	0	0	5	0	0	0	0	0	0	0	0	3	3	0	1	0	0	0	1	0	0	23	0	0	24	0	0	4	0	15	0	0	13	20	0	0	0	13	6	0	0	0	1	1	0	15	11	0	0	29	0	0	10	448	0	0	281	90	0	1623	31	0	62	209	0	7	53	2	34	0	57	42	51	0	40	3	3	0	39	98	0	20	74	1	0	0	55	0	0	15	69	5	0	0	0	1	0	0	0	29	0	7	0
ITS_Zotu232	0	0	7	0	0	0	0	0	0	0	0	0	0	0	0	0	0	0	0	0	0	0	0	0	0	0	0	0	0	0	0	0	0	4	0	0	0	6	0	0	0	3	0	0	0	0	0	0	0	1	0	44	0	3	1	0	7	3581	0	0	0	0	0	0	0	0	0	0	0	0	0	0	0	6	0	0	3	0	0	0	0	0	4	34	0	0	0	0	0	0	0	0	0	0	0	0	0	0	0	0	0	0	0	0	0	0	0
ITS_Zotu270	0	56	8	0	0	0	0	3	0	0	0	0	63	2	26	1	31	5	0	2	0	6	0	24	4	9	0	2	9	5	0	1	86	4	13	0	48	5	0	0	0	9	4	0	2	4	0	0	3	3	3	1	0	13	0	0	1	114	0	0	11	10	0	53	50	0	10	13	14	83	13	83	17	9	13	18	38	65	11	49	17	21	10	222	34	219	86	19	418	669	15	17	19	483	234	24	0	27	15	21	0	0	3	8	0	3	4
ITS_Zotu231	0	0	0	0	0	31	0	0	1	13	0	0	0	0	0	23	0	2	0	0	0	0	2	6	0	2	2	0	2	2	6	0	0	0	89	9	0	0	3	0	0	0	0	2	0	0	6	0	0	11	4	0	0	0	0	0	0	0	0	0	0	2	0	16	0	0	323	0	26	0	10	134	18	3	18	67	17	0	11	74	15	0	0	33	37	19	319	1301	23	3	29	59	748	0	24	89	0	0	54	39	1	0	0	0	0	0	9
ITS_Zotu235	8	7	0	0	9	21	0	0	2	4	27	1	15	0	0	8	30	0	234	0	214	13	2	2	41	0	17	0	3	4	60	0	2	10	251	0	61	0	35	5	10	0	15	0	3	18	489	4	10	0	89	87	82	0	1	0	414	2	125	4	3	62	242	3	59	351	4	157	0	30	0	0	1	0	0	0	0	4	0	4	2	4	0	2	1	2	2	0	0	1	67	0	1	5	1	1	0	53	0	27	0	237	0	0	0	9	0
ITS_Zotu212	0	4	4	0	1	3	0	0	0	3	0	1	0	0	0	2	0	0	1	0	391	0	0	127	0	11	0	0	2	3	0	0	3	11	0	43	1	0	0	8	0	0	0	0	1	0	0	2	34	0	0	0	95	0	0	0	25	11	0	3004	0	2	0	0	0	0	3	0	0	0	0	3	0	0	0	1	2	0	2	0	2	0	0	0	0	2	0	6	0	0	0	8	0	0	0	0	0	0	0	0	0	0	0	0	0	0	0
ITS_Zotu264	0	98	0	6	0	24	0	0	1	2	5	12	11	0	2	3	12	0	5	0	4	30	13	0	5	0	47	0	8	2	20	1	16	9	0	0	29	0	3	0	0	15	5	4	1	23	16	0	0	1	10	3	0	5	3	8	24	17	3	0	211	2	1	98	152	78	153	310	12	12	36	38	96	0	531	130	6	0	25	38	9	1	15	67	178	61	70	144	21	37	198	24	45	66	80	281	3	0	10	12	0	0	10	20	11	25	9
ITS_Zotu230	2	0	0	0	3	0	0	0	0	5	1	1	1	0	2	31	44	0	0	0	557	0	0	77	95	0	9	0	41	0	16	0	5	1	292	1	5	0	53	76	0	0	25	0	82	5	25	0	26	0	19	0	48	0	0	4	1248	0	15	1	587	0	143	1	21	28	1	37	0	5	0	0	0	0	2	0	0	0	2	3	0	14	0	64	0	7	115	0	0	0	5	0	0	0	4	0	0	0	0	0	0	10	0	0	0	5	1
ITS_Zotu241	2	0	5	2	3	0	0	0	12	10	0	0	128	0	0	0	3	1	0	0	1	0	8	0	17	2	0	0	5	0	0	0	32	10	0	0	15	11	5	0	8	20	0	0	9	0	0	0	16	4	0	0	356	230	0	0	77	332	0	0	0	10	0	0	7	11	0	0	84	3	0	0	2137	0	0	33	86	0	0	0	86	0	0	0	59	0	0	1	51	2	1	0	33	0	0	0	0	1	0	1	0	2	0	0	0	1	0
ITS_Zotu289	0	3	0	10	0	5	1	0	2	0	0	2	1	3	0	0	6	0	0	0	301	3	0	1721	7	0	0	0	32	7	0	0	13	1	7	205	15	0	4	40	0	0	0	3	2	0	1	7	0	0	2	5	2	0	0	27	3	1	0	10	20	2	0	68	5	0	15	11	7	36	13	15	1	19	8	46	2	9	6	36	37	14	0	18	19	194	78	11	11	107	159	1	74	274	161	1	0	20	1	1	0	0	0	3	0	15	5
ITS_Zotu157	0	2	2	0	0	420	6	0	0	7	0	0	0	161	1	0	0	5	3	0	0	6	2	0	0	0	8	0	0	12	213	0	0	128	3	0	0	7	0	0	0	10	3	0	0	3	1	0	1	0	0	0	0	7	0	0	0	1	0	0	0	16	0	0	0	1583	0	0	205	0	0	0	208	0	0	0	115	0	0	0	268	0	8	0	247	1	0	0	145	0	0	0	114	0	0	0	114	0	0	0	3	0	0	0	4	0	0
ITS_Zotu236	0	0	0	52	0	0	0	1	0	0	0	0	0	0	0	7	6	0	0	3	0	0	0	3	0	0	0	0	2	0	0	0	11	0	0	29	0	0	0	5	0	0	0	0	0	0	22	22	0	0	0	4	5	0	0	0	1	0	0	2	29	0	0	63	81	0	149	34	0	1	77	22	0	0	95	736	0	1	57	64	0	0	0	29	0	8	88	56	0	28	1955	32	0	15	203	37	0	0	1	12	0	2	6	5	0	3	3
ITS_Zotu207	0	2	8	9	0	3	4	93	0	2	235	0	0	0	16	2	0	0	1	1	1	6	260	3	1	0	3	0	1	32	91	1	8	0	80	0	0	0	8	0	0	2	42	0	0	3	37	0	0	0	10	0	0	1	0	0	0	0	2711	0	0	1	91	0	0	0	0	0	0	213	0	0	7	2	0	0	0	4	0	32	0	22	1	1	0	13	0	0	0	6	0	0	0	0	3	4	5	0	0	0	2	6	0	85	5	1	0
ITS_Zotu216	0	3	0	4	1	6	0	3	1	0	2	2	15	13	1	1	142	1	63	0	0	0	2	0	3	2	1	1	15	4	7	1	10	47	2	0	201	10	0	0	1	6	28	0	1	23	0	0	1	1	38	3	1	3	0	0	101	2	0	0	232	195	0	30	214	12	18	1842	82	8	12	2	91	2	18	4	22	4	7	24	31	0	2	5	51	12	15	4	16	16	69	1	26	226	203	0	14	0	0	0	2	5	0	0	3	19	0
ITS_Zotu190	0	0	0	0	0	0	0	0	0	0	0	0	1	0	0	0	0	0	0	0	0	0	0	0	0	0	0	0	0	0	0	0	0	0	0	0	0	0	0	0	0	0	0	0	0	0	0	0	0	112	0	108	0	4054	0	0	0	142	0	0	0	0	0	0	0	0	0	1	0	0	0	0	0	0	0	0	0	0	0	0	0	0	0	0	0	0	0	0	0	0	0	0	0	0	0	0	0	0	0	0	0	2	0	0	0	1	0
ITS_Zotu255	3	0	0	4	0	5	1	8	0	5	0	5	16	0	7	7	8	0	0	1	0	1	0	10	5	0	2	0	5	0	1	1	23	0	6	2	9	0	0	4	1	4	4	4	2	8	1	1	5	2	15	9	0	0	0	0	9	0	0	1	76	0	0	104	133	0	387	70	1	0	214	373	0	0	110	201	4	0	28	259	4	0	5	66	37	39	634	302	58	62	242	89	65	41	410	107	0	0	40	19	1	0	34	4	8	0	37
ITS_Zotu199	0	1130	0	0	0	66	0	0	0	62	0	14	0	25	0	269	1	0	0	0	12	39	0	344	3	0	39	0	9	45	0	26	20	218	2	219	3	0	0	61	1	0	0	43	4	55	32	98	1	0	0	36	5	0	0	1460	1	0	0	27	0	0	0	0	0	0	0	0	0	0	0	0	0	0	50	0	0	0	0	1	0	0	0	0	0	0	0	0	0	1	0	0	0	0	0	51	0	0	0	0	0	0	0	0	0	0	0
ITS_Zotu172	0	0	0	0	0	8	0	0	0	0	7	2	0	2	0	0	0	0	35	0	263	0	0	1743	5	1	0	0	3	0	0	0	1	68	0	87	1	32	0	18	2	41	8	5	180	15	0	4	0	846	0	0	2	24	0	41	0	188	3	4	0	570	0	6	0	0	2	2	7	1	3	0	11	0	105	0	22	1	2	0	21	0	0	0	20	0	2	0	9	0	2	0	89	9	2	0	7	0	0	0	0	0	0	0	0	0	0
ITS_Zotu202	1	2	25	0	0	12	992	0	1	14	781	0	8	9	52	0	17	8	52	0	0	217	18	0	62	22	21	0	41	65	13	0	12	3	30	0	28	14	0	0	0	0	4	0	9	35	75	2	3	4	12	0	3	0	0	0	2	1	0	0	20	63	0	2	1	0	1	22	49	40	4	0	4	12	0	63	11	143	0	3	296	0	0	8	21	341	6	0	5	70	30	1	11	244	11	2	66	40	0	0	259	4	0	0	67	23	0
ITS_Zotu209	2	3	1	1	0	75	3	9	0	3	0	1	10	0	12	0	4	2	1	8	0	30	5	0	0	0	1	0	23	1	54	0	3	1	1	0	1	0	2	2	4	35	21	0	4	6	2	1	0	5	0	5	0	2	0	1	35	1	1	0	489	1	0	32	150	185	14	37	38	8	178	46	83	0	30	155	68	42	23	359	59	4	32	29	859	84	13	32	162	72	61	361	128	30	157	91	1	2	7	17	0	18	9	4	37	20	4
ITS_Zotu185	0	71	0	0	0	43	0	0	0	120	0	0	0	1903	0	0	0	0	0	0	0	45	0	0	0	0	85	0	0	10	122	0	0	123	475	0	0	0	1471	0	0	0	48	0	0	0	72	0	0	0	17	0	0	0	0	0	0	0	0	0	0	0	0	0	0	1	0	0	0	0	0	0	1	0	0	0	0	0	0	0	0	0	0	0	0	0	0	0	0	0	0	0	0	0	0	0	11	0	0	0	0	0	0	0	0	0	0
ITS_Zotu194	1	44	0	0	11	41	57	0	0	25	30	0	31	760	6	2	29	0	2	0	204	57	73	4	26	0	34	0	4	0	41	0	1	8	112	1	14	2	596	5	0	0	30	0	3	64	641	0	357	0	15	0	48	0	4	0	77	69	13	0	103	87	400	0	28	203	0	0	120	69	0	0	1	0	0	0	1	1	0	0	4	7	0	0	0	13	0	0	0	6	0	0	0	1	0	0	9	1	0	0	5	14	0	0	2	11	0
ITS_Zotu237	0	3	0	0	0	1	18	0	0	1	0	0	12	0	0	0	56	0	0	0	0	0	0	0	4	0	0	0	74	6	0	0	23	0	0	0	150	0	0	0	0	0	11	0	0	1	2	2	0	1	16	2	2	0	0	0	0	0	0	0	91	0	0	9	3	0	0	100	3	96	1	4	0	18	2	3	2	45	0	95	2	17	0	12	1	1376	0	0	1	264	17	3	17	2012	29	37	0	18	0	1	1	0	0	1	0	43	0
ITS_Zotu210	71	0	0	0	21	0	0	2	34	2	3	3	24	0	2	12	187	14	0	2	1557	3	0	185	263	0	1	1	62	0	4	0	13	0	95	227	40	5	20	9	7	0	10	0	172	33	72	0	30	0	2	0	170	0	0	8	26	0	5	1	1	0	28	14	0	3	1	5	0	12	1	4	2	14	60	12	0	21	2	20	0	8	0	68	0	10	59	94	0	21	5	2	0	74	77	169	0	100	0	126	4	196	0	101	1	33	2
ITS_Zotu181	0	0	0	0	0	0	0	0	0	0	1	0	0	2	0	0	0	0	0	0	0	0	0	0	477	0	4	0	19	0	0	1	4	0	0	0	6	3	1837	41	2	21	4	1	0	49	0	0	1	0	2	1	1	0	3	0	3	0	4	0	7	0	1	33	0	0	0	0	0	17	1	11	0	0	0	11	0	0	1	4	0	0	0	1976	0	0	67	111	0	0	0	4	0	0	0	4	0	0	1	8	0	5	0	6	0	0	0
ITS_Zotu182	0	0	0	0	0	2	0	0	0	0	0	0	0	55	0	0	0	0	0	0	0	0	0	0	5	0	5	0	0	0	72	0	0	0	19	0	0	0	4460	0	0	0	5	0	0	9	16	0	0	0	59	0	0	0	2	0	2	0	7	0	0	0	23	0	0	6	0	0	0	28	0	0	0	0	0	0	0	0	0	0	0	0	0	0	0	0	0	0	0	0	0	0	0	0	0	0	0	0	0	0	0	7	0	0	0	0	0
ITS_Zotu164	0	209	0	1	0	75	0	2	0	46	4	4	0	19	15	4	0	0	106	4	0	22	0	44	0	1	39	164	9	16	185	0	1	2240	4	746	0	11	3	13	0	17	3	5	0	390	5	4	0	7	0	0	49	13	0	4	0	9	0	0	0	25	0	6	5	2	1	0	0	0	0	4	0	3	0	1	0	1	14	0	0	0	1	127	0	0	0	4	50	76	0	0	0	0	0	0	0	0	0	12	0	0	0	6	0	0	0
ITS_Zotu173	0	449	0	0	0	2819	429	7	0	373	258	169	0	19	0	1	0	0	1	0	0	137	2	0	0	1	3	0	0	18	69	0	0	20	34	0	0	0	0	0	0	0	0	0	0	22	4	0	0	0	0	0	0	0	0	0	0	0	0	0	0	1	0	0	0	4	0	0	0	0	0	0	1	0	0	0	0	0	0	0	6	0	0	0	0	0	0	0	0	0	0	0	2	0	0	0	9	0	0	0	0	0	0	1	1	0	0
ITS_Zotu193	0	0	762	0	18	15	30	0	2	0	20	0	3	0	21	0	0	0	14	0	0	1	11	0	0	4	0	0	0	0	239	0	0	0	1	0	0	0	174	0	0	0	16	0	0	10	29	0	4	0	8	0	0	0	4	0	3	2	14	0	0	1	939	0	0	2189	0	0	0	101	0	0	0	1	0	0	4	3	0	0	0	130	0	0	0	4	0	0	0	4	0	0	0	0	0	0	55	4	0	0	1	22	0	0	6	2	0
ITS_Zotu198	0	0	160	0	12	184	15	0	0	0	96	0	0	10	21	0	0	0	26	0	0	75	3	0	0	0	1	0	0	5	430	0	0	4	12	0	0	0	163	0	0	0	121	0	0	9	79	0	1	0	11	0	0	0	0	0	0	0	11	0	2	71	674	0	0	2262	0	0	0	116	0	0	0	0	0	0	0	7	0	0	0	241	0	0	0	11	0	0	0	7	0	0	0	0	0	0	42	5	0	0	0	2	0	0	2	1	0
ITS_Zotu195	0	0	0	0	0	0	0	0	0	0	0	0	0	0	0	4	2	0	0	0	9	0	0	544	0	0	0	0	0	0	0	0	0	0	0	127	4	0	0	3106	0	0	0	3	0	0	0	3	2	0	10	0	4	0	0	72	745	0	0	0	19	0	0	0	9	0	0	293	0	0	0	0	0	0	0	0	0	0	0	0	0	0	0	0	0	0	0	0	0	0	0	0	0	5	0	0	0	0	0	0	0	0	0	0	0	0	0
ITS_Zotu191	0	0	0	0	1	0	5	0	0	0	231	0	2	2	0	0	28	0	2	0	0	5	0	0	16	0	16	0	0	3	7	0	0	0	8	0	0	0	4219	0	0	0	22	0	0	12	78	0	0	0	230	0	0	0	6	0	14	0	4	0	0	0	10	0	0	2	0	0	0	28	0	0	0	0	0	0	0	0	0	0	0	0	0	0	0	0	0	0	0	0	0	0	0	3	0	0	0	0	0	0	0	29	0	0	0	0	0
ITS_Zotu183	7	207	0	0	2	2848	0	0	0	141	0	0	6	78	7	0	12	21	0	0	4	146	0	1	0	16	1	0	12	82	222	0	0	424	6	0	0	0	0	0	0	0	2	0	7	0	1	0	0	7	0	0	0	0	0	0	0	0	0	0	4	0	0	4	0	60	0	0	14	11	0	17	18	1	0	9	7	60	0	3	19	2	2	73	13	12	1	5	210	4	0	7	54	15	0	6	0	0	0	6	0	9	0	0	0	94	0
ITS_Zotu174	0	0	2	0	0	0	0	0	0	0	0	0	0	0	0	0	0	0	0	0	53	0	0	1	0	6	22	0	0	17	8	14	0	3	13	0	0	3	4	0	0	4	20	0	0	0	13	0	0	926	398	37	0	1374	0	0	0	156	0	433	0	10	0	1067	17	0	26	0	0	0	23	1	0	0	104	0	3	0	40	0	1	0	13	35	2	0	82	0	0	0	48	0	0	0	31	1	0	0	0	0	0	0	0	3	0	0	0
ITS_Zotu187	3	0	0	5	30	8	0	0	2	0	0	5	19	0	0	10	116	0	0	0	1324	0	0	25	77	0	0	0	8	0	2	0	17	0	3	1	9	0	10	1	0	0	6	0	2	3	0	0	8	0	8	1	97	0	1	37	45	0	1259	7	34	0	106	1	7	149	0	0	1	20	0	5	8	0	50	5	0	7	7	2	0	17	2	29	3	89	0	10	63	367	2	1	13	119	1	212	0	52	0	114	0	204	0	52	0	130	0
ITS_Zotu180	0	3815	153	0	2	119	6	0	0	104	3	0	6	63	5	0	0	1	1	0	0	90	14	0	0	2	160	0	0	92	0	0	0	194	0	0	0	0	0	0	0	0	0	0	0	176	0	0	0	0	0	0	0	0	0	0	0	14	0	0	0	5	0	0	0	0	0	0	0	0	0	0	18	0	0	0	10	0	0	0	0	0	0	0	1	0	0	0	2	0	0	0	0	0	0	0	9	0	0	0	11	0	0	0	8	0	0
ITS_Zotu179	2	0	0	0	1	0	0	1	0	0	16	2	0	0	0	9	0	0	0	0	2125	1079	0	23	0	0	0	0	2	0	0	0	0	4	0	0	0	0	0	0	0	0	0	0	0	0	14	0	0	0	0	0	12	0	0	0	4	0	0	0	4	0	0	15	0	0	22	0	0	2	1	24	0	10	0	43	0	9	0	402	0	59	289	30	0	88	6	749	0	0	1	3	0	0	25	1	0	78	9	2	0	0	2	8	0	3	2
ITS_Zotu175	0	11	0	0	0	31	107	0	0	2	19	0	0	0	3	0	0	12	57	0	0	0	5	0	0	0	6	0	0	75	0	0	0	2	2	0	3	28	4	0	0	1	54	0	5	44	1	1	5	43	3	0	0	5	1	0	0	0	9	0	0	420	59	0	2	0	2	7	424	7	1	11	154	0	0	46	82	15	0	4	2134	7	0	2	207	5	0	1	234	3	7	4	767	49	0	16	0	5	0	0	10	0	0	0	2	0	0
ITS_Zotu168	7	8	0	17	1	0	0	4	0	0	39	47	0	0	0	4	31	0	0	0	49	24	0	0	10	0	4	0	3	0	7	0	3	0	12	13	2	0	44	0	0	0	44	0	185	0	852	0	7	0	18	0	372	3	1	0	64	243	3112	0	8	8	42	0	0	4	0	1	0	0	0	0	0	0	0	0	0	8	0	0	0	3	0	0	0	5	0	0	0	0	0	0	0	0	0	0	0	0	0	0	0	0	0	1	0	1	0
ITS_Zotu177	1	0	2	0	6	2	4	0	1	0	9	7	46	1	3	57	36	0	4	0	2689	2	5	231	44	0	1	0	19	5	0	0	5	0	4	69	28	0	209	21	0	0	47	0	15	15	57	0	80	7	13	0	114	0	0	31	425	0	3	2	786	0	277	0	17	4	0	80	0	2	0	0	0	0	0	0	0	0	0	0	0	1	0	1	0	11	0	0	0	3	0	0	6	2	0	0	8	0	0	0	5	4	0	6	2	16	0
ITS_Zotu221	0	2	0	0	0	13	2	0	0	0	65	33	0	0	0	3	0	3	169	0	870	1	0	29	1	0	6	0	0	5	4	0	0	49	2	0	0	361	19	0	0	106	126	0	0	246	0	0	21	37	10	0	62	31	1	0	33	37	18	2	4	2771	361	0	0	18	0	0	7	4	0	0	1	0	0	0	3	0	0	0	40	14	0	0	1	0	0	0	0	0	0	0	0	0	0	0	0	0	0	0	7	0	0	0	1	0	0
ITS_Zotu192	0	7	5	0	0	2	0	0	0	40	0	0	0	1	0	0	0	0	0	0	0	2	34	0	0	3	0	0	0	2	0	0	0	19	1	0	0	28	2	0	0	16	3	0	0	0	0	0	0	17	0	14	0	239	4	0	133	1971	0	0	3	23	0	0	7	0	0	11	128	6	0	0	2510	18	0	0	78	0	0	0	89	3	0	0	81	0	0	0	72	0	0	0	49	1	0	0	0	0	0	0	0	0	0	0	0	0	0
ITS_Zotu176	9	4559	0	0	494	51	0	0	20	78	0	0	9	32	0	0	10	1	0	0	2	61	0	0	0	0	76	0	0	20	0	0	0	93	1	0	0	0	0	0	0	0	0	0	0	92	0	0	7	0	0	0	0	0	0	0	0	0	0	0	0	0	5	0	0	0	0	0	1	0	0	0	20	0	0	0	0	0	0	0	0	7	0	0	0	0	0	0	5	0	0	0	0	1	0	0	0	0	0	0	0	6	0	0	0	8	0
ITS_Zotu170	19	143	0	32	0	2055	1	28	0	53	228	2165	0	87	0	29	1	57	20	17	56	146	0	26	0	30	7	19	0	52	57	0	0	50	6	1	0	0	0	0	0	1	0	0	0	18	14	0	6	41	0	0	74	0	0	10	15	0	0	0	0	10	0	0	0	19	0	0	1	0	0	0	0	0	133	4	0	0	0	0	1	0	0	0	0	0	0	0	3	0	0	0	114	0	0	94	6	0	1	0	0	0	0	24	0	0	0
ITS_Zotu169	0	0	0	1	3	4	1	1	0	0	0	50	0	0	0	162	0	0	0	0	299	0	0	31	0	0	0	0	0	13	0	1	0	0	0	910	4	1	2	11	0	0	3	6	0	2	0	3	57	2	4	22	3672	0	0	23	100	0	0	0	0	10	13	12	1	20	1	3	6	0	10	22	2	0	10	15	5	0	3	241	45	2	0	4	8	1	13	13	6	0	21	3	54	1	152	14	0	0	0	6	0	0	0	0	0	0	2
ITS_Zotu269	1	0	0	0	0	0	0	0	0	0	0	0	126	0	0	0	6	0	0	0	0	0	0	0	0	0	0	0	24	0	0	0	215	0	0	0	21	0	3	0	0	0	5	0	0	38	0	0	0	0	2	0	3	0	0	0	1	0	1	0	37	0	0	0	255	0	0	9	0	155	0	0	0	42	0	0	0	110	0	0	0	60	0	0	0	693	0	0	0	3936	0	0	0	460	0	0	0	56	0	0	0	0	0	0	0	12	0
ITS_Zotu204	87	42	37	16	234	0	0	6	0	1	0	161	28	9	1	7	12	0	0	18	1085	1	0	247	20	0	10	0	8	21	59	0	15	4	19	874	6	0	65	9	57	2	0	29	80	0	1	0	34	0	3	0	174	0	0	3	12	0	3	0	0	0	0	8	0	0	2	0	2	13	8	85	9	9	110	383	0	55	2	75	0	73	86	138	0	6	5	15	0	0	9	98	0	4	2	513	6	0	65	28	118	220	255	228	47	102	6
ITS_Zotu148	0	0	0	0	0	0	88	0	1	0	53	3	0	17	0	6	0	3	216	0	182	0	2	29	0	0	10	1	16	82	1	0	0	99	0	3	0	106	0	0	0	97	139	0	0	103	0	0	1	66	0	0	9	82	0	0	23	84	0	0	224	4087	0	1	27	0	74	11	13	0	0	0	5	0	0	0	9	0	4	0	261	0	0	0	11	21	10	16	19	0	1	0	20	2	1	0	9	0	1	0	0	0	0	0	1	18	0
ITS_Zotu203	13	14	0	10	1	7	16	0	0	0	0	0	12	0	0	17	19	0	0	43	2	0	0	4	37	0	5	1	4	12	0	2	7	0	0	0	22	0	29	20	0	5	3	0	5	3	13	13	1	8	6	0	0	0	0	0	307	1	3	2	56	40	0	279	95	1	374	165	7	83	1056	78	20	0	199	511	6	44	40	71	246	27	63	189	31	10	86	232	15	54	331	549	70	38	78	138	0	1	86	38	0	60	184	23	1	6	31
ITS_Zotu167	0	82	0	0	0	1	0	0	1	2	7	0	2	0	2	0	5	0	57	0	3	29	1	0	3325	0	55	0	269	0	36	0	289	33	2	0	285	17	23	0	54	450	5	0	85	435	0	0	50	19	1	0	61	30	0	0	211	33	0	0	0	33	0	0	0	0	0	6	0	389	0	0	0	0	0	0	0	4	0	0	1	0	0	0	73	4	0	0	9	3	0	0	15	2	0	0	0	0	0	0	0	140	0	0	23	3	0
ITS_Zotu184	3	18	145	7	13	34	1	0	0	344	2	38	17	17	53	4	28	171	0	0	562	36	6	60	6	32	32	0	3	9	87	0	5	7	323	266	7	13	2	1	0	62	0	17	0	0	1	0	4	0	6	2	42	1	0	1	1	9	0	0	1	0	0	16	0	0	5	1	76	29	1	6	26	12	10	10	276	18	2	46	3	67	42	210	233	56	0	114	58	134	38	41	39	31	70	42	505	0	15	1	1349	85	2	34	718	19	0
ITS_Zotu151	21	29	0	0	0	125	19	18	0	25	0	1	21	9	5	1	1	23	0	3	139	37	2	895	0	17	9	0	20	527	7	1	23	4	87	82	5	1	0	38	1	0	2	3	29	4	1	13	0	40	0	14	0	0	0	12	0	1	10	1	56	12	0	54	74	0	60	20	30	56	38	8	21	17	21	47	23	606	10	136	120	18	11	149	43	322	19	137	24	669	99	28	814	316	488	19	0	13	40	21	1	0	137	2	0	13	7
ITS_Zotu145	0	0	0	0	0	0	0	0	12	0	0	0	0	0	0	4	0	0	0	0	13	0	0	303	0	0	0	0	0	0	0	0	0	0	0	158	0	0	0	44	0	0	0	373	0	0	0	6170	0	0	0	0	2	0	0	53	0	0	0	0	0	0	0	0	0	0	0	0	0	0	0	0	0	0	0	0	0	0	0	0	0	0	0	0	0	0	0	0	0	0	0	0	0	0	0	0	0	0	0	0	0	0	0	0	0	2	0
ITS_Zotu162	1	1	27	0	6	0	37	18	24	32	0	3	57	3	31	2	22	18	0	6	4	24	57	11	34	10	0	5	2	20	9	0	0	0	0	0	2	1	9	3	0	21	1	1	0	0	0	0	0	0	0	6	14	22	0	0	41	5	0	0	1	3	1	30	1	2	31	6	200	83	51	457	846	3	79	72	366	11	257	791	277	41	14	29	299	53	287	64	77	49	36	54	43	52	383	223	9	351	25	94	23	299	84	0	442	52	28
ITS_Zotu143	12	262	4	0	69	99	247	0	6	0	110	0	3	16	5	0	1	0	0	0	0	50	0	0	2	0	43	0	5	1	408	0	0	0	107	0	0	0	752	0	0	0	228	0	0	23	715	0	2	0	0	0	2	0	0	0	8	0	14	1	5	1	388	0	0	2404	0	0	0	136	0	0	0	0	0	0	0	110	0	0	1	47	0	0	0	38	0	0	1	2	0	0	0	0	0	0	8	174	0	0	1	529	0	0	2	276	0
ITS_Zotu153	9	0	18	7	20	0	7	0	33	0	0	0	58	3	16	2	60	1	0	1	29	0	9	0	31	0	6	4	33	0	1	0	0	6	0	4	0	2	4	6	0	0	2	0	0	0	1	1	0	0	0	0	2	0	0	0	36	0	0	0	88	0	0	8	29	0	55	2	6	41	15	13	0	2	15	62	0	6	28	12	0	8	10	13	8	51	3	161	0	103	539	20	0	13	70	112	636	89	590	715	349	1515	249	7	104	1181	18
ITS_Zotu200	0	7	253	0	39	74	203	0	0	0	197	0	2	10	18	0	1	0	4	0	0	20	9	0	0	0	18	0	3	1	543	0	0	0	2	0	0	0	236	0	0	0	92	0	0	24	135	0	1	0	19	0	0	0	11	0	4	0	48	0	3	28	990	0	0	3891	0	0	0	94	0	0	0	3	0	0	3	26	0	0	1	213	0	0	0	26	0	0	0	2	0	0	0	3	0	0	104	4	0	0	1	3	0	0	2	3	0
ITS_Zotu154	4	387	116	0	9	6	15	0	116	12	46	0	12	4	53	4	47	3	348	5	2	3	6	0	17	25	172	0	193	27	6	0	27	121	22	0	98	119	3	0	1	109	54	0	70	1641	1	0	14	41	13	0	13	119	2	0	66	56	1	0	603	620	87	0	160	7	42	662	20	7	27	13	19	4	0	30	40	20	0	14	54	17	0	14	16	91	2	209	130	7	9	29	2	130	12	13	20	12	10	8	13	4	2	0	12	66	0
ITS_Zotu131	0	88	0	0	0	987	4	26	0	61	221	2	3	72	6	6	0	45	41	0	0	120	0	12	0	89	23	0	4	89	46	0	10	359	41	1	1	1	0	0	0	5	2	6	0	12	34	0	0	75	0	9	0	0	0	0	0	3	0	0	26	10	0	7	8	0	82	5	51	17	29	718	45	5	27	124	52	8	1	1000	93	7	1	81	58	179	162	348	88	140	11	122	1358	25	273	153	35	0	16	58	0	0	3	4	2	10	28
ITS_Zotu158	0	57	0	0	16	62	0	0	0	1	20	0	11	0	0	0	0	7	20	0	0	1	0	0	0	0	17	0	23	3	19	0	11	15	1	0	2	95	81	0	0	12	391	0	0	819	3	3	72	0	107	0	0	4	36	0	55	6	56	0	436	316	3533	4	423	305	0	51	579	0	0	0	12	0	4	0	19	0	5	0	106	48	0	0	35	10	5	0	24	15	13	0	21	1	1	0	0	0	0	0	4	0	0	0	0	5	0
ITS_Zotu156	0	4	63	24	0	24	1845	0	0	0	0	0	0	2	84	0	5	1	0	0	0	1	29	5	0	1	1	0	12	91	0	56	0	0	4	27	26	1	0	21	0	0	5	73	0	1	1467	1467	0	28	2	93	0	2	0	31	0	0	0	17	13	65	0	21	1	0	0	30	18	23	0	15	9	5	0	135	15	15	0	9	298	5	1	150	31	259	4	2	25	20	246	5	567	318	12	6	67	2	0	1	64	0	0	4	103	6	3
ITS_Zotu126	0	0	0	135	0	0	0	7703	0	0	0	0	0	0	0	0	0	0	0	0	0	0	0	0	0	0	0	0	0	0	0	0	0	0	0	0	0	0	0	0	0	0	0	0	0	0	0	0	0	0	0	0	0	0	0	0	0	0	249	0	1	0	0	0	0	0	0	0	0	0	0	0	0	0	0	1	0	0	0	1	0	0	0	1	0	2	7	1	0	0	1	0	0	2	11	0	0	0	0	0	0	0	0	0	0	0	0
ITS_Zotu144	0	0	11	0	2	0	0	0	0	0	0	94	0	0	0	278	0	0	0	0	400	0	0	8	0	9	0	0	6	0	1	0	0	5	0	765	0	19	7	2	0	9	10	0	0	18	0	2	102	9	12	0	5660	11	9	10	156	193	1	0	89	24	109	0	10	8	0	4	0	0	0	0	2	0	0	0	54	1	0	0	1	8	0	0	0	13	0	0	0	0	0	0	0	1	0	0	0	0	0	0	0	0	0	0	1	2	0
ITS_Zotu142	0	113	0	0	91	24	29	0	0	108	0	0	0	10	79	0	0	568	0	0	0	30	2	0	0	3	278	0	0	8	1386	0	2	0	5058	0	0	3	23	0	1	4	14	0	0	8	53	0	6	0	29	0	0	0	0	0	0	0	0	0	2	0	1	0	0	2	0	0	10	8	0	0	0	35	0	0	0	54	0	0	0	65	0	0	0	54	0	0	4	0	0	0	0	2	0	0	0	0	0	0	14	0	0	0	0	1	0
ITS_Zotu141	40	1897	44	0	191	90	29	0	21	211	9	0	491	66	72	1	773	1205	15	0	44	126	972	0	0	35	127	0	0	115	8	0	26	113	246	0	16	419	7	0	2	17	28	0	1	111	10	0	19	9	64	0	0	83	1	0	0	11	0	0	0	32	5	0	6	0	0	11	46	0	0	0	86	7	0	0	0	0	0	0	3	4	0	0	0	0	0	0	2	4	0	0	0	4	0	0	13	0	0	0	144	43	0	0	55	35	0
ITS_Zotu134	0	0	0	0	0	0	0	300	0	0	0	765	0	0	0	6	0	0	0	0	0	0	0	3	0	0	0	0	0	0	0	0	0	0	0	0	0	0	0	0	0	0	0	0	0	0	0	0	0	0	0	9	0	0	0	0	0	3	0	0	0	0	0	0	0	0	0	0	0	0	0	16	0	0	2	33	0	0	0	6740	0	0	0	31	0	0	0	24	0	0	0	18	0	0	26	230	0	6	26	9	0	0	0	33	0	0	0
ITS_Zotu186	0	103	5	17	0	19	2	34	0	0	2	1	24	27	55	15	9	0	1	5	1	25	4	8	1	1	15	0	5	16	5	5	35	7	21	41	20	6	31	0	0	3	5	0	4	40	18	12	0	13	13	8	5	2	0	0	22	4	0	0	70	2	0	332	471	2	573	177	30	6	125	214	43	2	160	250	60	1	41	433	52	10	35	211	56	33	327	485	992	163	849	47	222	51	863	92	0	10	39	23	0	0	13	7	4	10	25
ITS_Zotu135	0	254	0	6	0	182	16	4	0	90	9	3	6	48	8	1	1	7	200	3	1	82	0	43	0	8	41	183	20	785	371	0	7	3874	23	1082	0	7	4	14	0	14	10	9	0	545	5	3	0	14	16	4	97	4	0	10	0	32	0	1	9	42	0	6	3	4	2	0	0	10	0	0	0	6	0	8	2	0	7	0	27	0	1	50	0	13	0	2	17	103	0	5	0	14	0	0	0	1	1	5	0	0	0	3	0	0	0
ITS_Zotu146	4	1	1	0	3	4	3	0	4	13	0	7	5	5	6	213	180	190	0	0	2158	1	254	310	91	3	4	0	42	2	2	0	9	0	7	13	10	48	26	132	0	2	132	2	18	9	0	0	255	10	23	0	104	16	0	434	1291	1074	148	2	597	0	284	0	23	61	1	122	3	3	0	0	4	0	0	0	0	5	0	0	0	17	0	0	0	15	0	18	0	0	0	0	2	24	1	13	4	0	0	0	17	12	0	0	6	23	0
ITS_Zotu136	3	9	154	0	12	15	24	14	0	19	35	0	1	4	55	1	62	165	2	1	206	25	165	2	34	7	87	0	2	18	927	6	0	4	589	0	4	21	406	0	0	8	40	5	1	29	544	4	9	6	1390	9	2	24	7	1	34	405	259	2	3	1	656	0	3	8	0	0	4	24	0	197	16	0	0	42	2	80	0	822	12	121	1	12	2	266	0	6	3	148	0	13	1	82	5	51	12	0	73	6	22	13	0	40	23	2	0
ITS_Zotu120	0	35	0	0	0	1	0	0	0	61	0	0	0	2	61	0	0	0	0	0	0	8	0	0	0	0	79	0	0	0	941	0	0	4	7209	0	0	0	52	0	0	0	20	0	1	0	67	0	0	0	36	0	0	0	0	0	0	0	0	0	0	0	0	0	0	0	0	0	0	0	0	0	0	1	0	0	0	25	0	0	0	39	0	59	1	0	0	0	13	0	0	0	0	0	0	0	2	2	0	0	0	0	0	0	2	0	0
ITS_Zotu140	106	3	0	3	44	0	0	4	34	0	14	12	78	0	16	26	105	0	2	2	3027	6	1	450	588	0	11	50	85	0	24	0	21	0	423	955	19	0	24	30	2	0	19	0	23	5	392	5	54	0	16	0	548	0	3	13	82	0	1	1	4	0	158	4	0	7	0	4	0	34	0	1	0	4	8	19	0	39	1	0	0	28	22	113	0	33	0	81	5	9	0	2	7	25	8	348	1	148	0	49	0	398	13	111	0	92	0
ITS_Zotu119	0	829	1	0	13	47	24	5	0	88	3	2184	0	1	38	4	4	5	0	0	400	31	479	10	15	0	86	0	0	17	30	26	0	36	5	20	16	20	209	11	17	46	5	11	4	127	29	6	78	45	4	26	65	73	0	2301	30	961	21	23	25	122	19	14	0	81	0	1	49	45	0	0	21	4	36	0	0	0	0	0	0	1	0	0	1	0	0	0	0	1	1	0	4	1	0	46	6	0	0	0	55	24	0	0	28	0	0
ITS_Zotu123	0	32	0	0	0	10	2	0	0	80	0	0	0	2	36	0	0	0	0	0	0	0	0	0	0	0	76	0	0	0	1092	0	0	0	7518	32	0	0	47	0	0	0	16	0	0	0	100	0	0	0	60	0	3	0	0	0	0	0	0	0	0	0	0	0	0	1	0	0	0	0	0	0	0	0	0	0	0	35	0	0	0	1	0	0	0	0	0	0	8	0	0	0	0	0	0	0	0	0	0	0	0	0	0	0	2	0	0
ITS_Zotu116	0	0	0	0	0	0	0	0	0	0	8	0	0	43	0	0	0	0	0	0	0	7	0	0	11	0	32	0	0	0	31	0	0	0	63	0	0	0	8427	0	0	0	25	0	0	15	480	0	0	0	53	0	0	0	8	0	11	0	1	0	0	0	36	0	0	2	0	0	0	47	0	0	0	0	0	0	0	0	0	0	0	0	0	0	0	0	0	0	0	0	0	0	0	0	0	0	0	0	0	0	0	20	0	0	0	0	0
ITS_Zotu159	1	364	3	79	0	25	1	35	0	257	20	14	5	208	50	11	9	20	25	0	369	111	4	151	18	29	28	1	330	29	38	7	46	135	378	190	105	3	9	20	4	0	57	7	8	9	184	57	38	6	9	30	306	0	0	7	35	5	0	10	356	21	0	95	36	0	196	55	0	6	51	105	3	1	66	869	6	4	62	429	3	5	10	91	2	107	135	142	47	28	1449	55	2	86	701	62	28	5	6	33	0	2	1	1	0	69	7
ITS_Zotu189	0	0	0	0	29	61	8	0	0	1	106	21	1	1	0	0	0	0	114	0	1	0	0	3	0	0	3	0	1	4	41	9	1	47	1	0	2	75	56	0	0	54	248	1	0	461	0	0	45	32	70	0	2	35	19	0	4	29	34	0	114	3177	2280	692	23	425	24	6	6	14	12	4	5	3	25	10	0	9	18	2	50	113	0	210	8	18	137	6	3	193	21	4	64	36	20	5	0	0	0	4	0	0	0	21	0	0	0
ITS_Zotu138	7	7	20	9	5	3	18	12	4	14	0	7	11	10	4	5	7	7	14	20	4	5	9	28	139	0	7	17	1949	0	12	4	181	139	10	412	92	3	2	14	20	3	25	18	47	1	1	2	33	0	0	3	75	7	0	2	17	0	0	2	124	5	1	101	0	0	50	0	29	37	196	521	147	2	33	203	15	82	228	382	134	1	265	162	16	120	112	88	10	6	47	183	11	57	52	119	12	4	161	363	218	189	1197	64	43	82	77
ITS_Zotu127	81	0	0	0	1	0	0	15	0	0	0	0	0	0	0	0	37	0	0	4	10	0	0	0	1002	0	0	0	2	0	0	1	1	0	0	0	8	0	3	0	14	0	0	0	2	0	0	0	27	0	0	1	0	0	0	0	1	0	0	0	0	0	0	21	0	0	0	0	0	11	6	6	0	0	0	12	0	0	0	4740	0	0	4	2554	0	0	0	19	0	0	0	740	0	0	34	6	0	0	0	7	0	11	5	38	0	1	0
ITS_Zotu121	1	0	0	0	86	34	0	0	9	0	37	0	5	0	0	0	0	0	0	0	0	14	0	0	2	0	0	0	0	0	416	0	0	0	5	0	0	0	278	0	0	0	62	0	0	47	761	0	27	0	21	0	2	0	8	0	4	0	62	0	2	0	4661	0	0	2373	0	0	0	148	0	0	0	0	0	0	0	2	0	0	0	381	0	0	0	6	0	0	0	5	0	0	0	0	0	0	0	194	0	0	0	100	0	0	0	2	0
ITS_Zotu152	1	27	0	21	0	550	1	10	1	20	2	4	8	20	3	22	15	398	0	17	0	60	2	143	0	17	117	6	26	27	1873	2	13	4	187	5	10	13	103	14	0	3	89	4	2	6	73	0	0	16	74	1	5	0	0	5	0	1	1	0	61	0	0	263	27	57	148	43	84	69	174	54	119	15	8	81	28	31	8	178	47	11	34	402	258	590	49	460	37	306	107	450	604	485	144	55	0	70	25	42	16	0	42	23	16	20	5
ITS_Zotu118	3	14	20	11	131	8	6	0	1	52	19	46	33	24	4	1	7	705	3	0	5861	12	604	84	4	15	17	0	9	20	9	0	3	0	23	0	4	16	738	0	1	0	13	0	8	1	270	0	28	1	21	0	50	11	0	0	49	10	0	12	2	130	41	0	0	0	0	2	13	8	0	0	21	0	1	0	193	0	0	0	4	7	0	0	2	0	0	2	0	2	12	0	2	109	0	0	1	12	0	0	62	220	0	0	0	2	0
ITS_Zotu124	2	8198	0	0	0	118	0	0	22	194	0	0	3	106	3	0	2	13	0	0	3	134	0	1	0	95	144	0	0	78	0	0	0	267	4	0	0	0	0	0	0	0	0	0	0	204	1	1	0	0	0	0	0	0	0	0	0	3	3	1	0	0	0	1	0	1	2	0	0	6	0	0	0	3	3	0	0	156	0	0	0	8	0	0	1	1	1	0	9	16	34	0	0	35	1	0	0	0	0	0	0	3	0	0	0	1	0
ITS_Zotu128	21	0	4	14	26	0	8	3	31	1	0	2	96	0	3	19	76	2	0	1	22	2	8	1	70	0	0	5	6	0	0	0	0	0	0	8	9	1	21	1	0	0	0	0	0	1	6	6	0	0	1	2	2	0	0	1	142	0	0	0	97	0	0	24	145	0	109	405	4	138	28	9	24	2	23	62	0	2	29	341	1	30	33	11	2	12	19	349	0	122	959	24	0	36	180	151	328	87	1305	267	103	3336	469	33	68	108	20
ITS_Zotu166	0	176	1	9	1	2	0	1	0	6	0	0	1	2	1	76	0	2	0	2	0	151	1	0	10	9	63	0	174	5	55	0	44	53	9	36	35	1	3	0	15	92	3	0	2	13	11	5	15	0	2	0	5	1	0	0	0	7	0	0	17	7	1	145	1	0	934	1	49	0	41	316	14	0	39	663	132	0	32	310	65	0	12	505	813	16	58	3425	60	9	550	214	37	0	113	176	2	0	112	109	2	0	3	6	50	19	4
ITS_Zotu149	0	1662	25	9	0	274	16	1	0	60	1	19	2	30	12	34	9	24	37	0	677	48	2	274	12	361	612	0	86	171	91	8	74	431	54	857	76	1	15	26	8	2	16	8	13	122	27	17	186	88	17	6	1661	5	0	7	51	69	0	6	71	59	0	86	31	6	150	47	3	4	40	87	0	2	21	124	63	6	22	61	37	1	6	105	1	44	139	175	17	11	242	25	2	75	100	16	4	0	14	13	1	0	6	8	0	11	13
ITS_Zotu117	77	8	0	2	0	7	0	2	1	7	1	30	87	621	0	18	5	0	12	38	175	3	1	704	33	0	53	0	39	2	54	25	184	26	54	358	30	0	923	3228	15	0	53	50	404	170	58	59	30	0	36	23	103	2	11	97	2496	0	5	14	0	0	7	0	3	0	1	0	0	0	41	4	3	0	1	3	0	32	4	0	0	0	0	4	3	0	0	1	0	19	0	151	0	0	0	0	0	0	0	0	0	5	5	0	0	0	0
ITS_Zotu133	0	2	0	0	66	30	0	0	1	2	0	0	1	0	0	0	0	0	0	0	0	0	0	0	0	0	0	0	0	0	19	0	4	4	0	0	0	11	229	0	0	211	353	0	2	397	0	0	119	7	246	0	0	4	84	0	1	0	190	0	2	25	8378	6	1	239	0	0	0	1	4	0	0	1	0	0	0	0	0	0	0	154	0	0	9	6	1	0	0	0	35	0	0	0	0	0	0	0	0	0	0	0	0	0	2	0	0
ITS_Zotu137	0	156	5	2	0	14	7	1	0	3	0	0	0	0	151	26	15	4	0	0	0	1	6	2	0	1	2	0	16	6	3	0	5	1	78	7	10	0	0	1	1	0	2	1	1	0	0	0	0	3	3	0	0	0	0	0	1	0	0	0	6	3	0	15	1	0	453	29	190	17	37	235	251	9	23	209	150	11	9	199	276	5	1	99	267	90	132	1989	4402	66	105	201	418	258	21	198	1	4	46	73	2	0	6	0	1	4	3
ITS_Zotu110	4	9	2	3	4	74	13	1	0	9	6	2035	0	66	30	9	47	59	385	49	1720	14	472	19	269	0	13	3	26	74	33	0	5	93	9	38	139	250	239	26	448	11	25	4	453	123	4	0	132	65	6	0	62	13	14	0	584	106	8	4	196	111	125	1	11	1	0	6	17	1	24	7	58	18	0	27	0	4	0	15	97	5	0	15	337	73	0	6	5	8	24	1195	12	15	16	2	90	1	0	14	100	42	7	0	91	7	0
ITS_Zotu129	0	2	10	1	0	58	316	35	0	24	2	0	36	3	25	0	17	1	0	0	1	14	6	2	6	0	1	0	220	35	0	0	40	4	1	1	37	0	0	0	0	3	31	1	2	7	7	6	0	56	1	18	1	0	0	0	4	0	1	0	231	12	6	68	33	0	27	38	35	174	28	25	17	46	22	27	52	37	17	124	208	47	3	15	68	3681	244	0	43	810	290	2	1127	1017	1288	1	9	39	18	0	17	0	0	0	17	148	6
ITS_Zotu147	0	0	0	57	0	23	0	31	0	0	0	2	19	0	2	7	14	0	0	0	0	0	0	15	0	0	0	2	42	0	0	0	65	1	0	1	26	0	1	0	0	1	4	6	3	11	27	27	0	24	15	2	0	0	0	0	3	0	0	0	33	0	0	218	56	0	277	35	29	289	157	250	18	43	202	353	31	53	187	352	35	47	3	48	65	499	961	325	39	785	3271	36	429	616	1243	50	0	38	26	34	3	2	2	0	2	19	23
ITS_Zotu114	0	0	0	2	1	0	0	0	0	0	0	4	39	0	0	4	14	0	0	1	2	0	0	59	0	0	0	0	7	0	1	10	17	0	0	1	1	0	0	2	0	0	1	22	0	5	0	0	0	5	4	0	3	0	0	4	0	0	0	0	11	0	0	395	21	0	386	12	3	13	211	1146	9	1	379	160	10	15	127	155	8	9	24	761	4	48	5250	244	14	314	393	90	33	125	321	145	0	4	126	58	0	0	91	14	0	128	169
ITS_Zotu113	0	4	0	23	1	0	8	56	1	20	0	12	7	5	7	13	7	69	0	4	0	9	19	2	1	3	33	1	15	21	4	0	18	7	0	4	6	82	0	1	0	17	0	2	5	0	11	11	0	10	0	23	4	25	0	2	16	5	0	0	62	97	0	293	25	0	606	31	1264	11	267	38	380	0	714	190	128	1	203	447	220	0	4	31	247	32	407	191	100	10	1245	27	72	50	3674	49	1	1	100	12	70	5	16	10	13	0	30
ITS_Zotu253	0	6	3	14	0	67	0	60	0	4	1	5	3	9	0	5	12	1	0	19	4	14	1	43	1	10	10	1	0	9	17	7	10	17	4	19	42	0	15	13	0	0	22	0	2	1	34	9	0	4	5	19	1	0	0	7	2	0	0	0	9	1	0	1433	11	3	680	62	6	14	1028	8	6	10	195	202	18	28	206	426	2	14	33	182	19	57	191	127	15	181	1436	100	224	662	3910	18	0	7	20	19	0	0	87	26	1	3	10
ITS_Zotu109	0	244	1	0	6	110	27	0	0	64	93	32	6	19	102	42	38	30	160	0	83	1409	2	0	0	43	15	0	2	117	18	40	5	92	38	211	66	4	14	26	0	49	112	38	2	268	110	67	29	6	38	42	1009	8	2	783	82	1	3	29	48	815	109	22	296	22	35	749	110	0	11	0	140	4	412	3	88	26	10	10	689	19	0	2	337	3	33	0	2100	28	93	1	96	105	40	76	0	0	0	0	0	0	3	0	39	0	0
ITS_Zotu107	18	1	0	120	389	0	0	6592	7	0	0	0	33	1	2	3	26	56	0	0	46	20	3	1	4	3	54	0	9	1	9	0	12	106	0	2	21	2915	6	0	5	909	5	0	9	3	0	0	256	90	6	0	1	113	19	0	1	117	124	0	0	107	79	0	1	0	25	3	266	1	0	5	1	0	0	26	1	0	0	7	2	41	0	4	43	1	0	160	0	1	0	3	1	9	0	2	0	1	5	4	106	21	0	0	25	34	0
ITS_Zotu108	3	200	99	1	8	79	199	0	1	128	32	1	7	42	80	0	6	58	216	0	177	50	181	30	50	26	248	7	15	146	267	0	19	432	1284	59	10	429	77	0	35	309	141	0	14	100	125	0	11	2	57	3	10	59	13	0	2	60	14	0	13	1251	198	217	12	338	17	15	873	57	6	102	128	67	109	237	146	245	53	19	456	102	32	120	291	55	52	103	261	147	27	9	7	192	181	32	131	16	28	677	274	40	38	1	139	18	3
ITS_Zotu94	11	7	3	13	4	34	10	18	9	14	27	16	25	138	3	13	205	50	246	18	0	27	12	24	16	3	33	10	93	6	16	2	23	138	2	1	405	51	1	0	8	21	115	0	3	77	0	0	1	1	57	4	10	16	0	0	236	8	1	0	1231	749	0	86	661	4	59	3057	1079	24	72	10	402	5	35	68	186	2	25	68	294	7	13	41	611	120	53	13	196	21	126	5	141	340	562	6	123	4	7	5	59	75	2	186	34	65	19
ITS_Zotu95	0	710	14	0	0	47	54	1	2	25	0	0	2	22	4	0	28	0	0	1	0	131	6	5	5	14	89	0	2	41	45	101	6	119	0	0	43	90	0	6	0	1876	1	8	0	42	2	2	1	3782	9	176	0	167	0	0	4	341	0	0	3	269	0	10	1	0	12	68	67	49	67	502	41	5	15	118	397	9	4	85	955	12	9	28	516	52	122	74	92	126	83	240	87	610	102	97	1	6	18	18	0	12	114	0	92	2	22
ITS_Zotu112	15	5	18	32	18	139	9	1	12	55	0	15	17	21	0	3	22	82	0	0	2	7	83	4	23	23	38	9	6	17	26	4	15	29	2	0	10	89	17	4	4	10	15	0	19	44	15	15	14	7	30	1	0	81	2	14	122	19	8	2	37	64	113	168	294	99	126	91	1665	39	113	442	1377	60	1229	586	352	251	405	96	302	49	70	74	212	50	363	69	211	133	1545	71	111	93	186	387	16	10	11	298	70	84	13	1	2	8	28
ITS_Zotu161	0	0	2	1	1	0	0	0	0	0	0	0	210	11	0	0	44	0	0	0	0	0	0	0	5	0	9	0	11	0	9	0	291	5	1	0	57	0	0	0	9	0	2	0	0	56	0	0	2	0	21	0	4	0	0	0	7	0	1	0	21	0	1	0	412	0	1	82	0	338	0	0	0	120	1	5	0	228	2	0	0	173	0	10	2	699	1	0	0	8600	6	2	0	1814	1	0	12	127	0	0	0	7	0	0	0	17	0
ITS_Zotu130	4	177	5	26	0	27	10	33	4	19	0	3	15	3	80	30	33	1	2	1	1	4	11	9	3	3	52	3	24	10	1	7	23	14	58	19	27	2	1	3	0	12	20	3	2	52	12	13	5	64	19	17	8	7	0	3	74	7	1	0	246	11	0	513	165	6	1144	382	56	10	201	259	124	2	366	445	70	50	172	855	140	6	42	337	116	88	562	835	1349	65	984	96	668	109	1821	201	4	44	68	76	3	8	19	18	1	20	53
ITS_Zotu91	5	82	129	6	9	81	298	44	32	74	190	1	26	13	172	59	2	136	13	0	154	25	1996	20	1	5	118	0	0	89	525	9	0	7	948	13	0	8	148	2	10	2	52	3	5	25	737	8	12	5	2624	912	0	20	8	264	0	3	1730	0	0	16	357	1	0	42	0	3	1	10	0	25	26	4	0	52	0	15	0	636	3	54	3	7	0	115	0	0	1	139	4	22	5	194	13	19	44	4	5	1	70	0	19	102	28	8	0
ITS_Zotu76	0	1	25	0	11	12	36	0	0	32	51	2	1	0	217	1	0	0	1079	0	442	0	11712	8	0	0	0	0	1	38	0	0	0	14	1	0	0	0	0	0	0	0	0	0	0	11	19	0	2	22	63	0	2	69	0	0	5	0	0	2	6	4	0	0	0	0	0	0	0	0	0	0	73	0	0	0	0	0	0	0	0	0	0	0	0	0	0	0	0	0	0	0	35	0	0	0	43	0	0	0	101	0	0	0	58	0	0
ITS_Zotu98	48	136	25	8	35	20	33	1	60	3	0	5	151	13	22	7	175	80	0	1	21	11	25	0	90	0	12	2	49	0	201	0	15	26	2	0	6	16	20	1	0	8	13	0	0	2	2	1	0	0	3	0	5	0	0	0	156	0	0	3	115	0	0	30	119	5	126	395	36	161	31	17	8	2	29	103	0	7	29	103	2	2	10	77	26	164	4	431	0	289	981	31	0	52	193	179	874	282	1001	284	765	3521	268	17	358	1896	8
ITS_Zotu88	0	12	0	0	0	209	0	0	0	37	0	0	0	305	0	0	0	0	0	0	0	36	0	0	31	0	19	0	0	2008	2634	0	0	23	72	0	0	0	8548	0	0	0	29	0	0	19	73	0	0	0	418	0	0	0	7	0	3	0	20	0	0	0	30	0	0	10	0	0	0	43	0	0	0	0	0	0	0	0	0	0	0	22	0	0	0	1	0	0	0	0	0	0	0	0	0	0	0	0	0	0	0	9	0	0	0	0	0
ITS_Zotu99	0	0	0	3	8	1	0	1	0	0	0	70	5	0	0	922	4	0	0	1	20	0	0	224	0	0	0	0	14	0	0	177	5	0	0	829	1	0	13	229	0	0	14	577	0	16	340	385	5	0	8	265	40	0	0	6573	11	0	5	139	135	0	105	45	63	4	64	14	1	0	29	108	3	0	1640	14	1	0	31	13	4	16	1	11	0	20	686	7	1	11	87	5	24	0	71	697	0	0	4	6	0	0	1	0	0	4	39
ITS_Zotu132	0	157	0	4	1	75	8	10	2	262	44	0	66	56	21	0	111	2	2	0	0	75	0	12	27	23	489	0	96	1140	110	3	79	67	1310	0	96	0	20	0	0	9	605	9	0	51	87	1	0	17	232	7	0	0	0	0	12	2	0	0	149	56	0	93	75	0	11	128	87	205	16	59	23	42	13	58	69	73	13	167	159	31	17	492	344	1651	554	18	135	1203	95	8	612	2281	432	13	68	65	1	16	3	65	1	2	11	68	26
ITS_Zotu86	0	7	0	0	9	1717	6	0	3	8	32	0	55	7	0	1	0	0	97	0	0	2	2	19	0	0	4	0	16	7	1109	0	55	16	5	1	3	7	8	0	0	8	82	1	0	104	9	0	6	7	24	0	0	2	0	0	55	8	6	0	169	653	162	11	849	9094	97	66	2	2	23	46	20	0	26	0	1	1	10	3	25	43	1	0	0	20	294	10	1	73	10	0	0	2	13	0	0	0	4	0	2	0	0	0	0	3	17
ITS_Zotu101	21	4	15	2	16	21	284	0	3	35	0	1	112	9	4	0	27	0	0	3	1	7	38	18	15	18	0	3	25	287	8	1	6	0	1	0	1	0	4	0	0	4	16	15	10	2	0	0	1	15	0	5	0	21	0	0	25	15	20	0	71	214	0	86	77	0	24	8	271	60	17	1118	900	4	174	198	637	326	11	111	6824	11	25	227	357	212	298	95	445	114	81	59	484	62	76	152	1	11	4	32	8	163	4	22	14	394	35
ITS_Zotu105	1	17	0	17	0	0	1	8	0	164	3	13	0	0	5	5	1	0	2	18	0	0	0	250	0	0	528	8	0	0	264	0	0	3	12978	0	0	0	219	0	0	0	269	0	0	4	226	0	0	0	103	0	0	0	0	0	0	0	0	0	0	0	0	0	0	0	0	5	0	12	0	8	0	13	0	0	0	124	0	0	0	20	1	0	0	21	1	0	14	18	0	0	0	293	0	0	0	5	0	0	0	0	0	14	0	0	3
ITS_Zotu104	0	0	0	0	85	0	0	0	0	0	1084	0	10	0	0	0	0	0	53	0	0	116	0	4	0	0	1	0	0	5	3	1	21	6	0	0	1	18	337	0	0	163	334	0	6	782	58	1	190	15	305	0	0	4	138	0	13	6	272	0	13	114	10599	9	301	87	7	11	0	4	6	4	0	1	3	0	0	0	8	0	0	171	0	0	9	8	278	0	0	4	12	0	0	3	5	0	0	0	0	0	0	0	0	0	0	1	0
ITS_Zotu111	3	70	18	2	0	40	8	0	1	415	159	0	14	36	61	0	47	40	32	0	10	84	1	0	63	378	214	0	69	47	172	2	26	21	2940	0	73	8	34	0	13	1	57	0	7	11	124	0	0	103	85	113	1	4990	5	0	36	139	0	0	214	12	0	62	96	0	14	83	299	168	3	28	34	255	16	36	67	33	2	22	67	37	8	183	163	887	159	10	197	334	42	5	329	877	75	21	11	29	0	6	22	60	0	3	6	42	4
ITS_Zotu89	147	0	9	0	49	11	6	0	2	14	0	121	5	3	0	62	1	0	0	0	395	0	10	0	27	15	0	0	42	6	1	0	29	16	0	666	39	24	0	2	2	37	0	0	24	0	0	1	3149	532	0	1	8073	37	0	0	139	813	9	0	127	40	12	6	5	0	3	7	10	5	8	0	257	0	246	0	72	24	5	0	261	320	0	0	8	20	6	0	4	11	7	0	44	9	4	22	8	4	0	0	0	5	0	0	0	7	0
ITS_Zotu96	8	107	4	0	1	2	0	0	0	1	1	1226	11	2	0	23	6	0	2	0	235	4	0	8	8743	24	517	2	1006	0	45	0	757	2	30	4	688	0	127	0	157	0	31	0	234	26	16	0	255	0	15	0	323	0	0	0	520	0	0	0	38	0	0	0	9	2	0	5	0	783	0	0	0	3	0	0	1	1	2	0	0	3	0	0	0	42	0	0	0	25	0	0	0	18	0	0	0	3	0	0	0	374	0	0	0	20	0
ITS_Zotu78	44	50	0	0	4	8	661	1	38	0	475	117	71	0	0	159	12	107	13	0	6	16	0	35	62	0	234	0	35	14	13	0	11	0	11	39	12	27	624	24	125	0	443	2	13	3457	1033	4	12	1	100	0	0	0	31	4940	1	0	12	0	16	82	406	0	12	111	0	9	6	111	0	2	0	23	0	0	0	40	0	101	11	209	0	20	15	1271	62	26	0	615	0	0	4	754	0	1	4	6	0	0	9	8	0	0	3	13	0
ITS_Zotu82	0	0	831	0	67	108	57	0	3	0	320	0	0	0	256	0	0	0	1261	0	0	16	11	0	4	3	3	0	0	1	1085	0	0	44	18	0	0	0	344	0	0	0	88	0	3	71	782	0	7	0	23	0	0	0	12	0	10	5	37	0	0	18	2759	0	0	8249	0	0	0	297	0	0	0	4	0	0	8	5	0	0	0	444	0	0	0	14	0	0	4	16	0	0	10	3	0	0	93	1	0	0	9	2	0	0	14	0	0
ITS_Zotu100	44	37	7	7	22	136	4	14	646	111	0	29	92	86	31	41	91	66	4	59	916	10	12	80	179	7	126	0	349	2	169	5	86	82	641	52	74	62	25	21	11	122	241	2	24	15	19	2	29	3	33	13	206	12	6	3	92	10	3	5	845	20	1	80	111	460	303	104	1220	27	458	94	218	5	248	70	147	8	30	155	155	8	159	194	298	253	89	337	241	39	232	828	110	114	798	65	111	101	1083	52	78	69	1792	6	18	178	171
ITS_Zotu373	0	329	0	5	0	10	0	2	0	1360	1	9	57	19	91	76	1	5	10	2	1074	25	6	235	54	27	172	0	74	4	136	9	763	54	2975	65	40	0	42	2	16	2	52	14	35	25	63	3	52	0	52	4	219	7	0	0	19	5	0	13	9	1	0	226	204	3	995	4	5	1	71	1155	66	0	70	467	5	3	29	343	6	0	28	509	8	7	907	2827	193	159	219	141	0	6	114	167	0	1	122	121	2	1	4	8	0	1	49
ITS_Zotu87	80	0	0	79	51	16	51	79	39	0	0	77	231	0	0	90	117	0	0	154	28	1	1	47	69	0	0	24	6	58	1	2	6	0	0	13	13	0	29	63	0	0	0	0	12	1	12	12	6	23	11	0	0	0	0	4	107	0	5	0	24	39	0	135	12	0	227	58	69	195	741	103	60	8	50	650	64	177	6	145	1077	75	639	167	88	162	11	415	129	227	100	637	366	437	14	423	0	10	1544	46	0	1113	4683	533	0	118	502
ITS_Zotu81	0	0	116	0	16	132	1519	0	1	0	2	0	0	0	20	0	0	0	0	0	0	2	24	0	3	0	9	0	0	4	1106	0	0	7	22	0	0	0	445	0	0	5	97	0	0	27	3	0	12	0	19	0	2	0	7	0	10	0	33	0	0	7	2772	0	0	10538	0	0	0	922	0	0	0	3	0	0	0	17	1	0	16	484	0	0	4	18	0	0	0	9	0	0	0	4	0	0	215	32	0	0	15	17	0	0	60	0	0
ITS_Zotu220	2	114	15	32	0	38	12	21	3	9	15	15	12	12	85	37	20	2	13	7	3	19	11	25	2	1	33	1	23	18	2	3	34	30	31	32	19	17	20	5	2	22	5	8	12	47	6	3	6	74	19	6	3	6	1	4	57	8	0	0	305	8	13	667	522	35	1482	421	125	10	484	602	216	8	861	699	127	29	305	1062	253	11	56	354	171	82	1076	1015	1588	163	1487	261	581	124	2003	488	18	17	112	137	5	4	57	10	5	17	68
ITS_Zotu79	0	71	0	0	0	5	0	0	0	4	0	4	0	0	7	2	0	0	6	0	2	4	0	574	3	0	313	1	75	0	16	23	3	102	18	16262	2	5	3	306	5	11	10	264	1	45	58	122	0	3	3	16	953	7	0	140	1	7	0	38	2	6	0	0	0	0	51	0	0	0	1	0	0	0	1	2	0	0	0	0	0	2	0	0	0	2	2	68	13	0	1	32	0	0	0	1	1	8	17	4	0	0	15	0	0	6	1
ITS_Zotu84	6	1388	62	9	5	534	16	14	4	41	6	44	25	38	40	47	165	17	24	6	2709	47	3	358	5	478	414	1	68	150	147	56	25	363	112	249	89	44	12	10	7	72	15	5	5	84	34	11	133	3424	11	73	928	162	3	1	71	1150	0	59	49	96	0	126	26	431	268	48	39	13	105	260	23	18	35	190	244	8	39	101	69	7	3	133	32	220	992	345	557	91	406	234	55	64	359	32	0	7	22	26	0	8	35	5	4	45	18
ITS_Zotu74	3251	66	0	0	4403	266	0	0	1567	1046	9	102	41	8	0	14	13	0	15	0	1699	19	10	177	5	0	112	0	0	10	1950	0	0	35	252	342	0	3	6	0	37	0	11	0	575	416	60	0	268	0	30	0	2517	66	0	0	33	0	106	65	0	2	129	0	0	43	0	0	0	0	0	0	3	0	0	0	0	21	0	0	0	46	0	0	0	0	0	0	0	0	0	0	0	0	4	0	0	20	0	0	0	99	0	0	0	15	0
ITS_Zotu73	0	21	1	7	0	27	3	20	1	15	1	1	20	0	29	37	15	0	0	14	0	0	0	46	0	1	8	4	9	0	12	4	14	0	120	20	25	0	7	22	0	0	8	24	0	7	6	5	0	7	4	8	0	0	0	5	5	0	0	0	27	3	0	331	41	0	921	44	51	76	464	1523	60	17	503	671	52	45	203	1503	64	39	41	494	41	356	3960	2430	617	660	687	641	559	466	1330	565	0	22	267	161	0	3	373	5	0	10	177
ITS_Zotu72	0	52	0	114	0	0	0	48	0	0	0	0	8	0	1	24	22	0	0	18	0	0	0	13	0	0	378	0	8	0	22	10	9	0	21	1	27	0	10	12	0	0	12	16	3	19	70	60	0	0	14	17	0	0	0	0	0	0	0	0	10	0	0	632	29	0	822	66	0	34	505	388	0	8	681	1158	0	21	225	538	0	11	18	657	0	81	1034	813	0	279	7070	593	0	448	3848	226	0	13	34	69	0	0	41	8	0	0	5
ITS_Zotu77	0	0	0	1	0	0	0	52	0	0	0	0	0	1	0	1	0	0	0	0	0	0	0	0	0	0	0	0	0	0	0	1	0	0	0	0	0	0	0	0	0	0	0	0	0	0	0	0	0	0	0	4	0	0	0	0	0	0	0	0	0	0	0	2	0	0	2	0	0	0	0	29	0	0	0	39	0	0	0	19048	0	0	0	1681	0	0	0	374	0	0	0	43	0	0	115	24	0	0	0	13	0	0	0	4	0	0	0
ITS_Zotu85	135	99	2	0	0	88	2	0	0	87	672	106	41	833	1	68	38	7	90	0	948	2347	11	1003	42	2	695	0	123	54	583	11	295	427	488	550	123	100	1400	547	52	1118	448	32	818	306	3783	56	106	77	425	4	1614	143	20	83	392	59	22	2	0	110	7	1	8	7	3	4	4	0	0	0	1	0	0	2	0	26	0	0	3	0	0	3	90	2	0	3	3	15	0	0	0	1	0	0	3	0	1	0	4	4	0	0	150	4	0
ITS_Zotu67	0	0	46	38	0	0	45	64	16	0	0	30	3	0	8	36	0	20	0	20	151	4	41	368	1	24	7	754	0	16	3	34	0	4	0	8123	0	24	0	138	0	12	0	96	0	0	42	68	0	8	0	19	636	10	0	98	1	280	0	58	0	25	0	281	0	0	251	0	62	2	163	425	22	0	208	124	337	0	3088	171	529	0	754	622	46	3	1110	96	18	0	242	41	9	1	635	114	9	31	70	400	494	31	89	172	176	6	81
ITS_Zotu70	0	0	0	136	0	0	0	9	0	0	0	0	18	0	0	20	13	0	0	9	0	0	0	53	0	0	0	2	6	0	0	0	14	0	0	543	13	0	0	16	0	0	5	6	0	4	88	97	0	0	1	8	103	0	0	25	0	0	0	3	33	0	0	450	53	0	850	32	0	52	566	72	0	3	892	1536	0	21	347	156	0	6	3	34	0	207	720	477	0	418	12226	383	0	252	1451	86	0	8	17	49	0	0	22	0	0	3	7
ITS_Zotu71	23	2	35	24	40	5	121	25	25	213	0	24	91	4	20	27	77	6	0	33	22	98	261	62	58	30	3	15	179	79	59	4	17	163	5	1	15	174	21	10	0	306	56	11	1	27	2	2	30	87	8	2	0	1804	4	0	63	155	13	0	504	352	147	181	79	6	144	59	527	87	216	595	2711	33	53	267	961	39	96	483	1698	42	47	372	2270	749	998	226	319	273	125	614	226	198	369	123	17	24	102	90	23	342	309	260	231	466	139
ITS_Zotu83	5	86	7	36	2	97	0	27	1	8	0	715	43	9	13	43	29	4	1	38	120	4	3	92	12876	72	396	570	1394	3	383	0	1012	136	307	2	1006	0	149	0	261	0	42	0	345	25	29	0	233	0	28	0	280	0	2	0	799	3	1	4	33	0	0	0	5	10	0	10	0	1197	0	2	0	2	0	1	13	7	76	4	0	9	0	3	0	68	1	0	45	22	3	0	1	14	0	0	0	2	0	40	0	529	1	26	0	167	0
ITS_Zotu66	0	8	83	0	9	102	132	2	20	4	5	195	2	17	13	528	5	0	46	0	878	3	9	18	20	8	0	0	53	127	67	0	113	15	4	1694	57	10	10	8	10	18	42	0	27	30	0	1	231	15	12	0	13220	10	3	28	305	21	4	0	7	687	100	6	0	541	52	2	114	12	20	2	159	0	33	3	175	1	9	8	2890	85	23	2	171	46	15	7	321	32	28	0	108	49	131	53	15	86	2	3	7	0	4	0	20	2	6
ITS_Zotu33	2	1	86	0	0	5	448	0	0	7	5589	0	0	162	0	0	0	0	170	0	417	85	15	25	111	0	45	0	0	5	132	0	0	99	709	0	0	0	8474	0	3	0	407	0	0	18	713	0	3	0	40	0	0	0	51	0	186	2	8	5135	0	131	54	0	0	4	0	0	0	409	0	0	1	280	0	0	2	76	0	0	22	121	6	0	0	0	0	0	3	1	0	0	11	0	0	0	678	0	0	0	2	16	0	0	5	0	0
ITS_Zotu106	15	76	115	21	6	27	1024	20	20	165	2	26	61	18	42	23	17	10	41	87	31	56	85	321	281	29	126	92	979	111	784	24	74	1089	584	7749	61	12	34	127	20	42	24	85	32	11	42	51	30	0	13	17	475	25	0	72	59	9	0	33	68	58	0	401	9	0	261	1	75	78	575	421	326	74	263	212	92	16	878	248	669	3	342	362	173	167	413	542	70	48	156	740	23	33	146	336	45	49	133	554	96	607	913	200	129	271	137
ITS_Zotu69	10	30	135	48	32	45	91	32	22	52	108	35	192	10	35	14	20	18	11	66	15	427	35	171	338	9	148	89	847	20	92	18	122	612	108	2195	45	13	73	87	11	10	500	195	32	146	2444	37	51	6	57	21	174	20	7	34	44	18	12	54	82	30	20	332	49	7	215	27	108	87	541	1963	459	9	516	1899	264	79	2148	1217	461	385	937	369	64	152	1773	230	45	78	826	544	284	61	557	771	17	124	180	784	542	248	1164	104	98	140	333
ITS_Zotu64	4	44	718	29	223	1640	112	24	13	5	81	26	132	3	95	8	72	26	230	11	11	70	31	14	22	38	190	108	45	53	3246	7	120	32	268	21	68	45	84	0	0	83	417	5	3	460	36	13	116	14	159	22	1	9	29	31	122	41	45	0	567	1688	1026	174	1606	6647	331	837	672	165	90	133	94	17	1089	130	249	24	121	400	866	209	7	298	455	345	263	566	382	382	573	40	173	287	661	233	29	28	14	64	78	14	0	7	161	40	5
ITS_Zotu58	2	144	13	59	0	829	6	148	2	117	22	23	52	1835	1	7	282	44	1	30	74	925	1	78	7	77	10	5	10	91	66	578	75	196	24	46	251	1	170	69	0	35	45	19	9	67	181	118	3	121	268	281	7	23	2	7	197	2436	10	30	268	16	0	394	1436	111	250	5880	57	38	381	159	48	11	127	783	315	45	80	2087	145	17	207	1127	354	68	87	437	183	252	689	463	1213	1146	2622	140	8	24	256	110	2	3	525	41	30	19	45
ITS_Zotu61	20	0	0	0	8	11	0	0	8	0	0	0	503	0	0	4	121	0	0	0	8	0	0	0	24	0	0	0	127	1	0	0	667	0	0	1	207	0	2	0	0	0	37	0	17	124	0	0	0	14	33	0	0	0	0	0	45	0	10	0	168	0	2	3	934	7	29	284	3	1043	0	23	2	372	0	20	5	1047	0	26	7	382	0	62	6	3974	0	348	3	19188	0	15	160	5608	0	21	0	366	4	13	0	174	0	0	0	131	0
ITS_Zotu75	0	1460	27	0	4	716	83	0	0	884	17	0	8	1083	12	2	0	69	1598	0	4	657	3	1	88	431	456	0	40	878	208	0	51	26176	352	0	18	28	89	0	6	61	161	8	1	78	153	0	28	23	87	0	1	30	1	1	43	103	0	0	59	274	5	9	22	9	14	10	9	25	1	34	9	5	1	10	48	0	2	3	108	9	0	4	26	18	45	30	32	10	5	1	7	1	4	1	96	0	0	2	4	7	0	0	14	8	0
ITS_Zotu55	1	1	71	1	76	425	693	3456	5	1	1989	0	1	20	9	0	4	0	35	0	0	232	18	0	11	0	9	0	0	4	3916	0	0	18	27	0	0	0	1095	0	0	0	343	0	0	66	3620	0	22	0	81	0	2	0	32	0	24	1	129	0	2	113	4717	0	1	12786	0	0	0	1500	0	0	0	14	0	0	0	63	0	0	8	1081	0	0	0	74	0	0	0	20	0	0	0	36	0	0	339	88	0	0	4	50	0	0	14	1	0
ITS_Zotu65	11	374	18	24	41	2659	39	16	8	380	37	52	60	62	94	21	22	12	126	365	284	199	25	212	116	29	569	54	358	80	1169	38	95	649	2366	3029	19	4	42	244	8	29	98	76	16	452	183	41	36	51	31	39	262	12	0	672	21	6	0	95	36	56	0	80	20	61	136	0	20	36	2765	362	107	5	585	201	37	0	934	100	362	20	371	66	97	62	439	84	344	85	162	2050	177	8	186	362	44	35	417	608	15	191	8828	11	122	251	674
ITS_Zotu54	13	5	2244	0	97	159	2369	0	1	0	2662	0	0	26	259	0	1	0	64	0	1	44	95	0	14	12	346	0	3	8	2234	0	0	5	34	0	0	0	1841	0	0	0	1061	0	1	111	898	0	26	0	57	0	0	0	32	0	38	9	311	0	90	204	5084	0	5	14582	0	0	0	1050	0	0	0	88	0	0	13	351	0	0	21	1198	0	0	0	115	0	0	4	23	0	0	0	35	0	0	606	18	0	0	26	58	0	0	28	105	0
ITS_Zotu56	18	439	39	2	291	895	100	10	27	438	0	14	1004	119	64	8	38	19	203	59	11	364	34	436	55	32	450	46	530	130	604	32	103	7426	1656	10376	13	8	39	461	5	15	73	288	9	15	148	85	37	6	28	42	547	7	0	580	26	2	1	70	21	47	0	62	49	6	102	0	48	33	448	784	153	13	294	293	93	2	1063	88	1262	56	162	58	62	52	623	83	355	75	138	341	87	10	214	222	522	46	155	461	37	170	2719	8	38	121	232
ITS_Zotu57	142	49	309	24	318	41	155	28	215	660	409	46	2120	20	52	27	141	76	50	41	53	122	147	214	649	93	52	69	2577	91	29	5	481	30	183	3702	113	28	6	94	39	5	23	207	73	61	94	47	107	2	1	4	267	57	1	24	79	16	0	23	321	47	6	249	134	2	159	18	242	157	293	2447	1027	57	1005	976	656	80	576	946	1360	61	793	566	196	501	767	516	128	230	504	757	227	206	448	767	86	703	637	2236	1256	899	1206	251	475	395	423
ITS_Zotu50	0	66	0	0	0	5	0	0	0	115	0	0	0	4	0	20	0	0	0	0	0	5	0	0	0	0	2	0	0	0	0	19	0	0	0	4	0	0	0	0	0	0	0	0	0	1	0	0	0	0	0	0	0	3	0	0	0	0	0	0	0	0	0	172	0	0	24	0	0	0	0	27	1	0	0	59	0	0	0	1835	0	0	53	33240	0	0	0	5372	0	0	0	101	0	0	5	87	0	0	11	41	0	0	0	61	0	0	0
ITS_Zotu53	1	4545	19	38	6	669	19	22	0	220	59	91	39	142	4	35	58	28	1	12	1	831	11	25	64	195	1123	8	69	1391	193	181	43	635	56	213	101	20	34	116	1	460	82	262	40	283	987	255	2	397	162	529	4	169	0	2777	162	10556	8	84	441	82	6	181	295	523	199	303	95	193	75	195	280	34	747	382	230	110	28	170	255	125	34	518	984	960	306	786	116	983	372	185	319	1475	199	813	10	63	43	51	0	46	49	239	63	48	20
ITS_Zotu46	12	10	0	0	0	0	0	0	3	1	0	5	6	0	12	9	0	0	0	0	117	0	0	1948	34	0	15	0	61	0	13	0	62	0	173	980	42	0	0	310	32	0	1	1756	496	0	0	39384	23	0	0	0	60	0	0	231	6	0	8	4	0	0	0	0	1	0	0	0	0	0	0	0	0	0	0	0	0	18	0	0	0	0	0	0	3	0	0	0	7	5	0	0	0	0	0	0	0	1	0	0	0	0	0	0	0	5	0
ITS_Zotu49	10	4105	40	33	3	567	59	25	7	151	10	101	11	101	10	75	105	102	96	0	825	209	2	401	59	780	11677	0	200	1195	1982	8	262	1055	942	2357	258	16	306	82	20	14	485	25	153	526	577	65	575	7	317	9	4977	9	0	26	234	89	3	8	744	304	0	363	153	27	927	795	16	40	250	431	14	16	203	444	146	38	150	310	193	23	26	837	24	285	435	852	64	133	2287	92	15	570	1064	117	3	17	90	78	0	0	6	32	4	50	31
ITS_Zotu39	0	2	1	1094	0	305	0	1062	0	0	0	1156	6	0	0	1476	0	0	0	940	15	10	0	1831	275	2	110	22690	25	0	1670	21	119	2	82	6868	38	0	34	234	4	30	59	76	11	5	82	116	8	0	42	29	1120	0	0	133	24	0	0	318	1	3	0	40	14	46	137	0	0	30	47	21	0	0	39	28	0	0	2933	19	1	0	21	18	43	0	46	117	0	7	34	29	0	0	34	35	0	0	40	2352	0	6	11	966	16	0	32
ITS_Zotu43	10	639	20	25	5	94	3	43	2	17	58	10	114	309	331	69	34	16	101	3	2	33	9	28	3	163	1648	3	11	193	213	12	71	9	293	43	37	3	1490	1	2	0	142	5	1	225	147	15	1	50	243	31	30	8	2	1	1	9	1	5	20	41	30	888	200	3	1415	79	416	121	437	842	406	42	719	1137	528	97	198	1933	718	82	183	2201	576	256	1897	3800	9838	1884	2447	536	2089	850	4322	716	1	127	216	237	1	12	169	33	7	76	57
ITS_Zotu47	17	20	14	36	4	4	77	44	4	14	1	254	211	5	20	11	11	9	0	4	6	3	31	30	13	4	16	6	73	54	7	2	280	10	5	10	14	26	11	3	11	33	43	11	13	140	16	16	11	26	6	12	3	44	7	127	342	22	5	5	1532	327	42	1090	6058	16	1362	498	298	103	936	692	423	90	18899	1281	134	139	637	1349	1233	85	195	279	187	275	1996	523	337	920	3180	219	89	81	2452	3606	5	7	100	164	45	30	96	30	14	72	107
ITS_Zotu59	16	6	1	17	311	853	17	5	16	4	0	87	47	2	4	1850	16	2	5	0	192	1	0	940	0	0	8	2	9	23	487	75	10	8	2	3342	0	0	6	263	0	0	21	813	0	13	213	275	80	1	10	180	2225	0	1	6088	52	0	18	58	80	19	80	734	25	3843	1301	9	16	0	660	2236	15	0	2162	208	21	0	505	120	323	51	19	239	19	6	18751	652	31	5	1988	79	44	1	1568	362	0	0	38	45	1	22	45	2	0	23	505
ITS_Zotu45	0	4658	28	14	0	1155	26	16	0	2475	112	1	5	726	12	29	3	47	936	1	0	3174	2	2	36	323	528	1	75	826	141	4	46	31374	331	5	59	173	41	0	12	255	106	11	7	134	318	2	4	96	94	0	8	87	0	1	11	767	0	0	37	384	1	355	31	12	1409	37	48	13	252	59	22	5	166	109	213	6	189	130	56	0	11	61	59	6	387	221	107	0	1053	36	35	17	1049	23	45	0	21	34	2	14	5	3	8	8	14
ITS_Zotu38	1	398	2	241	2	27	3	152	0	1236	89	27	11	274	94	40	56	10	166	4	1082	465	4	263	49	16	432	129	415	33	278	1	49	697	4921	740	123	6	99	24	0	4	297	16	4	29	1261	129	42	1	98	76	419	2	0	12	146	10	0	15	2944	436	0	869	283	1	1755	295	63	41	758	709	46	24	880	2313	142	27	648	1136	85	18	25	377	90	441	1174	267	516	98	15256	72	63	837	7757	114	58	17	11	110	1	6	3	14	2	175	23
ITS_Zotu42	8	2007	607	66	12	780	15	74	5	1229	84	170	48	947	100	145	22	756	352	22	3238	2639	16	686	127	14087	429	646	2105	2355	1225	2	281	3055	2524	478	265	108	50	18	53	183	158	9	62	410	262	33	201	94	194	3	764	73	1	15	130	1168	5	240	600	278	118	52	259	9	389	196	61	18	47	1151	59	6	35	286	1653	1	192	339	66	15	2	148	222	292	285	1534	275	37	244	157	242	37	162	191	20	3	99	192	19	83	12	29	96	180	35
ITS_Zotu35	0	366	3	7	0	145	13	7	0	8	1	2	6	23	103	563	11	23	3	2	3	162	0	3	19	20	70	4	44	195	1135	0	0	58	163	253	3	5	10	6	0	125	25	1	0	0	10	3	0	4	7	0	1	7	0	0	29	28	0	1	332	54	0	1048	27	9	33817	37	71	22	1280	80	53	0	1408	86	157	1	937	61	122	0	7	27	232	30	1578	4253	1905	3	1797	76	40	61	1724	60	1	1	970	42	2	91	13	1	44	46	4
ITS_Zotu31	0	2	0	0	0	1	0	0	0	264	10	0	3	2	0	0	6	0	6	0	0	0	2	175	12941	2	0	0	183	9	0	0	134	0	0	53	42	0	29	28	22	0	3	42554	48	2	0	74	125	0	9	0	11	7	0	12	21	0	0	0	0	3	0	0	0	0	0	0	0	39	0	0	0	0	0	0	0	0	0	0	0	0	0	0	0	0	0	0	0	0	0	0	0	0	0	0	0	0	0	0	0	84	0	0	0	1	0
ITS_Zotu36	11	1995	981	1744	540	271	184	240	15	156	152	4	34	125	53	1	22	181	172	2	12	101	28	2	2	36	229	78	4	134	123	0	0	204	143	0	0	704	152	0	0	239	537	0	0	756	8	0	51	65	60	1	0	106	27	0	83	306	35694	0	106	5724	2374	0	19	590	0	13	2270	147	0	0	69	6	0	0	243	3	8	0	468	143	0	0	129	15	0	0	150	23	0	0	43	18	0	0	29	0	0	1	220	22	0	0	56	38	0
ITS_Zotu40	14	3	2026	0	137	453	114	0	7	0	1601	0	2	6	613	0	0	0	747	0	0	80	24	0	18	4	15	0	1	11	4081	0	0	39	326	0	0	0	2244	0	4	0	1133	0	2	127	1865	0	41	0	154	0	5	0	38	0	49	7	263	0	7	151	8606	0	0	29655	0	0	0	3079	0	0	0	44	0	0	22	239	0	0	0	2062	0	0	0	173	0	0	2	33	0	0	0	32	0	0	600	65	0	0	13	70	0	0	20	9	0
ITS_Zotu41	2	1030	4	2706	5	1572	0	503	4	209	8	1442	65	596	32	333	361	53	8	302	310	706	2	800	9	83	630	89	37	162	431	956	294	128	699	145	520	9	2502	99	7	14	141	17	7	113	212	43	42	460	380	40	192	1	0	49	518	11	13	12	658	12	0	2095	2385	388	881	10398	177	118	1143	197	106	29	170	743	158	65	227	981	114	28	626	3994	332	205	190	1141	496	566	1177	794	4245	2117	2200	179	2	34	739	168	1	8	1182	386	36	15	95
ITS_Zotu48	46	110	33	13	19	223	498	66	8	1953	270	2	57	84	30	17	129	129	123	9	13	236	174	435	32	115	0	3	66	189	9	6	13	2	0	13	112	4	17	5	15	5	58	233	0	55	34	0	13	13	24	16	0	119	2	1	25	4	2	0	60	372	61	1204	65	0	1844	117	27	329	1174	2829	291	105	1235	119	22	86	850	414	110	172	61	258	255	650	32703	378	22	290	1705	103	34	1441	5159	85	18	70	397	55	30	237	492	6	69	84	1100
ITS_Zotu32	0	0	0	0	5	1	0	0	0	0	0	0	45	2	0	0	0	0	0	0	0	0	0	0	0	0	0	0	0	0	1	18	0	0	0	0	0	0	0	0	0	0	0	0	0	1	0	0	0	0	0	0	0	0	0	0	0	0	0	0	0	0	0	260	0	34	0	0	0	0	0	106	0	0	0	153	0	0	0	76	0	0	87	64169	0	0	0	139	0	0	0	109	0	0	0	944	0	0	0	27	0	0	0	92	0	0	0
ITS_Zotu60	35	55	163	145	13	48	113	33	6	82	8	73	377	9	96	67	25	62	0	28	8	111	99	54	17	39	28	5	97	77	70	8	401	34	40	44	35	93	14	3	5	213	65	22	48	219	99	81	20	53	44	170	13	111	115	23	439	95	27	1	1646	360	86	1178	8241	65	1823	734	1607	110	705	1569	1777	62	2770	5361	1433	508	501	1545	2505	223	125	1080	3229	544	3245	1741	1942	1809	7777	526	962	298	2634	2157	22	58	141	377	79	13	151	137	181	89	164
ITS_Zotu37	0	0	0	11	0	0	0	51	2	0	0	3	0	0	2	13	15	0	2	5	0	1	1	562	6	0	0	1	3	0	1	8	0	5	0	9	37	0	0	5	0	0	0	277	0	0	4	4	1	0	4	25	3	0	0	3	0	0	0	4	1	0	0	1642	0	3	2224	8	0	48	1516	3651	1	1	1506	180	0	8	1121	448	0	5	63	435	8	59	44561	412	1	22	2520	111	1	194	5796	85	0	22	129	56	0	2	273	14	0	2	1448
ITS_Zotu44	2	3651	270	15367	255	653	99	137	2	413	298	20	19	776	23	20	4	65	301	28	3	159	17	29	21	14	839	22	52	215	438	20	9	512	1043	0	0	846	3305	0	0	158	1753	1	0	2083	184	4	156	77	375	0	0	112	92	0	155	151	1541	0	1107	9436	9042	5348	382	1577	131	136	2110	1040	138	0	145	11	93	5	157	49	75	0	634	488	6	52	156	89	156	0	120	91	287	0	77	59	99	0	62	20	0	0	133	45	0	220	24	22	0
ITS_Zotu29	17	2	4284	5	201	544	2050	3134	6	24	3428	0	3	9	202	0	53	0	548	0	10	112	1743	0	27	14	34	0	7	35	3422	0	5	53	764	0	5	0	2529	0	0	0	1138	0	3	88	911	1	39	9	308	0	0	6	73	0	59	25	258	0	12	98	8700	0	3	25990	0	1	0	4029	0	0	10	123	0	0	31	407	0	0	11	2432	0	0	0	284	0	0	5	39	0	0	18	45	0	0	1915	140	0	0	46	100	0	0	60	34	0
ITS_Zotu24	57	161	33	15	186	240	71	23356	3	3362	45	138	1	29	207	1	8	390	36	0	3755	1682	2236	6636	50	10	140	0	16	126	107	8	6	117	2095	249	9	3774	43	151	458	762	126	24	406	266	76	4	1476	163	87	38	128	682	13072	190	563	28	3508	6057	5	370	631	86	0	4	3	0	19	4	0	3	20	4	11	0	0	3	0	4	0	17	0	4	17	4	0	351	9	0	2	0	5	9	8	44	13	0	0	0	792	71	0	0	355	33	0
ITS_Zotu26	9	0	0	0	117	401	0	0	18	0	85	0	11	46	0	0	0	0	0	0	101	39	0	1	26	0	6	0	15	0	9622	0	8	0	24	0	4	0	5495	0	0	0	2688	0	148	503	3932	0	98	0	52	0	9	0	14	0	65	0	235	0	133	36	9525	0	18	44018	0	0	0	2654	0	0	0	4	0	0	0	55	0	0	0	1497	0	0	0	195	0	0	0	55	0	0	0	10	0	0	0	137	0	0	0	63	0	0	0	29	0
ITS_Zotu28	15	1242	10	105	9	223	18	175	8	30	4	119	48	21	507	161	88	12	8	40	137	23	16	133	153	7	4509	492	111	28	389	37	108	22	451	30	97	1	113	11	1	5	208	33	10	344	187	45	1097	185	144	67	227	9	0	3	61	9	0	1	116	24	0	1396	44	2	2986	149	677	183	859	1927	811	45	1782	1810	663	218	589	3124	1389	84	236	3750	1083	1021	5209	7432	12955	817	3571	873	5629	1292	9301	1606	31	130	535	631	10	12	485	47	27	50	258
ITS_Zotu23	809	0	0	692	818	3	3	368	154	1	253	799	41	0	137	48	47	1	461	12	286	83	0	285	169	0	18	86	25	0	927	49	0	11	12	1358	4	0	501	45	1	0	865	43	26	36	5811	104	52	0	57	68	164	0	42	26	270	0	472	20	103	26	220	125	2	193	13	88	0	763	5	9474	0	74	49	29333	0	2098	33	15036	0	1408	100	11398	0	189	75	936	1	234	342	279	0	160	99	4551	4	1238	97	3537	1	2039	104	2097	3	382	65
ITS_Zotu25	0	3204	226	0	3	16474	8	0	0	6965	77	0	0	17146	36	0	0	1193	249	0	1	4949	153	0	6	7917	2604	1	0	2521	29581	1	2	824	6218	0	0	674	3575	0	0	637	2269	0	0	3358	156	0	1	212	821	1	0	46	0	0	0	205	0	0	0	656	8	2	0	42	1	0	30	20	0	0	42	47	0	21	605	9	0	7	16	13	1	963	185	0	0	113	40	0	0	2	191	2	0	4	233	0	1	2	96	102	0	83	325	0	0
ITS_Zotu18	0	12	1855	0	0	53	5992	0	0	115	46277	0	4	29	1015	0	0	0	13952	0	0	365	18157	0	5	9	1248	0	0	61	1080	0	0	169	6133	0	0	0	842	0	0	0	74	0	0	898	18059	1	1	53	624	0	0	58	1	0	2	7	2	0	0	212	110	1	1	64	0	0	5	8	0	0	164	0	0	0	7	3	0	0	63	10	0	0	0	0	0	0	8	138	2	0	103	23	3	0	5169	0	0	1	165	0	0	0	112	0	0
ITS_Zotu21	5	4517	83	92	12	1842	23	170	63	2784	49	109	114	1274	49	124	102	52	1890	29	3266	2795	3	609	340	709	357	147	374	1111	1204	86	285	64223	899	1336	259	170	39	51	98	348	74	37	63	103	274	122	882	4006	53	158	1552	225	16	34	140	978	3	53	76	692	38	665	121	16	2200	80	29	176	624	449	15	110	511	1226	222	39	389	1377	114	46	45	1119	144	473	1192	3441	179	834	4151	1234	230	657	7472	237	105	202	177	257	0	126	62	28	46	96	43
ITS_Zotu20	0	166	0	0	0	5	0	7	0	1535	1	5	0	4	37	5	8	13	10	3	0	20	1	22	2	165	4715	47	11	8	3009	0	40	16	121280	247	12	0	1777	6	1	1	2480	2	3	4	2162	8	0	0	1029	0	23	0	0	3	0	5	0	0	0	7	0	5	1	0	7	12	3	41	1	0	3	25	98	0	5	34	5	0	0	37	2	0	2	37	9	0	170	64	5	0	1	984	6	3	0	10	47	2	0	0	5	1	1	0	3
ITS_Zotu19	38	470	3	7818	187	509	6	222	5	4955	3	9	56	2135	201	12	2175	1	2	6	484	383	4	304	31	0	205	0	86	3597	187	12475	47	900	865	143	2950	0	288	169	7	0	142	97	41	14	316	176	28	74	4339	2809	38	0	6341	110	2090	2	141	3236	3223	3	5	133	4682	7	39	73748	7	110	18	42	0	81	10	55	1	457	3	606	0	31	50	744	7	248	8	193	125	187	43	76	10	5950	573	37	12	35	11	29	2	39	8	13	9	169	2
ITS_Zotu27	293	902	451	4664	1697	236	309	325	157	3432	1055	666	309	132	42	199	258	176	208	247	216	1230	278	1236	1820	689	519	1195	1813	386	559	47	410	939	839	11229	230	89	126	973	96	97	2180	11982	134	166	5285	750	361	53	130	67	781	182	5	139	292	718	51	238	837	1242	19	2060	262	94	1323	180	580	418	1437	7608	1781	238	2519	3575	3766	270	16393	4140	3063	317	1993	1924	615	845	5514	1615	324	455	3865	1703	781	593	3051	1468	208	547	369	8828	549	1585	404	699	253	1237	775
ITS_Zotu22	1437	48	4899	680	579	23	3117	317	1300	893	111	872	705	37	781	787	497	269	1589	932	1390	107	2932	3330	254	45	539	987	193	34	150	19	4	724	2361	308	12	405	311	169	8	85	952	69	31	342	148	39	18	65	181	121	75	111	27	133	276	2886	155	120	270	142	83	726	14	99	350	14	5573	4306	771	1923	1586	175	1066	5573	1717	748	1220	945	1121	454	2536	3434	1625	3777	306	2267	133	312	561	3586	177	273	172	5234	2654	1815	1732	8843	32718	7747	5971	4237	9221	5777	1321
ITS_Zotu16	28	564	27	122	36	4936	11	1422	45	370	75	480	860	229	229	1728	399	105	96	224	212	963	35	335	69	146	195	520	101	161	1029	291	604	162	1309	1497	475	19	162	2402	8	54	250	60	8	984	244	111	47	1826	1724	261	450	42	14	410	947	2509	56	35	840	313	21	2868	8844	2341	1265	4716	1826	750	4675	654	1374	51	436	1307	1833	169	422	2870	1490	122	1088	13765	2767	931	433	3622	2271	1635	1301	3458	57837	3705	5829	773	45	64	1833	726	22	133	4513	316	58	384	275
ITS_Zotu15	0	6603	44	0	8	3565	182	0	0	4534	42	0	6	2233	28	0	1	44	4540	0	14	3054	1	5	641	624	1209	0	189	2242	689	0	200	148893	1114	0	73	337	123	0	22	589	179	0	16	131	148	0	44	298	92	0	19	264	1	1	133	861	3	0	291	4002	142	10	49	25	53	25	21	76	18	230	17	95	2	22	103	4	6	15	527	12	0	9	81	69	92	71	105	31	14	11	15	8	24	9	210	3	0	18	2	68	0	0	38	34	8
ITS_Zotu17	38	7463	915	121	35	1508	2070	107	72	2925	620	2868	311	1521	434	484	666	1351	2326	23	17964	5634	102	5493	744	8657	6783	29	3078	2126	1877	59	2232	14424	5956	5880	7654	2440	449	378	439	528	1504	437	310	1410	7932	6979	1468	567	731	211	7349	5787	49	188	983	1567	39	440	2151	1765	18	1455	859	81	5018	1923	609	231	1168	913	137	170	638	1650	2001	72	644	1548	765	101	128	1924	538	973	1363	6126	1676	1291	4307	845	579	2168	3483	484	249	91	330	447	270	151	72	73	293	416	43
ITS_Zotu14	0	1	43	0	0	1	166	0	0	1680	0	0	0	6	0	0	0	16	0	0	0	5	634	0	0	50	1	0	0	295	1	0	0	0	1	0	0	2	0	0	0	1	0	0	0	0	0	0	0	0	0	6	0	472	0	0	0	19	0	1	0	132	0	0	0	0	0	0	1220	0	0	0	176954	0	0	0	8246	0	1	1	43251	0	0	0	894	0	0	0	129	0	0	0	258	0	1	0	0	0	0	0	7	0	0	0	32	0	0
ITS_Zotu10	10	0	0	0	478	1183	0	0	25	0	615	0	37	108	0	0	22	7	3	0	89	330	0	0	131	0	85	0	30	1	30668	0	14	39	60	0	2	1597	13014	1	2	25	6711	0	6	1096	25555	0	325	12	189	0	20	9	114	0	163	19	551	0	175	135	29177	0	159	127573	0	2	37	6117	0	0	1	61	0	0	4	111	0	0	6	4034	0	0	9	380	0	0	1	187	0	0	0	24	0	0	8	207	0	0	59	220	0	0	10	46	0
ITS_Zotu13	23	1005	87	10416	9	2529	7	5788	37	122	1432	707	360	174	68	236	2122	62	138	261	386	1676	3	1847	45	201	774	73	87	137	546	13542	433	1247	222	281	2788	63	238	272	8	85	2147	56	35	213	2832	262	23	416	798	1633	118	54	6	77	1772	1786	213	79	2338	225	8	4372	9652	1834	3625	57195	54	250	4126	323	59	76	1882	2745	447	156	1644	6768	290	101	789	5081	94	694	1994	2162	618	2386	17967	1274	1337	7011	52460	363	2	197	2471	297	6	85	4689	273	1	333	322
ITS_Zotu12	0	0	23	0	0	0	235	0	0	939	0	0	0	0	1	0	0	5	0	0	539	1	793	30	0	39	4	0	0	302	4	0	0	1	0	0	0	1	0	0	0	0	0	0	0	0	0	0	0	0	0	5	0	573	0	0	0	25	0	3728	0	172	0	0	0	0	0	0	1489	0	0	0	218907	0	0	0	7994	0	0	2	57672	0	0	0	1092	0	0	0	131	0	0	0	326	0	0	0	0	0	0	0	1	0	0	0	0	0	0
ITS_Zotu9	86	2455	2171	139	829	1868	89	70	276	3626	33	952	488	1450	161	1565	164	1401	414	401	6918	2611	35	3254	679	40277	349	817	2918	4812	1650	87	5487	7687	3845	25151	1061	113	88	4524	891	395	1219	250	1170	176	249	490	19489	176	303	200	44669	4981	923	310	7488	5112	27	2345	7352	1073	137	2403	1646	343	28714	845	123	120	15697	904	66	145	1565	1735	5560	175	1540	1210	318	312	141	3303	399	1278	1725	20135	418	826	3755	4447	41	926	2422	913	53	581	1242	835	108	97	710	100	153	663	64
ITS_Zotu11	1310	5188	1611	704	2427	1209	1491	972	278	3961	189	781	733	422	305	353	406	316	1404	480	231	866	917	2068	10634	1410	3212	5010	2027	1669	8660	156	989	1921	2085	30827	510	460	230	635	176	515	700	502	467	1297	775	713	687	124	155	301	1896	555	0	479	819	5586	17	368	843	411	93	4280	253	671	2641	100	1593	1700	6714	16733	6837	520	17453	7594	13217	793	18734	10999	5617	403	4631	4944	4768	874	10737	3877	1722	844	10653	3210	1003	742	18922	5765	1129	1021	975	13347	3012	5754	2129	1435	1367	1788	1663
ITS_Zotu8	831	37001	99	13800	1639	3955	13	497	58	1480	5155	1265	155	6029	47	550	136	2305	964	8706	560	11594	11	4212	2856	124	24836	1125	798	627	7244	221	1408	3846	2472	3104	2153	77326	19126	20711	6855	37780	8925	27736	15154	18225	28171	5268	2559	2911	1042	218	1372	2287	1021	448	2221	2214	3289	321	16	4862	677	23	55	95	41	43	1213	44	397	96	38	51	19	41	34	195	23	47	22	28	0	31	539	1	346	573	190	33	82	403	52	10	136	23	8	0	0	55	375	322	52	275	167	77	36
ITS_Zotu7	950	1187	18	198	24	475	14	9363	20	177	465	17	239	5927	106	17	212	494	656	40	2301	2039	9	2113	6959	10	8573	0	11985	894	6449	150	5835	1919	3423	3132	6670	21693	57045	9456	50514	44750	69777	42936	23108	6226	8998	71605	1525	1709	10207	96	1343	1770	34781	358	1376	4960	4068	61	1421	5233	613	1563	204	531	94	328	1758	697	311	34	26	3587	86	32	41	1643	45	37	53	41	78	844	3536	1558	56	205	305	232	62	209	35	478	77	47	13	51	4	26	574	363	97	32	1154	855	0
ITS_Zotu6	3	0	0	0	68	0	0	0	10	8	5	276	0	1	0	246	0	0	0	0	1671	11	0	4	9182	0	4	0	62	0	3	0	97	0	3	266	80	0	127	1354	375	0	3	0	92	0	313	2	120085	0	1	0	84980	0	1	0	496616	0	0	0	197	0	22	0	231	6	0	152	3	276	0	0	273	4	0	0	0	0	0	0	3	70	0	0	0	0	0	0	3	0	0	0	4	0	0	0	0	9	0	0	0	134	0	0	0	0	0
ITS_Zotu4	64	9	0	458	70	3	0	9	43	606	0	431	3	13	0	275	1	6	0	4	1933	17	4	6	12204	1	389	5	317	2	93	0	255	0	17	398	81	0	652	1455	364	0	29	0	209	3	41	1	142284	0	3	0	123873	4	2	0	563428	0	0	0	1090	0	48	0	725	35	6	235	12	369	0	0	373	6	0	13	3	7	0	1	2	87	0	0	5	4	0	231	0	0	16	2	0	0	0	2	0	34	2	3	0	191	0	5	0	0	0
ITS_Zotu5	2458	33929	1814	6469	2605	18579	2122	1074	1488	40945	2074	5996	18323	13676	9413	7024	26540	5938	49216	4855	104303	7462	15726	11992	3773	1251	4762	7741	38535	20461	14681	929	22933	90814	5098	9936	17907	727	2738	668	7612	938	1923	225	3551	12474	944	343	12559	10557	2691	13421	18813	2343	9187	586	3792	15530	779	335	3191	4418	12	1279	1564	259	3586	1363	1763	514	1088	4429	4487	1016	598	3444	571	547	1271	3369	1342	321	501	7873	2647	2963	2407	35590	2320	3809	2136	5255	1872	4416	2892	2202	4017	211	565	4736	3612	3498	187	2367	4410	12893	155
ITS_Zotu3	3032	29329	1183	2227	1698	33592	615	1142	1640	32606	1654	18310	27359	16838	3158	10650	28728	5748	29092	1548	165609	14389	2025	19804	16601	1473	4540	1730	72843	19049	4276	54815	131460	161269	6711	12621	38069	1607	3805	1436	16613	3412	2287	388	9038	8729	1105	793	16845	9211	2598	1067	32376	1853	25179	4232	8721	7234	47625	494	3810	5516	342	1633	4693	1160	2724	2352	3699	1304	1112	3846	4801	1862	680	1787	2269	702	988	1781	1234	407	221	7784	2467	6073	3851	7806	2637	7797	1544	3310	2127	5440	2956	1347	2138	500	518	1753	1442	4430	246	967	1435	16137	161
ITS_Zotu1	59925	39953	40153	42489	24312	2781	58259	20201	41845	26756	967	42931	12849	3687	7986	37059	9197	1519	2334	20764	28140	14301	40164	24876	3620	502	25743	18772	1701	11876	3042	19879	390	9455	12809	7199	262	2479	6170	10790	520	2809	16968	27710	3219	4308	7875	2237	6950	526	11659	20418	17069	10545	170	7919	12793	1617	1974	11302	3440	3924	683	21578	730	1422	28719	469	41093	120360	23003	58432	28556	31701	39794	101052	27709	183983	27883	70277	42687	71767	88152	88943	47392	58782	19838	123051	2670	25062	19689	90797	3335	17528	12133	139212	76453	127448	180775	148098	179353	127413	156040	60853	204948	53762	40749
