Sample	HKBea1Aug	HKBea1Feb	HKBea1May	HKBea1Nov	HKBea2Aug	HKBea2Feb	HKBea2May	HKBea2Nov	HKBea3Aug	HKBea3Feb	HKBea3May	HKBea3Nov	HKSta1Aug	HKSta1Feb	HKSta1May	HKSta1Nov	HKSta2Aug	HKSta2Feb	HKSta2May	HKSta2Nov	HKSta3Aug	HKSta3Feb	HKSta3May	HKSta3Nov	HKSW1Aug	HKSW1Feb	HKSW1May	HKSW1Nov	HKSW2Aug	HKSW2Feb	HKSW2May	HKSW2Nov	HKSW3Aug	HKSW3Feb	HKSW3May	HKSW3Nov	LTCC1Aug	LTCC1Feb	LTCC1May	LTCC1Nov	LTCC2Aug	LTCC2Feb	LTCC2May	LTCC2Nov	LTCC3Aug	LTCC3Feb	LTCC3May	LTCC3Nov	LTCMW1Aug	LTCMW1Feb	LTCMW1May	LTCMW1Nov	LTCMW2Aug	LTCMW2Feb	LTCMW2May	LTCMW2Nov	LTCMW3Aug	LTCMW3Feb	LTCMW3May	LTCMW3Nov	LTPC1Aug	LTPC1Feb	LTPC1May	LTPC1Nov	LTPC2Aug	LTPC2May	LTPC2Nov	LTPC3Aug	LTPC3Feb	LTPC3May	LTPC3Nov	SKBlu1Aug	SKBlu1Feb	SKBlu1May	SKBlu1Nov	SKBlu2Aug	SKBlu2Feb	SKBlu2May	SKBlu2Nov	SKBlu3Aug	SKBlu3Feb	SKBlu3May	SKBlu3Nov	SKLKW1Aug	SKLKW1Feb	SKLKW1May	SKLKW1Nov	SKLKW2Aug	SKLKW2Feb	SKLKW2May	SKLKW2Nov	SKLKW3Aug	SKLKW3Feb	SKLKW3May	SKLKW3Nov	SKSha1Aug	SKSha1Feb	SKSha1May	SKSha1Nov	SKSha2Aug	SKSha2Feb	SKSha2May	SKSha2Nov	SKSha3Aug	SKSha3Feb	SKSha3May	SKSha3Nov
arco_Zotu344	29	0	9	0	28	0	2	0	0	0	0	0	2	0	0	0	3	0	0	0	10	0	0	0	0	5	0	0	0	1	0	0	1	0	0	0	1	0	1	0	1	0	0	0	4	0	0	0	3	0	0	0	0	0	2	0	0	10	5	0	0	3	1	0	0	0	0	0	0	0	0	0	2	3	0	0	56	0	0	0	11	5	0	0	1	0	0	0	3	1	0	0	1	0	0	0	0	0	0	0	1	1	0	0	0	1	0
arco_Zotu322	5	0	0	0	2	0	1	0	23	0	0	0	1	0	0	0	0	0	0	0	0	0	0	0	2	0	0	0	16	0	0	0	20	1	0	0	0	3	0	0	1	0	1	0	89	0	0	0	7	0	0	0	1	1	0	0	0	0	2	0	0	6	6	0	1	0	5	0	0	0	0	0	0	0	0	5	0	1	0	0	0	1	0	0	0	3	0	0	0	1	0	0	0	0	0	0	0	0	0	1	0	0	0	0	0	3	0
arco_Zotu349	0	0	0	0	0	0	0	0	0	0	0	0	0	0	0	2	0	0	0	0	0	0	0	0	0	0	0	0	0	0	0	0	1	0	0	0	0	0	0	0	0	0	0	0	0	0	0	0	0	0	0	0	0	0	0	0	0	0	0	0	0	0	0	0	0	0	5	0	0	0	0	2	0	0	0	3	0	0	0	0	0	0	0	8	0	0	0	154	0	0	0	3	0	0	0	0	0	0	1	1	0	0	0	0	0	0	0
arco_Zotu338	69	0	1	0	3	0	5	0	5	1	0	0	2	0	0	0	4	0	0	0	2	0	0	0	1	0	0	0	12	4	0	0	1	0	0	0	0	0	0	0	0	0	6	0	8	0	0	0	0	0	0	0	3	0	0	0	0	0	8	0	0	5	5	0	0	6	0	0	1	1	0	0	0	0	0	0	0	6	0	0	13	2	0	0	1	1	0	0	0	0	0	0	0	0	0	0	0	8	0	0	0	0	0	0	0	1	0
arco_Zotu383	0	0	0	0	0	0	0	0	0	1	2	0	0	0	0	0	0	0	0	0	0	0	0	0	0	1	0	0	0	0	0	0	0	0	2	0	0	0	0	0	0	0	0	0	2	0	0	0	0	0	0	0	0	1	0	0	0	0	0	0	1	0	0	1	0	0	0	0	4	22	3	1	5	7	2	1	10	4	1	0	3	1	0	1	7	9	3	5	13	15	1	0	18	21	1	0	0	1	0	1	1	0	0	0	0	0	0
arco_Zotu363	0	0	0	0	0	2	0	0	0	0	1	0	0	0	0	2	2	0	3	2	0	0	0	0	0	0	0	0	1	0	5	0	0	0	18	0	3	0	0	1	0	0	0	0	2	0	0	0	0	1	0	0	0	0	0	0	0	0	0	0	0	0	0	0	1	0	0	3	0	0	14	0	0	0	0	0	0	8	0	0	1	0	4	0	1	1	1	5	1	0	3	2	18	12	3	0	0	1	22	0	0	0	32	0	0	0	4
arco_Zotu332	0	0	0	0	0	0	0	0	1	0	0	7	1	0	0	0	1	0	0	0	3	0	1	0	0	0	0	58	0	0	2	0	0	0	14	0	0	2	5	4	0	0	1	0	1	18	4	0	0	1	0	0	2	1	0	86	4	1	2	0	3	3	1	0	3	0	0	0	16	7	0	0	1	0	2	0	0	0	0	0	0	1	0	0	0	6	0	0	1	2	0	0	0	0	0	1	0	18	0	2	0	16	0	0	0	0	0
arco_Zotu321	0	0	3	0	0	0	0	0	0	0	0	0	0	0	0	0	0	0	0	0	0	0	0	0	0	1	0	0	0	0	0	0	0	10	0	0	0	1	0	0	0	0	0	0	0	1	0	0	0	2	0	0	0	7	0	0	0	202	0	0	0	5	0	0	0	0	0	0	0	0	0	0	0	0	0	0	2	0	0	0	0	0	0	0	0	0	0	0	0	0	0	0	0	0	0	0	0	0	0	0	0	0	0	0	0	0	0
arco_Zotu1283	0	0	0	2	0	3	0	1	0	0	0	0	0	0	1	0	0	0	1	0	0	0	0	1	0	0	0	1	2	1	0	0	0	0	1	1	1	0	1	0	0	0	1	3	0	1	0	2	0	1	0	4	0	0	0	2	0	0	0	0	2	0	0	16	0	0	9	1	5	0	5	6	0	0	8	1	2	0	2	1	1	0	3	1	3	1	41	7	5	0	14	4	9	1	18	1	0	0	0	2	1	0	0	0	0	0	6
arco_Zotu2523	0	1	1	1	0	0	7	0	5	0	0	0	1	0	5	14	0	0	0	11	0	1	0	0	1	0	0	0	0	1	2	0	0	0	2	0	1	0	0	0	0	0	1	0	2	2	0	0	3	3	1	2	2	4	0	3	0	0	2	1	0	0	2	6	0	9	0	1	1	0	0	8	1	0	0	2	0	0	0	0	2	3	3	41	0	0	0	11	0	2	0	4	1	1	0	3	0	2	0	3	2	2	0	1	3	0	0
arco_Zotu340	0	2	0	36	0	157	1	0	0	0	0	0	0	0	0	0	0	2	0	0	0	5	0	0	0	0	3	0	0	0	0	0	0	0	0	0	0	6	0	0	0	0	0	0	0	0	0	0	0	0	0	0	0	0	0	20	0	0	0	0	0	6	1	0	1	0	0	0	0	1	0	0	0	0	0	0	0	5	0	0	0	2	0	0	0	4	0	0	0	1	0	0	0	5	0	1	0	1	0	0	2	0	0	0	0	0	0
arco_Zotu327	1	0	0	0	3	0	0	0	2	3	0	0	3	0	0	0	4	0	0	0	2	2	0	2	0	0	0	0	1	1	1	0	0	0	0	0	0	0	0	0	0	1	1	0	0	0	0	0	0	0	0	0	0	1	0	0	2	0	0	0	17	1	0	4	0	0	0	0	2	0	9	1	14	0	2	0	6	0	0	0	19	0	1	1	21	0	32	0	2	0	0	0	2	0	1	0	0	0	1	0	0	6	0	0	1	25	17
arco_Zotu393	0	1	0	133	0	3	0	0	0	0	0	0	0	0	0	1	1	0	0	0	0	0	0	0	3	0	0	0	0	0	0	0	0	0	0	2	0	0	0	0	0	0	0	0	0	0	0	0	0	0	0	0	0	0	0	0	1	0	0	0	6	0	0	0	0	0	0	0	0	1	0	0	0	0	0	0	0	0	0	0	0	6	0	0	0	0	0	0	0	0	0	0	0	0	0	0	0	0	0	0	0	20	7	24	0	2	2
arco_Zotu311	0	0	0	0	0	0	0	0	0	0	0	33	0	0	0	0	0	0	0	0	0	0	0	0	0	0	0	0	0	0	0	0	0	0	0	1	0	0	0	15	0	0	0	8	0	0	0	2	0	0	0	10	0	0	0	521	0	0	0	0	0	0	0	0	0	0	0	0	0	0	0	0	0	0	18	0	0	0	0	0	0	0	0	1	0	0	0	0	0	0	0	0	0	0	0	81	0	0	0	0	0	0	0	0	0	0	0
arco_Zotu2816	0	1	0	1	0	2	4	0	1	0	0	0	0	0	2	1	0	0	3	0	1	0	0	4	0	1	0	0	0	10	0	0	0	0	3	0	0	0	0	0	0	0	0	0	0	0	0	0	1	0	0	0	1	0	0	0	0	1	0	0	2	1	0	7	0	0	3	0	8	0	5	8	0	0	8	4	2	1	1	2	18	0	2	1	1	1	45	1	8	2	9	1	23	2	9	4	0	1	0	4	1	0	0	0	0	1	5
arco_Zotu421	5	0	0	3	0	0	0	0	0	0	0	0	0	0	1	3	0	0	0	0	0	0	0	0	0	0	3	0	1	0	4	0	0	0	0	1	0	3	0	0	0	1	4	0	0	0	0	0	0	0	0	0	0	0	0	0	0	1	1	0	16	0	0	27	0	0	57	0	0	0	0	1	0	0	0	0	0	4	0	0	0	0	7	13	0	4	1	31	1	0	0	0	0	0	0	0	0	0	10	0	10	0	0	0	2	5	0
arco_Zotu336	0	0	0	0	0	0	4	0	0	20	0	0	0	0	0	0	0	0	1	1	0	0	8	0	1	1	0	0	0	4	1	0	0	0	0	1	0	0	0	0	0	1	0	0	0	0	0	0	0	0	0	0	0	7	0	0	0	0	0	0	6	0	0	1	0	0	0	0	3	1	0	1	42	0	14	12	9	0	0	1	26	0	0	0	5	11	0	4	7	1	4	0	5	1	1	4	3	0	0	0	2	2	0	0	15	0	0
arco_Zotu318	0	1	0	0	0	0	0	0	0	0	0	0	1	0	0	0	0	0	0	2	0	0	0	2	1	0	0	0	0	0	0	0	0	0	0	0	1	0	0	0	0	0	0	1	0	0	0	0	0	0	0	0	0	0	0	0	1	0	0	0	0	0	0	0	4	0	1	13	1	0	11	0	0	0	0	0	0	0	0	0	0	0	0	0	0	0	0	0	0	1	0	6	0	0	0	0	1	1	14	0	15	6	41	0	0	0	32
arco_Zotu326	0	0	0	11	1	0	0	0	0	0	0	0	1	0	0	12	4	0	0	247	0	0	0	0	0	0	0	0	0	0	0	0	0	0	0	6	0	0	0	6	0	0	0	0	0	0	0	0	0	0	0	0	0	0	0	0	0	0	0	0	0	0	0	0	0	0	0	0	0	1	0	0	0	0	0	0	0	0	0	0	0	0	0	0	0	6	0	0	0	0	0	0	0	2	0	0	0	0	0	0	0	0	0	7	0	2	0
arco_Zotu638	1	1	0	0	0	0	1	1	0	0	0	0	4	0	0	2	0	0	0	2	0	0	0	0	2	0	0	0	0	3	0	0	0	0	0	1	0	0	1	0	0	0	0	0	0	0	1	1	0	0	0	0	0	0	0	0	19	0	0	0	6	2	0	2	8	0	8	2	0	0	60	2	3	0	22	13	2	0	4	2	2	0	4	0	0	1	7	4	0	0	16	41	0	2	10	3	0	0	2	6	0	1	8	3	0	0	1
arco_Zotu304	1	0	0	9	0	0	0	0	1	0	1	0	0	0	1	7	0	0	0	280	0	0	1	0	0	0	0	0	1	0	2	0	0	0	19	5	0	0	0	9	0	0	0	0	0	0	0	0	0	0	0	0	0	1	0	0	0	0	0	0	0	0	0	0	0	0	0	0	0	0	0	0	0	0	0	0	0	0	0	0	0	0	0	0	0	0	0	0	0	0	0	0	0	10	0	0	0	5	0	0	0	0	0	10	0	0	0
arco_Zotu330	0	0	0	0	1	0	0	0	0	0	0	0	0	0	0	0	0	0	0	0	0	0	0	0	0	0	0	0	0	0	0	0	0	0	0	0	0	0	1	0	0	0	1	0	0	0	0	0	0	0	0	0	0	0	0	0	0	0	0	0	0	0	5	30	0	0	0	0	0	1	0	1	0	0	0	0	0	0	0	0	0	2	16	162	0	11	0	2	0	0	0	3	0	0	0	1	0	0	0	0	0	0	0	0	0	1	0
arco_Zotu397	0	0	0	1	0	0	0	0	0	0	0	1	0	0	0	3	6	1	0	118	0	0	2	0	3	0	0	0	0	0	1	0	0	0	1	2	0	0	0	6	0	3	0	30	0	2	3	0	0	1	0	33	0	2	0	45	3	1	0	0	3	8	3	0	3	0	0	0	0	15	0	0	0	0	0	0	0	0	0	0	0	3	0	0	0	4	0	0	0	1	0	0	0	0	0	0	0	1	0	0	0	4	0	1	1	1	0
arco_Zotu539	0	0	0	0	0	0	0	1	0	0	0	0	0	0	0	0	2	0	0	1	0	0	0	2	0	2	0	0	0	2	0	0	0	1	0	0	4	0	2	0	0	2	1	0	0	0	0	0	0	0	1	0	0	0	0	0	11	0	0	0	16	0	0	2	12	0	7	33	3	0	4	2	0	0	3	4	12	0	3	1	7	0	1	0	9	1	4	4	8	2	16	1	4	7	9	0	1	0	1	2	0	0	0	2	0	1	3
arco_Zotu320	1	0	3	0	0	0	1	0	1	0	1	0	0	0	0	0	2	0	0	0	0	0	0	0	0	1	0	0	0	2	0	0	0	0	1	14	0	6	0	18	0	0	1	0	1	3	0	0	0	0	2	0	0	1	0	0	0	36	1	0	9	10	0	1	2	1	0	22	39	7	0	0	2	0	7	0	3	1	0	0	0	0	0	0	1	3	0	0	3	0	0	0	0	3	0	3	0	3	0	0	9	1	0	11	0	0	0
arco_Zotu412	0	0	0	0	0	0	0	0	0	0	0	2	0	0	0	0	0	0	0	1	0	0	0	6	0	0	0	1	0	0	0	0	0	0	0	0	0	0	0	1	0	0	0	1	0	0	0	0	0	0	0	0	0	0	0	0	0	0	0	0	0	0	0	6	1	0	11	0	0	0	34	23	0	0	15	3	0	0	2	5	0	0	2	0	0	0	84	4	0	0	5	8	0	0	11	4	0	0	1	6	0	0	3	0	0	0	15
arco_Zotu350	0	2	3	0	1	0	6	0	1	0	0	0	7	0	2	1	4	0	16	2	0	1	1	0	1	0	0	0	0	0	4	0	0	0	0	4	1	0	0	0	0	2	1	0	0	0	0	0	0	0	0	0	0	0	0	0	3	0	0	0	0	0	0	0	0	0	0	1	0	3	0	0	0	0	0	0	1	0	0	0	0	0	0	0	12	3	0	0	0	1	0	0	1	8	0	0	8	0	0	0	1	11	0	19	158	3	0
arco_Zotu378	2	2	0	208	4	13	0	0	0	0	0	0	0	0	0	0	0	0	0	0	0	0	0	0	0	0	0	0	0	0	0	0	0	0	0	3	0	0	0	0	0	0	0	0	0	0	0	0	0	0	0	0	0	0	0	0	0	0	0	0	0	0	0	0	0	0	0	0	0	1	0	0	0	0	0	0	0	0	0	0	0	0	0	0	0	0	0	0	0	0	0	0	0	0	0	0	0	0	0	0	0	6	0	29	0	0	0
arco_Zotu295	0	0	0	1	0	1	1	1	0	0	0	1	0	0	0	0	1	0	4	0	0	0	0	12	0	0	0	139	0	0	4	0	0	4	0	0	0	0	0	0	0	9	0	0	0	0	0	0	0	75	0	0	0	5	0	0	0	6	0	0	0	8	0	0	0	0	0	0	0	0	0	1	0	2	0	0	0	0	5	0	0	0	0	0	2	0	0	0	0	0	0	0	1	0	0	0	0	0	0	8	0	0	0	0	5	10	40
arco_Zotu312	0	0	0	0	0	0	0	0	0	0	0	0	0	0	0	0	0	0	0	0	0	0	0	20	0	0	0	0	0	0	0	0	0	0	0	0	0	0	0	0	0	0	0	2	0	0	0	0	0	0	0	0	0	0	0	0	0	0	0	0	0	0	0	0	0	0	0	0	0	0	0	12	0	0	0	0	0	0	0	0	0	0	4	0	0	0	6	0	0	0	0	0	0	0	0	0	0	0	1	0	0	0	0	0	0	0	209
arco_Zotu319	0	0	0	0	0	0	0	0	15	0	13	0	3	0	0	3	2	0	0	0	1	3	0	0	0	1	0	0	2	0	117	0	0	0	9	10	0	1	1	0	0	6	7	0	0	0	1	0	0	0	0	0	0	0	0	0	1	0	1	0	11	0	2	0	5	0	8	4	1	0	11	0	1	0	0	0	0	0	0	0	0	0	2	0	10	0	0	5	0	0	1	9	0	0	0	0	0	2	59	0	0	0	20	0	6	2	7
arco_Zotu299	3	0	0	0	0	0	0	0	0	0	0	0	0	0	0	0	0	0	0	0	0	0	0	0	95	0	0	0	12	0	0	0	3	0	0	0	12	0	5	0	6	0	0	0	50	0	1	0	6	0	0	0	2	0	0	0	14	0	1	0	0	0	0	0	1	0	0	0	0	15	0	0	0	0	0	0	0	1	0	0	0	0	0	0	0	0	0	0	0	0	0	0	0	0	0	0	0	0	0	0	0	4	0	0	0	0	0
arco_Zotu331	8	0	0	0	3	0	0	0	2	0	0	0	7	0	0	0	4	0	0	0	7	0	0	0	0	0	0	0	2	0	0	0	5	0	0	0	0	0	1	0	0	0	2	0	2	0	11	0	2	0	0	0	2	0	0	0	0	0	8	0	0	0	2	0	7	1	0	1	0	16	0	0	0	17	0	0	0	30	0	0	0	30	0	0	0	13	0	0	0	63	0	0	0	6	0	0	0	11	0	0	0	0	0	0	0	0	0
arco_Zotu1284	0	1	0	0	0	2	1	0	0	0	0	0	0	0	1	1	0	0	0	0	0	0	1	0	0	0	0	1	0	1	0	0	0	0	0	3	2	1	0	0	0	0	0	14	0	0	0	1	0	0	0	4	1	0	0	7	0	0	0	0	1	2	0	21	1	0	16	0	1	0	29	6	1	0	6	1	0	0	11	4	2	0	0	1	2	0	50	8	11	1	21	1	17	0	22	0	0	0	1	1	0	0	0	0	0	0	4
arco_Zotu290	0	0	1	8	0	0	0	0	1	0	0	0	0	0	2	13	4	0	1	4	2	0	1	0	0	0	1	0	0	0	3	0	0	0	4	61	0	0	0	13	0	0	0	0	0	0	0	0	0	0	0	0	0	0	0	0	0	0	0	0	3	0	0	0	1	0	0	0	0	0	0	0	0	0	0	0	0	0	0	0	0	0	0	0	0	0	0	0	0	1	0	0	0	0	0	0	0	0	0	0	0	0	0	8	0	1	0
arco_Zotu273	14	0	0	0	0	0	0	0	0	0	9	0	0	1	0	0	2	3	0	0	0	0	0	2	5	1	0	0	14	0	1	0	16	0	1	0	16	3	0	0	5	0	0	0	189	0	0	0	2	0	0	0	0	0	0	0	0	0	6	0	1	0	0	2	1	0	1	3	6	0	0	0	0	0	0	0	0	9	1	0	0	0	0	0	0	0	1	2	0	0	1	0	0	4	4	0	0	0	0	0	0	1	0	0	0	1	1
arco_Zotu305	0	0	0	0	0	0	0	0	0	0	0	0	0	0	0	3	0	0	0	0	0	0	0	0	0	0	0	0	0	0	0	0	0	0	0	0	0	0	0	1	0	0	0	0	0	0	0	0	0	0	0	0	0	0	0	0	0	0	0	0	0	0	0	16	0	0	3	0	0	0	5	3	0	0	0	1	0	0	0	2	0	0	12	129	0	0	0	54	0	0	0	76	0	0	0	0	0	0	0	4	0	0	0	0	0	0	0
arco_Zotu294	0	1	0	0	2	0	0	2	0	0	1	0	1	0	0	0	1	0	0	0	0	0	0	2	9	0	0	0	3	0	0	0	0	0	0	0	0	0	1	0	0	0	0	1	0	0	0	0	0	0	0	0	0	0	0	0	1	0	0	0	0	0	0	34	0	0	1	0	0	6	1	11	0	0	0	0	0	0	2	0	0	0	6	17	0	3	126	0	0	0	2	0	0	0	31	0	0	0	1	0	0	16	0	0	0	1	10
arco_Zotu1973	0	0	0	1	0	0	1	0	3	0	0	3	0	0	0	0	1	3	1	0	0	0	0	7	0	0	0	0	0	4	0	0	0	0	0	0	0	0	0	0	0	0	0	4	0	0	0	0	0	1	1	0	7	0	0	1	1	0	0	0	2	1	0	6	5	2	9	0	5	0	7	22	0	0	17	3	1	0	5	0	9	1	2	1	0	0	85	2	0	0	10	4	11	0	10	3	0	2	2	8	1	0	1	0	0	0	31
arco_Zotu277	0	0	0	2	0	0	0	5	0	0	0	9	0	0	0	0	0	0	0	15	0	0	0	1	0	0	0	416	0	0	0	0	0	0	0	0	0	0	0	2	0	0	0	0	0	0	0	0	0	0	0	0	0	0	0	3	0	0	0	0	0	0	0	0	0	0	0	0	0	0	11	0	0	0	0	0	0	0	6	0	0	0	1	0	0	0	0	0	0	0	0	7	0	0	0	3	0	0	0	20	0	0	54	0	0	0	0
arco_Zotu280	0	0	9	0	0	1	4	0	2	0	0	0	0	0	2	0	0	0	119	0	0	0	3	0	3	0	0	0	1	0	0	0	0	0	0	0	0	0	0	0	1	0	0	0	3	0	0	0	2	1	0	0	120	1	0	0	0	0	0	0	0	0	0	2	0	10	0	0	0	0	0	0	2	0	0	0	1	0	0	0	1	0	1	21	0	0	0	0	0	0	0	0	5	0	0	0	2	9	0	0	7	0	0	0	3	0	0
arco_Zotu1046	0	0	0	0	1	0	3	0	2	4	0	0	1	0	0	0	0	0	1	0	0	0	0	1	1	0	0	0	3	16	1	0	1	0	0	0	0	0	0	0	1	0	0	0	2	0	0	0	0	0	0	1	2	2	0	0	2	2	0	0	46	1	0	5	15	1	0	8	3	0	3	1	14	0	7	5	15	1	8	0	34	2	1	0	15	4	2	1	4	5	6	0	7	1	3	3	0	1	0	6	0	0	0	0	0	5	1
arco_Zotu1346	4	0	3	2	2	0	4	1	3	1	0	5	0	0	1	9	1	0	0	1	3	0	4	0	2	1	2	1	0	0	6	0	1	3	0	9	2	0	2	31	0	2	0	0	6	2	0	0	2	3	3	7	11	5	0	5	1	9	1	1	4	1	0	3	2	9	0	0	3	1	1	12	7	4	7	6	2	3	0	2	3	2	2	16	7	2	1	11	0	2	0	16	0	0	0	37	0	3	0	46	5	0	0	1	7	0	0
arco_Zotu631	0	0	2	0	0	0	0	0	0	0	1	1	1	3	2	0	0	0	1	0	1	2	0	0	2	2	0	0	5	2	0	0	1	0	0	0	4	0	0	0	0	0	1	0	0	1	0	0	1	0	1	0	0	0	0	0	11	2	1	0	79	0	0	6	31	0	10	17	9	0	3	2	1	2	5	5	25	2	3	1	3	0	4	1	5	5	10	2	3	0	34	0	5	2	13	3	3	0	0	6	0	0	0	0	0	4	6
arco_Zotu282	0	0	0	5	0	0	0	8	0	0	0	335	0	0	0	21	0	0	0	6	0	0	0	5	0	0	1	1	0	0	0	0	0	0	9	67	0	0	0	3	0	0	0	0	0	0	0	0	0	0	0	0	0	0	0	0	0	0	0	0	0	0	0	0	0	0	0	0	0	0	0	0	0	0	1	0	0	0	0	0	0	0	0	0	0	0	2	0	0	0	0	0	0	0	0	7	0	1	0	0	0	0	0	5	0	0	0
arco_Zotu291	0	0	0	0	0	19	0	0	0	0	0	0	0	1	0	0	0	0	8	0	0	0	0	0	0	1	0	0	0	2	0	0	0	1	1	0	0	0	0	0	0	0	0	0	0	1	0	0	0	8	0	0	0	3	0	0	0	0	0	0	0	2	0	0	0	0	0	2	11	1	0	0	4	0	0	0	18	0	0	0	18	0	0	0	7	0	0	0	18	2	0	0	197	3	0	0	0	1	0	0	0	0	0	0	0	0	0
arco_Zotu308	0	0	3	0	0	0	1	0	5	0	0	0	0	0	0	0	0	0	1	0	0	0	0	3	4	1	0	0	2	0	0	0	2	1	4	0	10	0	0	0	0	0	0	0	0	0	1	0	1	4	3	0	1	0	0	0	3	5	0	0	2	5	6	15	5	1	0	2	1	6	2	3	0	0	1	0	27	0	0	0	1	1	5	20	8	30	30	1	1	20	2	0	30	18	5	0	0	14	0	1	0	0	0	0	0	1	1
arco_Zotu296	0	8	0	2	0	2	0	2	0	0	8	0	0	0	0	1	1	0	0	1	0	0	0	0	0	0	0	0	0	0	0	0	0	0	2	0	0	0	0	9	0	0	0	0	0	0	0	0	0	0	0	0	0	0	0	0	0	0	0	0	0	0	0	0	0	0	0	0	0	0	0	0	0	0	0	0	0	1	0	9	0	0	0	0	0	2	0	0	0	1	0	0	0	15	0	0	0	0	0	0	0	0	0	89	1	0	0
arco_Zotu325	0	2	1	0	0	0	0	6	0	1	0	0	2	0	0	0	0	5	0	0	0	2	0	0	0	0	0	0	0	1	5	0	21	7	2	0	2	19	0	0	2	24	0	0	0	17	3	0	0	0	0	3	0	5	0	0	0	8	0	0	0	0	0	2	5	0	0	0	12	1	0	0	1	6	3	0	0	0	0	2	0	0	0	0	37	2	1	0	6	24	0	0	0	2	27	0	0	0	0	0	7	0	0	0	6	0	0
arco_Zotu281	0	0	0	0	0	0	0	0	0	0	0	0	9	0	0	0	6	0	0	0	0	0	0	9	1	0	0	0	1	0	0	0	0	0	0	0	6	0	0	0	0	0	0	2	0	0	0	0	1	0	3	0	0	0	0	0	10	0	0	0	7	0	0	1	0	0	6	3	0	7	0	12	0	1	1	0	0	1	0	13	0	0	6	1	0	14	21	11	0	7	9	0	0	22	5	1	0	0	2	3	0	21	0	0	0	5	65
arco_Zotu298	0	2	0	5	0	0	0	6	0	0	0	2	0	0	0	0	0	0	0	0	0	0	0	0	0	0	0	0	0	0	0	0	0	0	1	1	3	0	0	0	0	0	0	0	0	0	0	0	0	0	0	4	0	0	0	0	2	0	0	0	3	0	0	18	0	1	12	7	0	0	15	2	0	0	7	18	0	0	4	9	0	0	0	0	0	0	6	2	8	0	127	6	0	0	67	10	0	0	2	2	0	0	0	0	0	1	2
arco_Zotu246	0	11	0	0	0	11	1	0	0	0	3	0	0	0	0	0	0	5	3	0	0	7	0	0	0	0	98	0	0	0	20	0	0	0	2	21	0	2	0	0	0	0	0	0	0	1	0	0	0	3	0	0	0	2	0	0	0	1	0	0	0	0	0	0	0	0	0	0	5	0	0	0	1	0	0	0	0	0	0	0	0	0	0	0	0	0	0	0	0	0	0	0	2	0	0	0	0	0	0	0	14	0	0	1	1	0	0
arco_Zotu266	0	0	7	0	0	0	140	0	0	0	123	0	0	1	65	0	0	0	8	0	0	0	3	0	1	0	0	0	14	12	1	0	0	1	24	0	2	0	9	0	0	0	1	0	0	5	0	0	0	0	0	0	0	1	0	0	0	0	1	0	1	3	0	0	0	0	0	0	0	0	0	0	0	0	0	0	0	0	0	0	2	0	0	0	0	2	0	0	2	0	0	0	0	0	0	0	21	0	0	0	4	0	0	0	0	0	0
arco_Zotu343	0	0	1	0	5	0	2	0	0	0	0	0	11	0	0	0	2	1	0	0	1	0	2	0	0	1	0	1	1	5	0	0	13	1	0	0	2	1	0	0	0	0	0	0	0	0	3	0	2	0	1	1	1	1	0	0	4	1	0	0	21	0	3	7	231	2	0	21	5	0	1	0	1	0	16	0	10	0	0	1	7	5	5	1	5	4	1	0	1	23	0	0	0	2	4	6	1	0	0	0	0	0	0	0	0	4	0
arco_Zotu346	1	3	5	0	0	15	0	1	0	4	2	0	2	2	0	0	0	1	2	0	1	4	0	0	6	67	0	0	5	9	3	0	6	0	0	0	9	0	0	0	0	1	0	0	1	0	1	0	0	10	2	0	1	0	0	0	1	5	0	0	3	0	0	0	10	0	0	7	2	5	0	1	0	0	0	0	7	5	0	3	0	1	0	0	5	8	0	0	1	39	1	0	47	33	13	1	0	4	0	0	0	0	0	1	2	2	0
arco_Zotu267	0	0	0	0	0	0	0	0	0	0	0	5	0	0	0	0	0	0	0	0	0	0	0	0	0	0	0	0	0	0	0	0	0	0	0	0	0	0	0	0	0	0	0	0	0	0	0	0	0	0	0	0	0	0	0	1	0	0	0	0	0	0	0	2	0	0	0	0	0	0	1	0	2	0	461	0	0	9	0	0	0	0	0	0	0	0	1	0	0	0	0	0	0	1	0	2	0	29	0	0	0	0	0	0	0	0	0
arco_Zotu247	40	0	0	0	0	1	1	0	1	4	2	0	0	0	1	0	0	10	1	0	4	0	26	0	0	0	0	0	0	0	5	0	3	0	3	0	0	1	0	0	0	0	0	0	3	0	2	0	0	2	0	355	0	10	0	0	0	0	9	0	0	0	0	0	0	0	0	0	0	0	0	0	1	1	0	0	0	1	0	0	0	0	0	0	0	0	0	0	0	1	0	0	0	0	0	0	0	0	0	0	2	0	0	0	2	1	0
arco_Zotu373	0	25	0	0	0	6	1	0	0	0	0	0	0	0	0	1	0	0	0	5	1	2	0	1	1	0	5	0	0	8	0	0	0	0	0	3	0	0	0	1	0	0	0	0	0	0	0	0	0	0	0	0	0	0	0	0	1	0	0	0	0	0	0	14	0	0	6	0	0	6	101	5	1	2	16	1	3	0	6	0	9	0	4	2	3	1	5	7	1	4	9	70	0	1	9	5	0	0	4	7	0	6	7	1	0	0	0
arco_Zotu256	2	0	0	12	8	5	0	0	1	0	0	0	0	0	0	0	0	0	0	0	0	0	0	0	3	0	0	0	0	0	0	0	1	0	0	0	0	0	22	0	0	0	5	0	0	0	8	0	3	0	0	0	4	0	0	0	3	0	6	0	0	0	78	0	0	11	0	0	0	71	0	11	0	0	0	0	0	0	0	0	0	10	1	0	0	2	0	0	0	3	0	0	0	0	0	0	0	37	0	0	0	3	0	0	0	0	0
arco_Zotu248	0	0	0	3	1	0	0	0	0	0	0	0	7	0	0	1	0	0	0	2	0	0	0	0	0	0	3	0	3	0	0	0	17	0	0	22	0	0	0	0	0	0	3	0	0	0	1	0	1	0	0	0	0	0	0	0	7	0	0	0	44	0	3	0	253	2	0	12	0	0	0	0	0	0	0	0	0	0	0	0	0	1	0	0	0	1	0	0	0	13	0	0	0	0	0	0	0	0	0	0	0	0	0	7	0	1	0
arco_Zotu261	0	0	0	0	0	0	0	0	0	0	0	0	0	0	0	0	0	0	0	0	0	0	0	0	189	0	0	0	14	0	0	0	7	0	0	0	8	0	9	0	3	0	0	0	2	0	0	0	2	0	0	0	3	0	0	0	24	0	0	0	2	0	0	0	0	0	0	0	0	15	0	0	0	0	0	0	0	0	0	0	0	0	0	0	0	0	0	0	0	0	0	0	0	0	0	0	0	0	0	0	0	7	0	0	0	0	0
arco_Zotu245	0	0	0	458	4	17	0	0	0	0	0	0	0	0	0	3	0	0	0	0	0	0	0	0	0	0	0	0	0	0	0	0	0	0	0	1	0	0	4	0	0	0	0	0	0	0	0	0	0	0	0	0	0	0	0	0	1	0	0	0	0	0	5	0	0	4	0	0	0	7	0	0	0	0	0	0	0	0	0	0	0	3	0	0	0	0	0	0	0	1	0	0	0	0	0	0	0	4	0	0	0	3	0	7	0	0	0
arco_Zotu241	0	3	0	0	46	1	0	0	0	9	0	0	0	9	0	0	0	34	0	0	2	1	0	0	0	6	0	0	0	9	0	0	0	0	0	0	0	1	0	0	0	0	0	0	0	0	0	0	2	0	0	429	0	0	0	0	0	0	0	0	0	0	3	0	0	0	0	0	2	0	0	0	0	0	0	0	0	0	0	0	0	3	0	0	0	0	0	0	0	0	0	0	0	0	0	0	0	0	0	0	16	2	0	0	0	1	0
arco_Zotu288	0	3	0	1	0	0	0	0	0	0	7	0	0	0	0	9	1	0	0	7	0	1	0	0	0	0	0	0	0	0	0	0	2	0	0	3	1	0	0	3	0	0	0	0	2	0	0	0	2	0	1	0	0	0	0	0	1	0	1	0	3	0	2	0	3	0	0	1	0	3	0	0	0	2	0	0	0	13	0	0	0	17	0	1	0	15	0	0	0	50	0	0	0	30	0	0	0	6	0	0	0	0	0	49	0	1	3
arco_Zotu921	0	1	0	2	0	5	0	1	0	0	0	0	0	0	4	1	0	0	3	0	0	0	0	3	0	0	1	0	1	0	0	0	0	0	1	1	3	0	0	1	0	1	0	1	0	2	0	1	0	5	1	2	0	0	0	2	0	0	0	0	5	0	0	22	8	0	18	2	4	0	18	12	3	0	6	2	3	0	3	6	5	0	6	4	2	0	70	11	24	0	19	1	39	3	34	1	0	0	1	0	3	0	0	0	1	1	7
arco_Zotu260	0	0	0	0	0	0	0	1	0	0	0	0	6	0	0	1	0	0	0	0	0	0	0	0	0	0	0	0	0	0	0	0	2	0	0	0	0	0	0	0	0	0	1	0	0	0	2	0	0	0	1	1	0	0	0	0	1	0	0	0	4	0	0	0	11	0	39	2	0	2	0	0	0	1	2	5	0	1	1	5	0	1	0	2	0	12	0	105	0	54	3	8	0	13	22	8	0	3	7	16	0	0	0	0	0	0	0
arco_Zotu364	0	1	0	4	0	0	3	1	0	2	0	0	1	0	0	0	3	0	0	8	0	2	0	0	4	2	0	0	6	13	0	0	1	1	0	0	6	0	2	0	2	2	0	0	0	1	1	0	0	0	2	0	0	2	0	0	11	5	0	0	24	0	0	1	19	0	7	34	3	1	15	2	2	0	7	6	13	0	2	1	27	1	0	0	30	7	9	2	15	3	22	7	5	5	8	2	1	0	1	3	1	3	0	1	4	1	5
arco_Zotu251	0	0	0	1	1	0	6	0	1	1	0	0	0	0	1	6	2	0	1	426	3	0	3	0	0	0	0	0	0	1	0	0	0	0	0	3	1	0	0	20	0	0	0	0	0	0	0	0	0	0	1	0	1	0	0	0	0	1	0	0	0	15	0	0	0	0	0	1	0	0	0	0	0	2	0	0	0	4	0	0	0	1	0	3	0	0	0	0	0	0	0	0	0	32	0	0	0	1	0	0	1	4	0	2	0	0	0
arco_Zotu252	0	0	0	0	0	0	0	0	0	0	0	55	0	0	0	0	0	0	0	0	0	0	0	0	0	0	0	0	0	0	0	0	0	0	0	0	0	0	0	2	0	0	0	4	0	0	0	0	0	0	0	7	0	0	0	1197	0	0	0	0	0	0	0	0	0	0	0	0	0	0	1	0	0	0	23	0	0	0	0	0	0	0	0	0	0	0	0	0	0	0	0	0	0	0	0	31	0	0	0	0	0	0	0	0	0	0	0
arco_Zotu264	0	0	0	0	0	0	0	0	0	0	0	37	0	0	0	0	0	0	0	0	0	0	0	0	0	0	0	0	1	0	0	0	0	0	0	1	0	0	0	6	0	0	0	2	0	0	0	2	0	0	0	3	0	0	0	1109	0	0	0	0	42	0	0	0	4	0	0	1	0	0	0	0	0	0	15	0	0	0	0	0	0	0	0	0	0	2	0	0	0	0	0	0	0	0	0	31	0	0	0	0	0	0	0	0	0	3	0
arco_Zotu278	2	0	0	0	0	0	0	2	2	0	0	0	13	0	0	1	4	0	0	0	1	0	0	0	0	0	0	0	7	0	0	0	0	0	0	0	0	0	0	1	0	0	2	0	0	0	0	0	0	0	0	0	0	0	0	0	2	0	0	0	18	0	0	79	2	0	13	0	0	1	5	10	0	2	6	3	0	0	5	4	0	1	14	53	0	21	17	21	0	7	2	12	0	5	41	7	0	1	4	7	0	3	0	0	0	74	0
arco_Zotu306	1	1	3	0	2	0	9	0	0	6	0	0	0	0	0	0	1	0	0	0	0	2	2	0	0	7	0	0	4	28	1	0	0	1	0	0	0	0	0	0	0	0	4	0	5	0	0	0	0	0	0	0	0	5	0	0	5	1	1	0	80	5	1	2	10	0	0	4	2	0	0	0	13	1	3	0	35	2	0	0	70	0	0	0	20	9	5	0	5	1	4	0	7	0	0	1	0	1	0	0	0	0	0	0	0	16	2
arco_Zotu225	21	4	0	57	0	373	0	0	0	0	0	0	0	0	0	0	2	0	0	0	0	1	0	0	0	0	2	0	0	0	0	0	0	0	0	0	1	25	0	0	0	1	0	0	1	0	0	0	0	0	0	0	0	0	0	0	0	2	0	0	0	0	0	0	0	0	0	3	0	0	0	0	0	0	0	0	0	4	0	0	0	0	0	0	0	3	0	0	0	0	0	0	0	31	0	0	0	0	0	0	0	0	0	0	0	2	0
arco_Zotu272	0	208	0	0	0	20	0	0	0	0	0	0	0	0	0	0	0	0	0	0	0	0	0	0	0	0	7	0	0	0	0	0	0	0	0	0	0	0	0	0	0	0	0	0	0	0	0	0	0	0	0	0	0	0	0	0	0	0	0	0	0	0	0	0	0	0	0	0	0	0	0	0	2	0	0	0	0	0	0	0	0	0	0	0	0	0	0	0	0	0	0	0	0	0	0	0	0	0	0	0	0	0	0	11	0	0	0
arco_Zotu262	0	0	0	0	0	0	0	0	2	0	0	0	2	0	1	0	1	0	0	1	0	0	0	2	1	0	0	0	0	0	0	0	0	0	0	0	3	0	1	0	0	0	0	0	0	0	1	0	0	0	1	0	2	0	0	0	4	0	0	0	0	0	0	0	9	0	2	29	1	0	16	4	0	0	0	0	0	0	0	0	0	0	3	0	0	0	14	1	0	3	1	6	0	1	0	0	1	0	34	0	10	15	52	0	0	0	100
arco_Zotu236	0	0	0	7	0	0	0	2	0	0	0	7	0	0	0	2	0	0	0	3	0	0	0	1012	0	0	0	3	0	0	10	0	0	0	0	0	0	0	0	0	0	10	0	5	0	0	0	0	0	0	0	0	0	0	0	0	0	0	0	0	0	1	0	0	0	0	0	0	0	0	0	8	0	0	0	0	0	0	0	0	0	0	0	0	1	0	8	0	0	0	0	0	0	0	0	0	0	0	0	0	0	0	0	0	8	0	3
arco_Zotu268	0	0	0	1	0	1	0	21	0	0	0	0	1	0	0	0	1	0	0	0	0	0	0	4	1	0	0	0	2	1	0	0	0	0	0	0	0	0	0	0	0	0	0	1	0	0	0	0	0	2	0	2	0	0	0	0	4	0	0	0	17	0	0	25	5	0	18	21	3	0	18	22	1	0	22	7	0	0	9	17	1	0	4	4	0	3	100	9	1	0	8	9	10	5	62	3	0	0	4	3	0	0	1	1	0	1	18
arco_Zotu226	1	0	0	0	45	0	0	0	1	0	0	0	0	0	0	0	0	0	0	0	1	0	0	0	2	0	0	0	1	0	0	0	4	0	0	0	0	0	1	0	2	0	0	0	15	0	0	0	329	0	0	0	21	0	0	0	0	0	1	0	0	0	22	0	1	6	0	0	0	1	0	0	0	0	0	0	0	0	0	0	0	48	0	0	0	0	0	0	0	0	0	0	0	0	0	0	0	1	0	0	0	0	0	0	0	0	0
arco_Zotu243	0	0	0	0	0	0	0	0	0	0	0	0	1	0	0	0	1	0	0	0	2	0	0	8	2	0	0	0	1	0	0	0	0	0	0	0	2	0	2	1	0	0	0	0	0	0	0	0	0	0	0	0	0	0	0	0	1	0	0	0	4	0	0	0	11	0	1	29	1	1	11	1	0	0	0	0	0	0	0	0	1	0	7	1	0	2	5	0	0	3	4	15	0	1	0	0	0	5	39	0	4	10	74	0	0	17	114
arco_Zotu232	0	0	1	0	0	17	1	0	1	0	0	0	0	0	0	0	5	0	15	0	0	0	0	1	0	0	0	0	0	1	0	0	0	0	1	0	2	0	0	0	0	0	0	0	0	0	0	0	0	13	0	0	0	0	0	0	0	0	0	0	2	0	0	8	0	0	1	3	4	3	1	0	0	1	4	0	15	1	3	0	4	0	0	0	13	13	45	0	8	4	0	0	264	21	4	0	0	0	0	0	0	0	0	0	0	1	7
arco_Zotu542	0	0	0	0	0	0	0	2	1	0	0	1	0	0	1	0	1	1	0	0	0	0	0	4	0	0	0	0	3	10	0	0	2	1	0	0	1	1	0	0	0	0	1	1	0	1	0	0	1	1	0	0	5	0	0	1	2	0	0	0	44	2	1	8	20	5	11	15	10	0	10	35	2	0	24	4	3	0	12	4	7	2	4	0	1	3	92	7	16	3	14	8	4	2	12	8	0	1	1	14	0	0	1	0	0	1	20
arco_Zotu221	0	0	0	0	0	0	0	0	0	0	0	0	0	0	0	2	0	0	0	0	0	0	0	0	0	0	0	0	0	0	0	0	0	0	0	0	0	0	0	0	0	0	0	0	0	0	0	0	0	0	0	0	0	0	0	0	0	0	0	0	0	0	0	62	0	0	1	0	0	0	0	6	0	0	0	6	0	0	0	5	0	0	29	323	0	0	1	31	0	0	0	7	0	0	0	8	0	0	0	13	0	0	0	0	0	0	2
arco_Zotu270	0	0	0	0	0	5	2	0	0	2	0	0	0	6	0	0	8	0	0	0	0	0	0	0	1	41	0	0	7	75	1	0	2	0	0	0	15	0	0	0	0	0	1	0	0	0	0	0	0	0	4	0	0	0	0	0	1	0	0	0	10	2	0	47	0	0	1	12	0	11	1	3	0	4	0	2	4	3	0	2	4	0	19	54	2	62	0	2	0	13	0	4	3	78	0	2	0	0	0	3	0	0	0	0	1	8	0
arco_Zotu234	0	0	6	0	0	0	3	0	0	19	0	0	0	0	1	0	0	0	0	0	0	0	5	2	0	15	0	0	0	39	0	0	0	0	0	0	0	0	0	0	0	0	0	1	0	0	2	0	1	0	2	0	1	18	0	0	0	7	1	0	0	11	7	1	0	0	0	0	4	0	0	5	61	0	0	8	64	0	0	0	54	0	4	0	11	0	12	0	5	0	1	0	7	0	0	0	0	6	3	1	0	0	1	0	0	0	39
arco_Zotu238	88	0	5	0	5	0	147	0	10	0	3	0	4	0	16	0	3	0	4	0	3	0	3	0	0	0	0	0	0	35	3	0	0	0	61	0	0	0	0	0	0	0	0	0	19	1	0	0	0	1	1	0	0	2	0	0	0	0	24	0	0	12	0	0	0	1	0	0	0	1	0	0	1	1	0	0	0	15	0	0	12	1	0	0	0	0	0	0	1	0	0	0	0	0	0	0	3	0	0	0	14	1	0	0	11	2	0
arco_Zotu230	0	0	0	0	0	5	0	0	0	1	3	0	0	55	0	0	0	0	1	6	0	2	0	0	0	1	0	0	0	3	4	0	0	1	0	1	0	5	1	5	0	7	1	0	0	7	0	0	0	0	0	0	0	1	0	0	0	2	0	0	15	0	0	0	0	0	0	0	0	0	22	0	1	0	0	0	1	3	0	0	0	0	2	0	0	19	0	0	0	1	0	33	1	0	0	0	3	2	0	0	0	1	146	4	7	1	3
arco_Zotu224	0	1	1	0	2	0	4	0	2	0	0	1	1	0	1	0	0	0	0	0	0	0	0	0	10	5	4	0	1	12	0	0	6	0	3	8	2	0	2	0	0	0	2	0	1	4	3	0	3	1	1	1	25	0	0	4	9	2	1	0	14	1	11	3	36	3	20	5	6	8	7	0	4	0	13	2	59	0	2	1	20	0	0	0	4	0	6	2	59	3	32	0	11	0	5	0	0	3	0	0	0	0	0	0	0	0	0
arco_Zotu217	0	0	0	0	0	0	0	8	0	0	0	0	9	0	0	0	2	0	0	0	0	0	0	0	2	0	0	0	0	0	0	0	19	0	0	1	1	0	0	0	0	0	0	0	0	0	5	0	0	0	0	3	0	0	0	0	0	0	0	0	0	0	0	21	19	0	9	2	0	5	6	5	0	3	4	4	0	4	1	7	0	3	9	37	0	11	3	27	0	95	33	6	0	22	105	3	0	4	6	7	0	0	0	0	0	0	0
arco_Zotu208	0	0	0	9	0	0	0	36	0	0	5	35	0	0	0	21	0	0	0	24	0	3	0	42	0	0	11	409	0	0	36	0	0	0	1	51	0	0	0	1	0	0	0	0	0	0	0	0	0	0	0	0	0	0	0	0	0	0	0	0	0	0	0	0	0	0	0	0	0	0	0	0	0	0	0	0	0	0	32	0	0	0	1	0	0	0	0	0	0	0	0	0	0	0	0	0	0	0	0	50	0	0	0	5	0	0	0
arco_Zotu239	0	0	1	0	0	0	0	5	1	1	0	0	0	0	0	0	1	0	0	0	0	0	0	10	1	3	0	0	2	0	0	0	0	0	0	0	4	0	0	0	0	0	2	3	0	0	0	0	0	0	2	0	0	0	0	0	3	3	0	0	9	0	0	16	1	1	10	3	0	1	24	12	2	1	7	1	23	0	3	1	2	3	5	4	5	10	191	5	0	3	4	3	1	7	10	4	0	2	18	1	0	3	12	0	2	1	24
arco_Zotu271	2	0	10	0	12	1	3	0	0	0	10	0	0	0	0	0	0	0	15	0	0	0	0	0	4	1	0	0	1	0	0	0	0	0	0	0	0	0	59	0	0	0	8	0	0	0	4	0	6	1	4	0	0	0	1	0	5	0	8	0	0	0	69	0	0	10	0	0	0	110	0	0	0	2	0	0	0	1	0	0	0	28	0	0	0	4	0	0	0	5	0	0	0	0	0	0	1	2	0	0	0	9	0	0	0	3	0
arco_Zotu358	0	1	0	3	0	2	0	4	0	0	0	2	2	0	2	1	3	0	3	0	0	0	0	0	0	1	0	0	0	0	0	0	3	1	1	1	3	0	0	0	0	0	0	0	0	4	0	0	0	4	0	0	0	0	0	0	7	0	1	0	16	0	0	35	52	0	12	18	4	0	26	9	6	0	29	6	10	0	5	5	1	0	4	6	6	1	25	10	43	8	41	8	19	1	45	11	0	0	4	18	0	0	1	0	0	1	4
arco_Zotu240	1	1	0	0	3	0	0	4	1	0	0	0	0	0	0	25	0	0	0	0	9	208	0	0	0	0	0	0	0	0	0	0	0	0	0	0	0	0	0	0	0	0	0	0	2	0	0	0	3	0	0	0	0	0	0	0	0	0	0	0	1	0	0	0	0	3	0	0	0	0	0	2	0	0	0	21	0	23	0	85	0	11	0	0	0	9	0	6	0	1	4	0	0	0	14	0	0	29	0	1	0	0	0	0	0	0	0
arco_Zotu300	0	3	1	0	0	1	0	3	0	0	0	2	1	1	4	1	2	0	2	4	0	0	0	0	0	0	1	0	1	4	0	0	1	1	0	1	2	1	0	0	0	1	0	0	0	0	0	0	0	3	1	1	2	2	0	0	6	0	1	0	35	1	0	27	26	0	12	21	12	1	14	12	6	1	19	15	12	0	8	14	8	0	5	7	2	1	34	12	34	3	22	13	38	1	52	15	0	2	1	24	2	0	2	0	0	3	8
arco_Zotu218	3	0	0	0	4	0	0	0	70	0	0	0	3	0	0	7	2	0	0	0	0	0	0	0	7	0	0	0	0	0	0	0	0	0	0	5	0	0	11	0	0	0	0	0	0	0	0	0	0	0	2	0	6	0	0	0	53	0	0	0	2	0	0	0	3	20	5	2	0	8	0	5	0	0	0	4	0	0	0	5	0	0	0	6	0	0	0	228	0	0	0	3	0	0	0	3	0	12	5	7	0	10	0	0	0	2	0
arco_Zotu210	0	0	0	0	0	0	14	0	0	0	14	0	0	0	12	0	0	0	0	0	0	0	0	0	10	0	0	0	0	0	4	0	0	0	222	0	1	0	323	0	0	0	2	0	0	1	9	0	1	1	1	0	0	3	1	0	4	0	5	0	0	16	4	0	0	12	0	0	0	41	0	0	0	0	0	0	0	0	0	0	3	0	0	0	0	0	0	0	0	0	0	0	0	0	0	0	0	0	0	0	0	12	0	0	0	0	0
arco_Zotu254	0	1	0	0	2	0	2	0	0	0	0	2	2	0	0	1	1	0	0	5	0	0	0	0	5	0	1	0	0	5	0	0	1	0	0	3	1	0	4	3	0	0	0	1	0	0	1	0	0	0	0	0	0	0	0	0	33	0	0	0	5	2	0	15	7	0	15	5	0	7	184	5	3	0	20	27	1	0	3	2	8	3	5	1	1	1	5	10	3	1	17	85	4	1	10	10	0	0	16	10	0	7	21	10	0	0	4
arco_Zotu367	0	0	0	1	0	0	0	3	0	0	0	1	0	0	0	2	1	0	0	0	0	0	0	3	0	0	0	0	1	1	0	0	0	1	1	1	1	0	0	0	0	0	0	1	1	1	0	3	0	1	0	0	0	1	0	1	10	0	0	0	24	0	0	41	10	0	19	13	9	0	37	11	1	1	46	6	2	1	20	13	5	0	6	4	2	3	60	7	15	1	47	5	10	0	96	12	0	0	6	14	1	0	1	0	0	1	9
arco_Zotu213	1	0	0	0	2	0	3	4	8	0	0	13	3	0	0	17	3	0	0	3	3	0	0	640	1	0	0	21	0	0	0	0	0	0	0	1	0	0	0	0	0	0	0	1	1	0	0	0	0	0	1	0	1	1	0	0	0	0	0	0	9	4	0	1	0	1	7	2	0	2	1	1	0	0	3	2	0	2	75	0	3	0	3	0	0	0	16	0	0	1	0	0	0	1	0	0	0	37	2	7	0	12	0	12	0	4	10
arco_Zotu377	0	3	0	3	0	6	1	9	0	1	0	1	1	0	4	0	1	0	2	0	0	0	0	1	2	0	2	0	3	0	0	0	2	1	4	3	4	0	0	0	0	0	3	0	0	3	0	1	0	4	0	2	4	0	0	0	7	0	0	0	35	0	0	43	19	0	23	18	5	1	9	8	2	0	9	8	4	1	9	16	3	0	2	4	3	3	29	19	57	6	31	9	40	5	88	1	0	0	7	7	0	0	1	0	1	5	5
arco_Zotu193	0	0	0	1	0	0	0	0	0	0	0	0	0	0	0	18	0	0	0	41	0	0	0	0	0	0	1	0	0	0	0	0	0	0	0	16	0	0	0	784	0	0	0	0	0	0	0	0	0	0	0	0	0	0	0	0	0	0	0	0	0	0	0	0	0	0	0	0	0	0	0	0	0	0	0	0	0	0	0	0	0	0	0	0	0	0	0	0	0	0	0	0	0	0	0	0	0	0	0	0	0	0	0	11	0	0	0
arco_Zotu198	5	12	9	0	0	106	0	0	0	40	3	0	3	80	4	0	0	0	3	0	2	5	1	0	0	48	0	0	0	24	0	0	0	0	2	0	0	0	0	0	0	0	0	0	3	4	0	0	0	5	0	0	0	4	0	0	0	24	0	0	0	0	0	0	2	0	0	0	9	0	0	0	10	0	0	0	194	0	0	0	7	0	0	0	7	0	0	0	13	0	0	0	24	0	0	0	2	0	0	0	0	0	0	0	0	1	0
arco_Zotu220	0	0	0	2	5	0	16	10	6	0	0	19	2	0	1	7	1	0	1	2	6	0	0	37	9	1	0	4	6	9	0	0	0	3	0	1	1	2	11	1	0	0	2	4	0	1	1	0	2	6	1	0	2	8	1	0	3	0	0	0	2	21	1	3	5	3	1	2	0	21	0	59	0	0	0	20	0	1	0	3	3	0	52	18	1	1	6	9	0	1	0	10	0	0	0	7	0	1	15	1	0	44	4	0	0	6	66
arco_Zotu204	0	0	0	0	0	0	0	0	0	0	0	0	0	0	0	0	0	0	0	16	0	0	0	34	0	0	0	0	0	0	0	0	0	0	0	0	0	0	0	5	0	0	0	5	0	0	0	0	0	0	0	0	0	0	0	0	0	0	0	0	0	0	0	0	0	0	0	0	0	0	24	63	0	0	0	1	0	0	0	0	0	0	64	2	0	0	8	2	0	0	0	147	0	0	0	3	0	1	5	1	0	0	76	0	0	0	170
arco_Zotu202	0	8	0	1	0	1	0	0	1	1	0	0	8	1	5	0	1	0	0	19	0	1	0	2	6	1	0	0	0	1	0	0	2	0	2	0	1	0	6	19	0	0	1	0	0	0	6	0	0	0	0	0	1	0	0	0	11	0	0	0	3	0	0	0	70	2	0	3	0	54	25	6	0	2	0	26	0	1	0	1	0	2	33	4	0	0	0	1	3	17	1	202	0	2	0	3	0	3	3	6	0	6	65	0	0	0	9
arco_Zotu194	1	14	1	0	0	0	6	0	0	0	0	0	0	0	0	1	0	0	0	3	0	0	0	0	0	0	0	0	0	0	11	0	0	3	0	6	0	3	0	5	0	22	0	0	0	1	0	0	0	0	0	0	0	2	0	0	0	8	0	0	0	2	0	0	0	0	0	0	0	0	0	0	0	0	0	0	0	4	0	0	0	0	0	0	1	0	0	0	0	0	0	0	0	1	0	0	0	0	0	0	0	0	0	172	15	0	0
arco_Zotu187	0	0	0	4	0	0	0	65	0	0	0	2235	4	0	0	7	0	0	0	7	0	0	0	13	0	0	0	10	0	0	0	0	2	0	0	0	0	0	0	0	0	0	1	0	0	0	9	0	0	0	0	0	0	0	0	53	1	0	0	0	0	0	0	0	39	0	0	3	0	0	0	0	0	0	36	0	0	0	0	0	0	0	0	1	0	0	1	0	0	9	0	0	0	0	1	198	0	0	0	0	0	0	0	0	0	0	0
arco_Zotu175	0	278	0	0	0	6	0	0	0	1	15	0	0	0	14	0	0	4	0	0	0	2	0	0	0	1	9	0	0	2	3	0	0	2	7	0	0	0	0	0	0	0	0	0	0	3	0	0	0	0	0	0	0	0	0	0	0	0	0	0	0	0	0	0	0	0	0	0	0	0	0	0	0	0	0	0	0	0	0	0	0	0	0	0	0	0	0	0	5	0	0	0	0	0	0	0	1	0	0	0	0	0	0	29	0	0	0
arco_Zotu235	0	3	1	2	0	5	0	5	0	4	0	1	3	0	5	1	3	0	3	0	0	0	0	0	0	0	0	2	2	1	0	0	4	1	3	1	0	1	0	1	0	0	0	0	0	8	3	1	1	6	2	0	0	1	0	0	3	2	2	0	18	0	0	59	48	0	24	24	2	0	24	12	4	0	26	19	4	1	11	7	2	0	10	5	1	2	36	10	72	7	61	9	56	1	60	7	0	0	4	5	0	0	1	1	0	2	8
arco_Zotu184	1	14	0	0	0	1	1	0	1	4	0	0	0	2	1	2	0	1	0	5	0	0	2	1	1	0	3	3	7	9	0	0	0	0	0	2	2	0	0	0	0	1	1	1	0	0	0	0	0	0	0	0	1	3	0	0	4	0	0	1	39	0	0	2	5	0	15	5	2	1	48	4	22	2	2	0	5	1	79	0	15	0	14	0	6	12	17	0	3	2	1	12	4	6	5	0	1	8	6	24	0	3	56	3	2	4	65
arco_Zotu242	0	1	0	454	0	10	1	0	0	1	0	0	3	0	1	14	4	8	1	2	0	1	0	0	1	0	0	0	0	1	4	0	0	4	3	1	0	6	2	4	4	14	0	0	5	15	1	0	0	64	0	186	0	2	0	6	4	3	1	0	4	0	3	21	2	0	0	1	1	0	0	0	0	0	0	0	0	0	0	0	0	0	2	0	1	1	0	0	0	0	0	0	2	0	0	1	1	0	0	0	1	2	0	12	6	0	0
arco_Zotu181	0	6	4	0	0	255	0	0	18	49	0	0	0	10	1	0	0	6	41	0	0	3	1	0	9	108	0	0	1	42	0	0	3	0	0	0	3	14	16	0	0	1	0	0	4	1	0	0	6	23	0	0	74	1	1	0	45	7	0	0	3	0	1	0	6	16	0	1	1	10	0	0	1	1	0	0	7	1	0	0	0	0	0	0	0	0	0	0	0	0	0	0	18	0	0	0	0	9	0	0	4	7	0	0	0	0	0
arco_Zotu186	0	0	0	0	21	0	0	0	1	0	0	0	5	0	0	0	0	0	0	0	0	0	0	0	5	0	0	0	1	0	0	0	1	0	0	0	0	0	64	0	0	0	51	0	0	0	32	0	11	0	3	0	0	0	1	0	7	0	6	0	54	0	149	0	5	8	0	0	0	93	0	0	0	0	0	0	0	0	0	0	0	42	0	0	0	10	0	0	0	10	0	0	0	1	0	0	0	2	0	0	0	8	0	0	2	3	0
arco_Zotu222	0	0	0	0	0	2	0	0	0	0	0	0	9	0	0	0	10	0	0	0	0	1	0	0	0	1	0	0	23	2	0	0	8	0	0	0	30	0	0	0	0	0	7	0	0	0	2	0	0	1	6	0	0	0	0	0	1	0	0	0	22	0	0	5	21	0	0	28	0	11	0	0	1	7	0	0	1	1	0	2	0	4	0	0	1	138	0	0	0	82	1	0	6	145	5	0	0	2	0	0	0	0	0	0	0	10	0
arco_Zotu173	2	0	36	0	6	5	19	0	0	0	0	0	0	0	5	0	0	0	218	0	0	0	48	0	6	4	0	0	2	2	0	0	0	0	0	0	0	0	33	0	0	0	10	0	1	0	1	0	8	5	0	0	0	3	0	0	5	0	8	0	0	0	76	0	0	6	0	0	0	53	0	0	1	0	0	0	1	12	0	0	0	35	0	0	0	1	0	0	0	0	0	0	13	0	0	0	8	1	0	0	0	2	0	0	2	1	0
arco_Zotu269	0	2	1	0	0	1	40	0	0	4	2	0	0	1	6	0	2	4	4	0	1	1	1	0	3	16	0	0	10	19	20	0	1	0	145	0	22	2	0	0	0	3	2	0	0	0	0	0	0	1	2	0	0	0	0	0	2	0	0	0	13	1	0	6	0	0	2	7	53	5	0	2	2	1	1	0	10	1	0	0	20	0	0	0	44	59	3	0	21	12	11	0	22	73	97	0	2	1	1	0	5	6	0	0	20	5	0
arco_Zotu199	0	5	0	4	0	1	0	16	0	2	0	11	0	4	0	5	0	2	0	2	0	3	0	9	232	19	57	214	23	4	0	0	22	0	0	5	26	0	6	0	8	0	0	0	6	0	0	0	4	0	0	0	10	0	0	0	16	0	0	0	1	0	0	0	0	0	0	2	0	18	0	0	0	0	0	0	0	0	9	0	0	0	0	0	0	1	0	0	0	0	0	0	0	0	0	0	0	0	0	9	0	7	0	0	0	1	0
arco_Zotu167	24	0	0	0	0	0	0	0	0	2	0	0	6	4	0	0	1	1	0	0	23	23	0	0	5	0	0	0	21	0	17	0	21	42	0	0	21	14	0	0	16	126	0	0	213	11	0	0	1	11	0	0	4	45	0	0	0	29	5	0	1	5	0	0	0	0	0	0	1	0	0	0	1	1	0	0	0	1	0	0	0	0	0	0	36	0	0	0	0	0	0	0	0	0	0	0	0	0	0	0	1	3	0	0	27	2	0
arco_Zotu172	0	0	0	0	0	0	0	0	0	0	0	0	0	0	0	1	0	0	0	7	0	0	0	10	1	0	0	1	2	0	0	0	0	0	0	0	1	0	0	11	0	0	4	1	0	0	0	0	0	0	0	0	1	0	0	0	2	0	0	0	8	0	0	12	2	0	15	1	0	1	81	13	0	1	6	0	0	0	9	0	0	1	15	1	0	4	227	3	0	1	5	29	0	1	13	0	0	1	34	0	0	0	79	0	0	1	37
arco_Zotu179	0	6	2	1	0	5	0	5	0	2	28	1	1	51	1	0	2	5	1	3	0	1	0	3	3	38	41	0	16	6	9	0	5	7	16	21	12	1	0	1	2	1	2	0	1	2	0	0	0	1	0	1	2	2	0	0	6	2	0	0	54	0	0	47	25	0	38	8	0	4	11	5	0	1	7	3	8	0	13	4	0	0	6	9	1	11	31	22	0	7	17	3	1	9	92	0	4	1	3	6	0	1	0	0	0	4	3
arco_Zotu2129	0	0	0	0	0	0	0	3	0	0	0	0	0	0	0	2	0	0	0	0	0	0	0	8	0	0	0	0	5	0	0	0	0	0	0	0	0	0	0	0	0	0	0	1	0	0	0	0	0	0	0	0	0	0	0	0	0	0	0	0	6	0	0	56	2	0	27	0	0	3	21	46	0	0	2	6	0	1	6	13	0	0	24	54	0	21	230	62	0	0	10	7	0	1	14	8	0	0	5	9	0	0	0	0	0	1	30
arco_Zotu183	70	0	0	0	2	0	0	0	29	0	0	0	1	0	0	0	2	0	0	0	1	0	0	0	0	0	0	0	1	0	0	0	4	0	0	0	3	0	0	0	4	0	0	0	11	0	0	0	2	0	1	0	198	0	0	0	0	0	2	0	0	0	0	39	0	21	0	0	0	0	0	4	0	0	0	7	0	7	0	3	0	0	19	301	0	0	0	1	0	0	0	1	0	0	0	5	0	21	0	9	0	1	0	0	0	1	0
arco_Zotu185	0	0	0	4	0	0	0	0	2	0	0	0	0	0	0	0	0	0	0	0	0	0	1	0	10	0	0	0	0	0	0	0	0	0	0	0	0	0	14	0	0	0	5	0	1	0	0	1	0	0	0	0	1	2	0	0	11	0	0	0	27	0	0	11	2	0	0	2	1	242	2	0	8	3	1	12	0	2	1	0	1	11	0	0	0	9	1	0	0	12	274	0	1	2	2	0	0	27	0	0	0	11	0	0	0	0	0
arco_Zotu154	0	26	0	6	0	98	1	49	0	13	61	2562	0	13	6	6	0	0	21	2	0	2	0	23	0	3	0	9	0	15	4	0	0	6	12	0	0	0	0	0	0	0	0	0	0	5	0	0	0	12	0	0	0	0	0	39	0	0	0	0	0	0	0	0	0	0	0	0	0	0	0	0	0	0	44	0	0	0	0	0	0	0	0	0	0	0	0	0	7	0	0	0	12	0	0	157	7	0	0	0	0	0	0	0	0	0	0
arco_Zotu176	1	3	2	0	0	0	2	0	16	0	0	0	3	0	41	0	2	1	0	0	2	0	1	0	0	0	0	0	0	2	9	0	1	7	55	0	0	36	2	1	18	27	1	0	0	230	1	0	0	3	0	0	3	6	0	0	7	71	0	0	14	5	0	0	15	2	0	1	7	0	0	0	1	2	0	0	2	0	0	0	3	0	0	0	1	1	0	0	17	2	0	0	0	0	0	0	0	25	0	0	11	0	0	7	14	0	0
arco_Zotu157	0	0	0	3	0	0	4	17	0	0	0	11	2	0	0	4	1	0	1	175	0	1	0	21	0	0	0	7	0	1	12	0	0	3	7	0	0	2	1	0	0	33	0	2	0	2	0	254	1	6	1	0	0	1	0	0	0	4	0	0	1	13	5	0	14	0	0	0	0	0	6	0	0	0	0	0	0	1	0	0	1	0	0	0	3	0	0	0	0	0	0	9	0	4	0	0	0	1	0	0	0	0	0	0	12	0	0
arco_Zotu276	1	129	3	0	0	12	3	0	0	2	2	0	1	2	1	1	5	1	0	3	0	7	0	1	0	5	23	0	0	24	14	0	0	0	2	1	4	0	0	0	0	2	0	1	0	2	0	40	0	0	0	0	0	1	0	0	0	1	0	0	2	4	0	0	0	0	13	2	6	4	9	5	6	0	3	2	16	1	1	2	25	0	0	1	31	3	4	14	18	5	12	2	7	23	22	3	0	2	5	6	1	2	0	14	9	5	5
arco_Zotu265	9	0	0	0	1	0	0	0	0	0	0	0	36	0	0	0	20	0	0	0	24	0	0	0	15	0	0	0	11	0	2	0	15	0	1	0	142	2	4	57	207	4	1	0	154	1	16	0	11	0	38	143	2	0	4	0	6	0	4	0	30	3	15	69	6	1	0	7	2	0	0	0	0	16	0	0	0	0	0	0	0	0	0	0	0	1	0	0	9	6	0	3	0	12	0	0	0	0	0	0	1	3	0	0	0	2	0
arco_Zotu155	0	1	2	720	0	64	5	0	0	1	0	0	0	0	69	5	0	0	8	8	0	0	0	0	11	0	0	0	1	2	0	0	2	0	19	14	0	1	2	5	3	1	0	0	0	5	0	0	0	52	0	0	1	8	0	0	0	1	0	0	0	2	0	0	0	0	0	0	0	3	0	0	0	0	0	0	0	0	0	0	0	0	0	0	0	0	0	0	7	0	0	0	6	0	0	0	0	0	0	0	0	0	0	17	6	0	0
arco_Zotu162	1	2	12	6	7	1	0	0	0	7	0	1	0	2	0	9	3	0	0	4	0	0	2	4	3	75	25	0	0	4	0	0	0	0	0	98	7	0	0	3	1	0	0	2	1	0	0	0	33	0	5	0	2	1	0	0	0	11	2	0	0	0	6	5	0	0	5	1	0	0	1	35	3	1	0	4	11	9	0	0	0	8	5	44	0	2	1	104	0	1	15	1	0	21	0	8	0	1	2	3	0	0	0	0	0	0	0
arco_Zotu165	0	0	0	9	0	0	0	41	0	0	0	3	0	0	0	0	1	0	0	0	0	0	0	0	2	0	0	0	31	0	0	0	2	1	0	0	7	0	0	0	2	0	2	0	1	0	0	0	0	0	1	2	1	0	0	0	0	0	0	0	14	0	0	24	0	0	36	2	0	0	27	0	0	0	15	30	0	0	6	22	0	0	0	0	0	1	23	6	0	0	295	1	0	6	331	3	0	0	0	1	0	0	0	0	0	2	0
arco_Zotu206	0	2	0	1	0	4	1	10	0	4	1	1	4	1	6	3	2	0	3	0	0	1	0	1	2	1	3	1	2	2	1	0	0	0	5	0	3	1	2	0	1	0	1	0	2	7	0	0	0	4	1	2	3	1	0	3	7	0	0	0	49	1	0	57	28	2	34	21	19	3	14	7	12	0	25	18	14	0	10	28	15	0	5	3	6	3	18	14	95	4	66	9	71	6	109	16	0	1	8	21	4	3	0	0	1	6	4
arco_Zotu201	10	0	1	0	3	0	1	0	1	0	0	0	46	0	0	0	26	0	1	0	4	0	3	0	109	0	0	0	25	1	0	0	15	0	1	0	252	2	6	0	15	7	1	0	126	3	16	0	19	0	16	0	2	0	1	0	4	2	9	0	57	0	18	0	5	0	0	13	0	11	0	0	0	1	0	0	0	1	0	0	6	2	0	0	0	3	0	0	0	4	0	0	9	13	0	0	0	0	0	0	0	7	0	0	2	3	0
arco_Zotu153	0	0	0	0	0	0	0	0	0	0	0	0	1	0	0	0	1	0	0	0	0	4	0	0	390	0	0	0	35	0	2	0	30	4	0	0	34	0	14	0	17	17	0	0	18	1	0	0	6	2	0	0	6	2	0	0	53	5	0	0	2	0	0	0	2	0	1	0	0	41	0	0	0	0	4	0	0	0	0	0	0	0	0	0	8	0	2	0	0	0	7	0	0	0	0	0	0	0	0	0	0	16	0	0	4	0	0
arco_Zotu160	0	3	3	3	2	2	0	0	5	5	4	0	3	5	0	4	0	4	1	12	0	0	0	0	3	64	27	0	15	16	8	0	38	0	2	12	2	0	1	2	1	1	1	0	5	2	2	0	8	0	1	3	35	0	0	0	1	12	1	0	40	0	0	49	40	2	116	3	1	5	33	3	0	0	8	3	16	0	2	1	0	1	9	3	1	2	10	46	0	11	55	4	1	3	19	2	1	3	12	2	0	0	3	0	0	1	3
arco_Zotu148	0	0	0	9	0	0	0	73	0	0	4	0	3	0	0	0	0	11	0	0	0	2	0	0	0	0	0	0	0	0	936	0	2	0	23	1	1	0	0	8	0	4	0	7	0	0	4	4	0	0	0	1019	1	2	0	23	3	0	0	2	1	0	0	0	49	0	0	2	0	0	0	0	0	0	0	0	0	0	0	16	0	0	0	0	7	0	0	0	1	5	0	1	0	0	25	0	0	0	0	0	0	0	0	0	42	0	0
arco_Zotu164	0	2	0	2	0	2	0	11	1	0	1	3	1	2	0	5	0	2	0	2	0	0	0	17	370	14	24	82	34	2	14	0	44	0	4	1	29	0	10	0	13	0	1	0	18	0	0	0	2	0	0	0	11	0	0	0	41	2	0	0	6	0	0	0	0	0	0	0	1	23	0	0	0	0	0	0	1	0	7	0	0	0	0	0	0	2	0	0	0	0	0	0	0	0	0	0	0	0	0	8	0	19	0	0	0	1	0
arco_Zotu149	0	0	0	17	0	0	0	128	0	0	0	2278	0	0	0	34	0	0	0	23	0	0	0	79	0	0	0	14	0	0	0	0	0	0	0	1	0	0	0	0	0	0	0	1	0	0	0	0	0	0	0	0	0	0	0	50	0	0	0	0	0	0	0	8	0	0	4	0	0	0	2	8	0	0	71	19	0	0	0	2	0	0	0	10	0	0	1	75	0	0	14	13	0	0	1	316	0	0	3	4	0	0	0	0	0	0	0
arco_Zotu151	0	1	0	25	2	0	0	0	2	0	0	0	1	0	2	36	20	0	0	764	3	0	32	0	0	0	0	0	1	2	0	0	0	0	0	22	0	1	0	14	0	1	0	0	0	1	0	0	1	0	0	0	0	2	0	0	0	2	0	0	40	17	0	0	3	0	0	3	0	0	0	0	0	0	0	0	0	0	0	1	0	1	0	4	0	1	0	5	0	0	0	1	0	1	0	0	0	0	0	4	2	0	0	50	2	5	0
arco_Zotu171	0	13	0	0	0	3	1	0	0	0	0	0	0	3	13	6	3	0	0	0	0	0	0	0	0	2	0	0	4	1	1	0	2	0	12	0	5	0	0	0	0	0	0	0	0	14	0	1	0	0	0	0	0	2	0	0	0	1	0	0	1	0	0	55	0	0	32	3	15	1	1	18	4	0	9	20	26	0	3	8	7	2	22	39	9	2	6	112	303	4	25	24	15	17	7	18	0	3	12	25	0	0	0	0	0	0	2
arco_Zotu147	2	0	0	7	0	0	2	0	2	0	1	4	1	0	0	14	4	0	3	19	0	0	0	0	2	0	0	0	0	0	3	0	0	0	6	7	0	2	1	1047	0	0	1	0	0	5	1	0	1	91	0	0	1	3	0	50	3	25	0	0	11	14	5	0	2	0	0	1	1	72	0	0	0	1	0	0	0	1	0	0	0	1	0	0	0	5	0	0	2	3	0	0	0	2	0	0	0	0	0	0	0	1	0	6	1	2	0
arco_Zotu156	0	0	4	0	0	1	10	3	9	16	0	0	3	1	4	0	2	0	1	0	0	6	4	1	3	5	0	3	1	10	29	0	0	0	3	0	0	0	0	0	0	2	1	0	0	0	0	0	0	0	0	0	10	4	0	0	2	3	0	1	2	1	0	20	0	2	9	2	3	5	27	8	32	3	9	8	41	0	177	3	22	0	30	2	59	21	12	4	4	13	12	15	5	7	86	4	6	61	2	63	0	5	13	0	152	3	2
arco_Zotu177	0	16	2	13	0	17	1	2	0	0	8	0	0	0	3	1	1	1	0	1	0	0	0	0	0	0	2	0	0	0	14	0	0	5	6	1	1	0	0	4	0	1	8	0	0	1	1	3	0	0	10	6	0	1	14	0	0	4	2	0	1	0	0	0	0	2	0	1	1	1	0	0	0	2	0	0	0	12	0	9	0	9	0	0	0	44	0	0	1	0	0	0	0	27	0	0	4	2	1	0	3	0	0	243	0	5	0
arco_Zotu166	0	0	1	2	0	0	0	14	0	0	3	2	0	11	1	2	0	77	0	11	0	2	0	6	0	4	7	0	5	3	1	0	0	5	2	18	12	2	0	1	1	0	0	0	1	1	1	0	0	1	2	900	1	2	0	0	0	7	0	4	5	3	0	12	1	0	9	9	1	0	0	1	0	0	2	8	0	0	2	4	0	1	1	1	0	2	10	20	0	3	8	8	0	15	20	3	1	1	2	3	0	0	0	2	0	0	4
arco_Zotu192	0	1	2	7	1	0	0	9	0	0	0	21	7	0	0	3	1	1	0	1	0	0	0	1	0	0	0	0	3	7	0	0	11	0	0	0	0	1	0	1	0	1	2	0	1	0	4	1	4	1	0	0	0	1	0	1	5	3	0	0	21	0	1	7	190	1	21	11	14	2	22	29	6	0	89	146	7	1	32	37	8	4	10	4	7	2	20	17	2	16	121	25	5	1	52	72	0	1	3	61	2	0	4	0	0	2	11
arco_Zotu141	0	15	0	0	3	7	0	0	10	3	0	0	1	1	0	1	1	20	0	0	29	17	0	0	0	0	238	0	1	3	0	0	0	0	0	35	3	1	5	0	17	0	1	0	2	0	4	0	4	0	10	0	72	0	84	0	0	0	7	0	0	0	14	0	0	36	0	1	6	2	0	0	0	40	0	0	0	1	0	0	0	1	0	0	0	0	0	0	0	0	0	0	0	6	0	0	0	17	0	0	14	0	0	0	0	0	0
arco_Zotu142	1	0	1	0	0	23	12	0	0	1	0	0	0	0	3	0	0	3	25	0	0	0	4	0	0	1	0	0	1	51	0	0	0	1	0	0	0	1	1	0	0	0	0	0	0	0	1	0	1	21	2	0	1	4	0	0	0	0	0	0	0	17	2	283	0	1	5	0	29	0	4	0	9	0	10	0	35	0	2	0	141	1	22	5	17	0	5	0	23	0	4	0	288	0	3	0	3	0	0	1	65	0	0	0	5	0	0
arco_Zotu161	0	0	66	0	24	0	264	0	0	0	11	0	0	0	9	0	0	0	4	0	0	0	3	0	11	1	0	0	1	15	0	0	0	0	0	0	0	0	40	0	0	0	21	0	1	0	3	0	9	0	2	0	0	0	0	0	7	0	3	0	0	6	123	0	0	4	0	0	0	106	0	0	0	0	0	0	1	14	0	0	10	71	0	0	0	1	0	0	0	2	0	0	0	1	0	0	6	4	0	0	1	7	0	0	0	0	0
arco_Zotu231	0	6	0	24	0	0	1	103	1	1	2	4	0	5	1	7	1	3	0	2	0	0	0	0	4	1	0	2	34	5	0	0	4	2	13	0	20	1	0	0	3	0	4	0	1	5	0	1	4	0	0	5	2	0	0	0	1	0	0	0	79	1	0	22	8	0	33	4	5	0	18	7	0	0	15	64	1	1	11	40	0	0	0	6	0	9	17	19	0	5	246	10	0	8	246	6	1	0	6	10	1	1	0	0	0	11	2
arco_Zotu182	6	16	1	0	1	28	1	0	10	964	9	0	65	235	2	0	38	4	1	0	10	11	30	0	0	53	0	0	2	49	0	0	21	110	1	0	20	3	0	0	0	3	0	0	3	7	0	0	1	5	1	0	0	76	0	0	0	7	0	0	0	2	0	7	11	0	1	4	0	1	2	0	15	1	0	0	0	1	0	0	0	0	0	0	0	5	1	0	3	14	5	1	1	11	1	0	27	0	0	0	2	4	0	0	2	24	0
arco_Zotu169	0	0	0	3	1	0	0	4	0	6	0	0	2	0	0	0	0	2	0	0	0	0	1	2	4	2	0	4	0	2	0	0	1	0	0	0	0	1	1	0	0	0	0	3	2	0	0	0	0	0	0	0	0	4	0	2	0	0	0	0	4	0	1	39	13	0	21	3	38	0	25	29	17	0	109	32	8	1	221	20	7	0	19	0	2	0	71	4	4	0	184	17	4	1	59	25	0	1	5	108	3	0	1	0	0	0	58
arco_Zotu195	12	4	2	16	7	0	0	0	0	1	0	56	6	0	0	0	4	0	0	3	7	0	5	0	5	0	3	0	1	0	0	0	2	0	5	44	14	0	0	0	23	0	0	0	17	0	0	273	5	0	0	0	0	0	1	0	0	1	0	0	2	0	0	0	0	0	1	0	0	1	0	1	0	1	1	0	1	3	0	0	0	12	0	0	0	1	0	0	0	0	0	2	0	2	0	0	1	0	1	0	3	17	5	66	14	8	6
arco_Zotu145	0	8	0	26	0	10	0	0	1	2	0	3	0	0	0	661	0	91	0	2	0	87	0	0	0	0	0	0	0	0	3	0	0	1	0	1	0	64	0	1	0	27	2	0	1	2	0	0	0	33	0	0	0	6	0	49	0	4	0	0	0	3	1	0	0	0	0	0	15	0	0	0	2	0	69	0	10	0	0	0	2	0	0	0	6	0	4	0	0	0	0	0	5	0	0	2	0	0	0	0	0	0	0	2	1	0	0
arco_Zotu129	1	0	2	17	3	0	5	4	4	0	0	21	3	0	0	12	7	0	3	706	0	0	6	12	0	0	0	3	0	3	0	0	0	0	6	6	1	0	4	12	0	1	0	0	0	1	0	0	5	53	1	4	0	8	0	67	7	44	1	0	17	18	9	4	17	1	1	2	0	56	104	0	0	1	21	0	2	9	0	0	0	3	0	0	0	11	4	0	0	5	0	9	1	13	0	4	0	22	0	0	4	14	1	23	0	25	0
arco_Zotu152	0	11	0	15	1	0	0	1	5	0	0	101	0	0	0	23	7	1	0	51	0	0	0	8	0	0	7	18	0	0	0	0	0	0	0	175	0	0	0	20	0	0	0	0	0	0	0	0	0	0	1	0	0	1	0	2	0	0	0	1	0	0	0	0	0	1	0	0	0	0	2	0	0	0	2	0	0	0	0	0	0	2	1	0	0	4	0	0	0	0	0	1	0	6	0	2	0	14	0	1	0	0	1	151	0	0	0
arco_Zotu127	0	2	0	0	0	0	1	0	0	2	0	0	19	0	0	2	44	0	0	0	0	0	0	0	0	0	0	0	7	6	1	0	29	0	0	1	89	1	0	0	2	0	1	0	0	0	2	1	1	0	20	0	2	3	0	0	24	0	0	0	134	0	1	2	422	0	0	410	2	0	0	0	5	1	0	0	0	0	0	0	6	0	0	0	3	6	0	0	1	10	2	0	0	28	6	0	0	0	0	0	0	0	0	6	0	3	0
arco_Zotu123	1	0	0	0	25	0	0	0	162	0	0	0	0	0	0	0	0	0	0	0	0	0	0	0	8	0	0	0	10	0	0	0	7	0	0	0	13	0	0	0	12	0	1	0	34	0	1	0	112	0	0	0	773	0	1	0	0	0	2	0	0	0	7	0	0	386	0	0	0	0	0	0	0	1	0	0	0	2	0	0	0	16	0	0	0	0	0	0	0	1	0	0	0	2	0	0	0	157	0	0	0	0	0	0	0	1	0
arco_Zotu136	0	7	0	2	1	0	16	0	14	0	0	0	4	0	11	0	1	0	0	0	0	0	1	0	4	1	0	1	8	64	0	0	11	3	13	1	17	3	1	0	1	1	7	0	3	6	4	0	10	2	1	1	143	2	1	0	3	2	0	0	73	13	6	4	30	11	30	31	70	0	5	0	10	2	5	1	22	1	32	2	124	3	5	0	15	2	18	4	225	5	8	0	18	10	41	1	0	12	4	8	7	0	0	0	2	4	0
arco_Zotu114	3	6	3	4	1	97	9	0	12	11	0	6	2	4	6	3	0	35	16	4	0	8	5	0	3	10	0	0	11	19	16	0	4	4	0	0	2	3	5	12	0	5	3	0	1	1	3	3	5	8	0	637	12	2	0	1	1	0	1	0	2	13	5	0	0	20	0	0	2	6	17	31	0	0	4	39	0	3	0	3	3	3	9	0	2	4	1	18	0	3	2	69	4	1	0	66	2	53	4	6	81	15	40	0	110	6	11
arco_Zotu125	381	1	0	0	52	0	0	0	633	0	0	0	8	0	12	0	7	0	0	0	3	0	0	0	0	0	0	0	0	0	0	0	0	1	18	0	0	8	0	0	1	0	0	0	42	109	0	0	9	1	1	0	18	3	0	0	0	6	19	0	1	1	2	0	0	53	0	0	0	0	0	0	0	0	0	0	0	26	0	0	0	2	0	0	0	1	0	0	4	0	0	0	0	0	0	0	1	54	0	0	0	8	0	0	0	2	0
arco_Zotu140	0	0	0	0	3	1	0	1	8	0	0	36	0	0	0	0	0	0	2	0	1	0	0	3	2	0	0	2	8	4	2	0	8	0	0	8	5	2	2	43	1	0	3	85	4	1	1	13	8	0	3	32	69	0	0	1595	2	0	0	2	42	4	6	5	5	12	4	4	1	9	6	3	0	0	326	4	1	0	2	0	0	1	1	0	2	2	19	3	1	5	26	2	9	0	32	90	0	16	1	2	0	1	1	0	0	0	5
arco_Zotu133	0	2	0	0	0	27	1	1	0	0	4	0	4	0	0	0	5	0	23	0	0	0	0	0	1	0	0	0	44	1	4	0	8	0	52	0	12	0	0	0	0	0	12	0	0	0	2	0	0	22	2	3	0	1	0	0	0	0	0	0	54	0	0	7	18	0	5	7	6	17	0	1	4	2	1	2	16	4	1	8	6	2	1	2	12	274	4	22	26	84	16	3	353	55	71	0	0	5	5	1	0	0	0	0	1	16	0
arco_Zotu131	0	5	0	2	0	3	1	42	1	2	26	0	1	184	0	2	0	2	0	38	0	0	0	1	0	34	19	1	12	68	0	0	9	51	1	33	5	1	0	1	0	0	1	1	0	1	0	0	1	1	0	10	12	2	0	0	1	10	0	0	6	1	0	73	2	0	19	3	13	0	31	12	3	0	11	10	26	0	7	25	10	0	14	23	7	2	37	19	11	2	83	8	7	2	381	5	29	3	5	13	2	0	9	0	0	2	1
arco_Zotu146	3	5	0	8	4	0	0	0	0	0	2	0	10	0	0	10	3	0	0	4	0	0	0	0	0	0	0	6	2	1	0	0	3	0	2	9	6	0	0	6	0	1	4	1	5	0	12	0	3	0	9	0	0	0	1	0	0	0	5	0	5	0	1	5	5	0	4	2	0	21	2	0	0	11	1	0	0	79	105	4	0	58	0	6	0	99	7	7	0	290	0	0	0	130	1	1	0	15	0	8	0	0	0	91	0	3	0
arco_Zotu258	0	0	0	0	1	26	3	8	1	2	2	0	7	1	1	1	16	0	13	0	1	0	0	1	5	4	0	0	27	69	2	0	13	0	13	0	28	0	0	0	0	0	3	1	0	1	2	0	0	12	13	0	0	1	0	0	2	0	0	0	27	0	0	43	25	0	5	25	5	14	4	6	5	6	1	8	16	4	2	19	6	2	8	46	23	126	72	5	10	108	19	5	233	150	69	1	0	6	0	5	1	6	0	0	4	11	2
arco_Zotu118	10	0	0	0	0	0	0	0	11	0	0	0	9	0	0	6	0	0	0	0	1	0	0	1	2	0	0	0	0	0	0	0	49	0	0	0	1	0	0	0	0	0	0	0	2	0	2	0	3	0	0	0	2	0	0	0	0	0	1	0	0	0	0	75	4	2	14	0	0	0	0	42	0	0	0	20	0	1	0	4	0	0	37	652	0	0	2	298	0	9	0	12	0	0	0	11	0	0	0	18	0	1	0	0	0	0	0
arco_Zotu116	4	0	0	967	7	40	0	0	2	0	0	1	5	0	0	52	12	0	0	146	2	0	0	0	1	0	5	0	7	0	0	0	1	1	0	61	1	0	4	17	0	0	2	0	7	0	0	0	1	0	0	0	1	0	0	33	73	0	1	0	142	0	1	7	22	0	17	21	0	7	0	0	0	0	0	0	0	0	0	0	0	2	0	0	0	5	0	0	0	0	0	0	0	1	0	1	0	0	0	0	0	7	0	18	0	8	0
arco_Zotu158	17	8	19	112	32	6	0	0	0	0	2	25	34	2	1	0	39	2	20	3	3	0	1	3	22	0	2	0	8	0	32	0	7	2	0	24	27	0	3	0	1	1	0	0	42	0	0	0	24	1	0	0	1	0	0	0	6	0	1	0	2	0	0	0	5	0	0	2	9	9	0	1	0	0	3	6	1	6	0	0	0	54	3	0	0	3	3	0	0	6	0	1	1	4	0	0	63	1	0	0	144	55	3	161	99	33	18
arco_Zotu117	0	4	16	3	0	1	4	0	0	4	1	0	0	0	69	29	0	1	1	5	0	3	4	0	0	11	34	0	0	0	35	0	0	3	16	224	0	2	0	91	0	65	0	0	0	33	0	0	0	9	0	5	0	12	0	4	0	91	0	0	0	5	0	0	0	0	3	0	1	0	0	0	0	0	0	0	12	0	0	0	0	0	0	0	26	0	0	4	18	0	0	0	2	0	0	0	0	0	1	0	6	0	0	20	62	0	0
arco_Zotu119	11	0	13	922	6	19	1	6	4	0	0	5	5	0	6	54	24	0	0	79	7	0	0	8	5	1	0	215	4	0	0	0	0	0	0	14	3	2	7	18	0	0	3	0	2	3	0	0	0	4	3	0	1	8	0	0	71	80	1	0	160	4	2	0	38	0	0	13	1	13	0	0	2	0	0	0	25	0	0	0	0	4	0	0	2	35	0	5	1	3	0	0	1	8	0	0	1	1	0	8	1	7	0	16	0	12	0
arco_Zotu126	0	23	0	5	3	17	3	0	0	0	10	11	1	0	2	8	1	0	5	4	5	0	2	0	0	1	0	0	0	1	22	0	0	1	18	2	3	0	1	16	1	1	1	0	0	2	0	1	1	3	8	2	1	0	33	355	0	8	2	0	1	7	3	0	2	2	0	4	0	1	0	0	0	13	5	0	2	15	0	0	0	18	0	0	0	21	0	0	0	21	0	0	1	78	0	5	1	3	1	0	1	0	0	357	3	1	0
arco_Zotu128	0	0	3	0	41	0	13	0	0	0	5	0	7	0	1	1	0	2	0	0	0	0	1	0	6	6	0	0	1	4	0	0	2	0	0	0	0	18	22	0	0	0	11	0	0	6	61	0	31	3	7	0	0	3	6	0	2	78	4	0	1	36	233	0	5	5	0	0	384	25	0	0	1	1	0	0	22	0	0	0	19	48	0	0	5	1	0	8	9	8	0	0	3	1	0	0	2	0	0	0	79	2	0	0	1	1	0
arco_Zotu143	0	0	98	0	35	0	85	0	0	5	61	0	4	1	51	0	10	0	7	0	3	0	46	0	13	4	0	0	0	5	1	0	0	0	5	0	0	0	101	0	0	0	42	0	3	1	12	0	22	0	5	0	3	2	0	0	4	1	17	0	0	2	287	0	0	22	0	1	0	174	0	0	1	5	0	0	4	27	0	0	5	92	0	0	0	7	0	0	3	3	0	0	0	1	0	0	9	4	0	0	0	17	0	0	1	1	0
arco_Zotu124	0	0	122	0	23	0	126	0	7	0	9	0	0	0	33	0	0	0	12	0	0	0	3	0	7	5	0	0	0	17	0	0	1	0	1	0	0	0	120	0	0	0	10	0	0	0	43	0	26	0	5	0	0	0	0	0	15	5	14	0	0	0	234	0	4	15	0	0	0	276	0	0	0	0	0	0	6	4	0	0	5	95	0	0	0	11	0	0	2	10	0	0	0	0	0	0	7	10	0	0	1	31	0	0	0	1	0
arco_Zotu113	1	2	0	0	0	0	0	0	0	2	2	0	1	2	0	0	0	0	0	0	0	0	0	0	742	17	33	0	91	2	3	0	63	0	0	3	62	1	12	0	16	0	2	0	18	0	0	0	19	0	0	0	25	0	0	0	62	1	0	0	8	0	0	0	5	0	0	0	0	55	0	0	0	0	0	0	1	0	0	0	0	0	0	0	0	4	0	0	0	1	0	0	0	0	0	0	0	0	0	0	0	44	0	0	0	2	0
arco_Zotu109	0	0	53	0	17	0	22	0	0	0	2	8	17	0	9	0	2	3	3	0	1	10	4	0	4	13	0	0	7	58	195	0	32	6	13	0	18	4	8	0	1	2	11	0	0	8	24	1	25	3	7	1	0	7	0	9	29	13	2	0	94	48	73	53	372	9	6	65	62	13	4	5	2	0	178	3	32	0	7	17	67	7	14	40	35	8	3	12	12	25	33	7	12	11	25	44	14	2	0	11	9	3	0	0	53	5	0
arco_Zotu108	1	1	0	173	2	4	0	0	0	0	0	1	2	0	0	73	9	2	0	1321	0	1	1	0	2	0	1	0	9	3	3	0	1	1	5	32	7	2	1	39	0	8	5	0	1	1	2	0	0	3	4	0	0	4	0	0	26	14	0	0	305	2	1	0	68	0	0	76	0	0	0	0	0	0	0	0	0	0	0	0	0	1	0	0	1	21	0	0	0	2	0	0	0	7	0	0	0	1	0	0	1	3	0	52	4	9	0
arco_Zotu101	0	0	0	0	0	0	0	3	0	0	0	0	1	0	0	0	0	0	0	5	1	0	0	31	0	0	0	0	0	0	0	0	0	0	0	0	0	0	0	7	0	0	0	7	0	0	0	0	0	0	0	0	0	0	0	0	0	0	0	0	1	0	0	56	0	0	37	0	0	0	172	101	0	0	60	3	0	0	37	2	0	1	6	2	0	0	819	6	0	0	39	53	0	0	56	9	0	0	11	6	0	0	80	0	0	0	90
arco_Zotu106	0	0	9	2	2	0	2	23	0	1	0	5	2	0	3	3	0	2	2	13	2	2	2	13	36	0	1	74	396	5	7	0	39	0	0	10	23	1	1	3	11	4	7	0	12	0	2	0	5	0	2	0	10	1	0	0	3	0	0	0	56	1	0	21	2	0	5	1	6	3	114	13	4	0	26	2	3	0	79	50	12	0	39	5	6	15	48	2	1	3	4	52	0	6	11	9	3	0	16	31	64	10	148	1	66	34	72
arco_Zotu97	20	290	20	1	0	410	5	0	9	130	1	0	5	149	1	2	3	25	28	1	0	44	4	0	0	85	50	0	1	70	0	0	2	3	1	1	2	0	0	0	0	1	0	0	6	0	1	0	0	29	0	0	2	6	0	0	0	37	0	0	0	0	0	0	0	0	0	0	8	0	0	0	18	0	0	0	204	0	0	0	13	0	0	0	14	0	0	0	18	1	0	0	50	0	0	0	2	0	0	0	0	2	0	38	2	1	0
arco_Zotu105	1	32	0	22	2	1	0	0	0	0	0	0	6	0	0	38	1	0	0	29	0	0	0	1	0	0	0	0	1	0	0	0	3	0	3	28	2	0	0	7	0	0	3	0	0	0	1	0	1	0	2	0	0	0	0	0	0	0	7	0	1	0	0	0	8	1	0	2	0	6	0	7	0	2	0	1	0	39	0	1	0	37	4	1	0	63	2	0	0	170	0	0	0	65	0	0	0	11	5	0	2	0	0	393	0	2	85
arco_Zotu99	3	0	11	0	7	1	48	0	13	27	1	0	17	2	1	0	11	0	3	0	4	5	3	0	2	20	0	0	27	216	16	0	1	1	4	0	1	1	0	0	0	2	5	0	6	0	0	0	4	2	0	0	1	9	0	0	0	7	0	0	44	20	0	15	1	1	4	0	27	1	2	4	51	2	3	3	212	19	0	0	451	8	18	2	75	34	26	6	42	13	4	2	36	3	3	2	5	0	0	1	2	1	0	0	43	124	6
arco_Zotu102	1	2	13	2	0	3	1	1	0	5	6	0	1	12	0	8	0	0	0	4	0	2	0	0	5	127	10	0	9	26	4	0	16	58	1	3	1	5	0	1	1	2	0	0	5	1	0	0	5	7	0	1	9	30	0	0	0	298	0	0	3	19	0	115	4	1	450	1	2	0	85	1	0	0	25	10	79	1	32	3	1	2	12	6	2	1	26	56	2	4	54	17	0	0	47	0	4	1	35	4	0	0	2	0	0	0	3
arco_Zotu85	0	48	2	173	0	1238	2	8	0	28	20	1	2	67	0	0	0	11	23	2	1	8	0	6	0	28	45	0	0	81	2	0	1	1	0	1	0	0	0	0	0	0	0	2	1	0	1	0	0	25	0	0	0	1	1	0	0	0	0	0	0	0	0	9	12	0	2	1	4	2	9	20	5	1	14	4	5	5	6	11	4	0	0	0	6	2	128	2	4	30	5	1	232	2	13	2	1	1	0	2	0	0	0	1	0	0	18
arco_Zotu110	2	8	0	22	9	1	0	9	17	0	0	47	27	0	1	22	47	0	2	21	10	0	0	579	3	0	3	16	0	0	0	0	2	0	0	45	4	0	1	22	0	5	1	1	0	0	4	0	0	0	4	0	1	0	0	0	12	0	8	0	36	1	2	0	13	2	0	11	1	21	0	4	1	7	9	0	1	7	0	0	3	22	0	0	1	73	8	3	5	231	0	0	3	137	3	2	0	75	0	0	1	14	0	207	0	31	1
arco_Zotu90	0	0	0	21	0	0	0	6	0	0	0	0	0	0	2	2	3	0	0	0	0	0	0	1	0	0	0	0	1	0	0	0	0	0	3	0	5	0	0	0	0	0	1	0	0	2	0	6	0	0	3	0	0	0	0	0	0	0	0	0	13	0	0	46	0	0	34	9	3	1	85	2	2	4	79	84	2	0	42	3	0	2	3	1	0	17	51	1	58	9	1338	1	1	16	105	1	0	1	1	6	0	0	1	0	0	1	1
arco_Zotu112	0	0	0	0	0	0	0	0	0	0	15	11	0	0	0	0	0	0	0	0	0	0	0	2	0	0	0	0	0	0	0	0	0	0	0	0	0	0	0	0	0	0	0	0	0	0	0	0	0	0	0	0	0	0	0	1	0	0	1	0	0	0	0	18	0	0	3	0	0	0	3	6	0	7	2441	26	0	114	2	0	0	21	1	0	0	0	25	0	0	0	13	0	0	0	4	44	0	21	0	0	0	1	1	0	0	0	86
arco_Zotu92	1	2	10	0	53	0	1	21	0	9	1	0	1	1	3	0	1	11	0	30	0	0	0	17	6	3	0	0	0	14	0	0	0	2	12	2	0	6	16	12	0	0	0	4	0	0	0	0	2	4	0	2	0	1	0	0	2	31	0	0	0	3	15	15	0	0	2	0	81	185	120	64	4	1	3	3	10	2	0	4	6	7	29	23	0	2	124	31	2	5	23	170	6	0	105	0	1	1	5	1	57	8	406	0	0	0	30
arco_Zotu115	1	10	37	11	2	170	0	0	0	4	0	2	6	15	2	0	4	23	20	0	0	19	5	36	0	25	0	0	2	0	72	0	2	10	6	1	0	6	1	0	1	4	1	0	0	0	3	0	0	0	0	0	0	0	0	0	0	0	0	0	0	0	0	1	4	0	0	2	41	1	3	0	3	0	3	0	23	0	0	1	0	20	0	9	48	3	4	6	0	0	4	3	10	2	5	1	189	0	1	0	917	17	3	1	1117	17	6
arco_Zotu107	0	0	1	1	0	0	0	0	3	0	0	3	2	0	0	0	0	0	0	39	0	4	0	0	0	0	0	2	0	0	1	0	6	0	0	0	0	0	0	29	0	1	0	1	0	0	0	0	0	0	0	0	3	0	0	0	0	0	0	0	0	0	0	6	1	1	6	0	0	0	775	4	0	0	5	1	0	0	13	0	0	1	28	2	8	0	17	1	0	0	4	303	0	0	7	2	1	19	17	11	2	0	590	0	44	0	65
arco_Zotu135	0	3	0	39	0	3	0	226	1	0	0	155	0	0	0	17	0	3	0	10	0	5	0	90	0	0	61	3523	0	0	0	0	0	0	0	14	0	0	0	0	0	0	0	0	0	0	0	0	0	0	0	1	0	0	0	0	0	0	0	7	0	0	0	0	0	0	0	0	0	1	1	1	0	0	1	1	0	0	106	1	0	0	1	0	0	0	0	0	0	0	0	0	0	0	1	2	0	0	0	1165	0	1	0	0	0	0	0
arco_Zotu100	0	0	7	0	34	0	0	0	0	0	0	0	12	0	0	0	0	0	0	0	5	0	0	0	17	0	0	0	7	0	1	0	5	0	0	0	0	0	193	0	0	4	88	0	1	0	144	0	29	0	5	0	0	0	2	0	36	0	7	0	68	0	419	0	19	34	0	0	0	587	0	0	1	3	0	0	0	2	0	0	0	100	0	0	0	31	0	0	0	38	0	0	0	1	0	0	0	4	0	0	0	23	0	0	1	4	0
arco_Zotu79	11	603	0	1	11	115	7	0	119	36	0	0	2	7	27	14	1	30	18	10	1	75	0	0	0	17	43	0	0	72	0	0	1	0	17	0	0	2	0	4	0	0	1	0	1	7	1	0	3	24	2	2	13	4	0	0	0	3	1	0	0	17	14	1	0	39	0	1	2	0	0	0	0	0	0	13	0	0	0	0	0	6	2	4	0	1	0	0	14	0	1	0	15	0	0	1	0	27	0	0	2	3	0	90	1	5	0
arco_Zotu174	2	0	11	4	0	1	13	5	3	4	6	2	4	5	6	4	1	3	2	6	1	3	3	7	25	6	26	14	123	39	13	0	14	25	1	113	5	2	3	3	3	2	2	1	7	1	0	0	1	2	0	0	5	3	0	0	5	6	0	2	24	3	0	31	0	0	14	0	28	4	126	28	9	0	123	6	69	3	451	7	76	0	58	0	22	16	62	5	24	1	10	54	5	10	36	7	6	8	4	112	103	16	35	7	27	40	49
arco_Zotu78	0	3	0	15	0	0	0	39	0	0	0	0	0	0	3	1	0	0	0	1	0	0	0	2	0	0	0	0	0	0	0	0	1	0	6	0	8	0	0	2	0	0	0	1	0	0	0	2	0	0	1	9	0	1	0	2	0	0	0	0	2	0	0	102	0	0	43	8	3	3	109	26	1	0	73	52	1	1	38	46	2	0	14	23	0	3	81	40	49	2	831	27	2	21	838	12	0	0	10	11	0	0	19	0	0	2	26
arco_Zotu87	2	0	2	1	25	0	6	3	9	0	0	18	15	0	1	2	14	0	1	1	2	0	1	109	80	0	0	2	3	1	7	0	23	1	0	0	16	11	34	2	8	2	3	23	11	1	21	0	16	4	41	2	7	2	5	6	22	3	8	0	15	8	60	16	130	46	4	90	1	95	4	212	0	3	2	1	0	6	1	2	3	23	190	13	1	9	48	9	0	15	0	15	0	19	0	114	0	48	44	9	9	35	34	0	34	3	647
arco_Zotu74	0	14	64	5	0	63	92	4	0	1	0	4	0	2	56	9	0	1	1309	5	0	0	52	3	0	1	0	0	0	4	4	0	0	2	0	9	0	2	0	10	2	0	0	0	0	0	0	0	0	129	0	1	0	2	0	0	0	0	0	0	0	0	0	3	0	0	0	0	2	0	0	0	2	0	0	0	2	0	0	0	0	0	2	2	2	0	0	0	0	0	0	0	115	0	0	0	31	0	0	0	162	0	0	67	120	0	0
arco_Zotu82	184	0	1	9	2	1	0	0	22	0	1	0	1	0	0	27	0	0	0	0	9	0	0	0	0	1	5	0	9	0	2	0	0	1	14	16	0	48	0	0	0	10	0	0	4	0	0	0	0	0	0	0	2	1	0	0	1	18	3	0	235	1	0	376	0	0	692	3	11	0	1	7	0	0	13	0	91	8	1	0	1	0	34	291	4	12	2	113	0	0	3	1	0	0	3	5	0	0	3	3	3	0	0	1	0	25	0
arco_Zotu104	0	5	8	10	0	6	2	17	0	3	51	2	1	303	3	3	0	7	2	1	1	4	0	2	6	74	18	3	10	36	14	0	14	545	16	3	10	18	0	0	0	16	1	1	2	32	0	0	1	33	0	5	3	20	0	0	1	236	0	0	2	17	0	210	3	0	193	0	6	0	59	9	1	0	37	15	55	1	58	25	6	1	17	2	10	2	124	33	7	2	264	7	5	2	370	2	47	0	15	14	3	0	1	0	2	2	11
arco_Zotu71	9	1	0	0	138	0	0	23	206	0	0	9	8	0	1	11	4	2	0	2	4	1	0	117	0	0	0	1	3	0	18	0	1	1	0	0	5	10	0	0	0	43	3	29	0	0	9	0	15	3	18	4	17	3	0	2	1	1	0	0	11	0	8	198	69	56	19	4	96	1	11	205	1	2	30	6	2	4	6	25	2	17	33	325	6	3	679	164	3	9	16	25	3	32	59	72	1	44	1	15	43	4	1	2	19	4	25
arco_Zotu67	0	0	8	0	1	0	7	0	1	1	0	0	5	0	0	0	2	0	1	4	1	9	0	0	13	17	0	0	5	58	23	1	1	16	1	1	4	3	0	1	3	76	1	32	0	9	8	1007	0	12	3	1	0	15	0	0	5	28	0	0	0	10	2	1	2	2	2	18	11	6	24	0	7	0	0	5	142	1	2	2	76	0	2	0	55	3	2	10	24	8	8	9	15	36	15	2	2	0	6	4	0	14	20	1	22	1	7
arco_Zotu72	1	68	0	20	4	0	3	3	4	0	0	1	22	0	0	15	15	0	0	50	1	1	0	1	16	0	0	0	1	4	0	0	0	0	0	39	1	0	4	30	0	0	0	0	0	0	0	1	1	0	2	0	0	0	0	0	20	1	0	0	1	0	0	11	0	0	32	3	1	14	495	2	2	2	10	47	10	1	0	3	32	2	74	1	3	4	4	14	0	1	14	212	5	13	2	1	0	0	123	8	0	70	491	191	0	5	87
arco_Zotu69	0	5	6	36	0	1	1	14	0	0	6	13	0	3	3	18	0	3	0	51	0	1	2	14	2	0	143	262	16	0	10	0	0	30	2	734	1	0	0	18	0	0	0	0	0	9	0	0	0	1	0	0	0	2	0	0	0	2	0	0	1	0	0	0	0	0	0	0	9	0	1	0	0	0	0	0	0	0	22	0	0	0	0	0	0	0	0	0	0	0	0	0	0	0	0	0	7	0	0	15	47	0	0	41	2	0	5
arco_Zotu81	30	0	0	7	46	0	0	13	4	1	0	1	40	3	0	42	135	2	0	122	31	8	0	2	3	0	2	6	16	0	3	0	17	4	0	68	89	0	0	2899	13	13	0	68	98	3	1	21	27	2	6	86	3	7	0	147	0	2	6	9	0	1	1	8	6	0	4	13	0	0	307	2	2	1	0	1	0	6	2	0	0	2	0	5	4	0	1	2	0	1	0	428	0	9	2	5	0	0	0	7	0	5	58	17	8	26	1
arco_Zotu86	7	18	0	15	7	1	0	0	1	0	0	0	28	0	0	39	11	1	0	28	0	0	0	1	0	0	0	0	5	0	8	0	10	0	12	23	17	5	1	9	0	0	3	1	4	0	13	0	4	0	22	0	0	1	1	0	1	0	4	0	43	0	3	1	25	0	2	22	30	34	0	5	1	20	0	1	2	149	1	12	0	122	11	19	1	169	0	20	1	659	0	4	2	310	0	0	0	26	0	8	2	0	0	316	0	8	56
arco_Zotu70	1	10	0	2	0	12	0	24	0	0	0	2	1	0	0	4	6	4	4	2	0	3	0	28	9	0	87	0	5	4	0	0	1	0	3	9	8	0	1	2	0	0	2	7	0	1	0	0	0	7	0	8	0	0	0	1	2	0	0	0	11	0	0	91	0	0	67	25	8	7	138	180	1	3	96	12	6	4	41	95	4	1	16	43	3	35	871	85	11	26	88	58	80	69	441	33	0	0	15	36	1	0	41	0	0	6	101
arco_Zotu65	0	0	0	0	0	0	0	1	0	0	0	2	0	0	0	0	0	0	0	0	0	0	0	0	0	0	0	0	0	0	0	1	0	0	0	0	0	0	0	134	0	0	0	9	0	0	0	1683	0	0	0	112	0	0	0	57	0	0	0	0	0	0	0	0	0	0	7	0	0	0	2	0	0	0	1	0	0	0	0	1	0	0	0	0	0	0	0	0	0	0	0	0	0	0	2	1	0	0	0	0	0	0	1	0	0	0	0
arco_Zotu75	4	2	7	22	3	0	7	26	12	10	0	16	9	3	1	6	1	0	4	13	3	1	4	32	38	1	12	175	100	13	3	0	15	50	0	102	10	1	2	1	3	2	11	5	3	0	35	0	6	2	5	1	8	3	0	3	8	2	2	3	20	2	0	97	13	5	28	0	6	4	112	65	31	0	98	78	8	12	585	57	37	20	204	10	11	6	310	11	3	11	98	39	16	7	103	23	13	26	15	204	8	49	46	28	73	16	207
arco_Zotu60	1	52	8	3	0	25	16	14	7	28	53	0	6	110	1	9	5	34	0	264	2	21	0	14	7	171	312	0	35	833	35	0	45	1	42	93	46	6	0	2	5	2	6	0	6	2	2	1	2	0	7	5	112	0	0	0	7	15	0	0	106	17	3	73	46	9	59	28	20	9	21	19	0	10	12	18	9	1	13	8	21	1	17	35	0	36	55	62	5	48	125	10	3	66	170	8	0	12	9	13	10	11	1	31	0	13	110
arco_Zotu76	0	0	0	6	1	0	0	17	0	0	0	70	4	0	0	1	1	0	0	1	0	0	0	8	1	0	0	3	3	5	0	0	8	0	0	0	0	0	0	0	0	0	0	0	1	0	1	2	0	0	1	2	1	0	0	55	6	0	0	0	24	2	0	84	141	0	60	5	1	0	165	25	3	1	2502	78	1	2	217	76	11	1	21	5	3	0	164	16	8	6	215	32	3	0	256	343	0	1	4	78	0	0	12	0	1	2	51
arco_Zotu64	0	5	1	17	9	0	4	23	4	0	0	13	0	0	0	18	0	0	0	26	0	0	0	7	0	0	48	131	0	24	3	0	0	0	0	405	0	0	0	5	0	0	0	0	0	0	0	0	0	0	0	0	1	1	0	0	0	0	0	0	0	4	1	155	0	0	16	0	1	0	59	18	2	0	98	5	4	0	1090	20	49	0	188	55	2	0	62	5	3	1	28	15	0	0	35	11	0	1	7	202	2	5	0	35	38	0	53
arco_Zotu62	7	4	1	57	2	93	5	0	21	7	10	0	190	61	1	13	3	1	3	28	4	5	0	3	6	16	110	3	46	17	69	0	23	328	8	495	5	5	1	207	0	6	0	5	0	2	5	0	1	11	3	1	4	9	0	7	3	17	0	0	7	2	0	13	27	1	6	0	2	0	120	13	6	3	40	3	5	0	140	0	39	2	38	0	0	2	62	0	1	15	2	54	16	19	4	1	113	7	13	35	26	9	152	35	20	14	29
arco_Zotu59	0	0	0	85	0	0	0	0	0	0	0	0	4	0	0	0	0	0	0	0	0	0	0	0	0	0	0	0	0	0	0	0	9	0	0	0	0	0	0	0	0	0	0	0	0	0	1	9	0	0	0	0	0	0	0	0	2	0	0	0	1	0	1	119	62	0	17	1	0	0	55	0	0	0	52	134	0	0	14	0	0	0	0	1	0	0	24	16	0	2	3617	2	0	0	12	1	0	0	0	4	0	0	0	0	0	0	0
arco_Zotu51	1	7	0	0	0	65	0	0	0	1	7	1	25	1	0	3	4	3	55	58	0	2	1	3	0	1	5	11	1	0	1	0	51	2	10	2	15	0	0	16	1	0	0	1	0	0	12	0	0	59	4	0	0	0	0	0	20	0	0	0	39	0	0	18	1132	0	17	142	18	5	390	3	9	4	1	1	44	2	2	0	10	0	64	38	25	7	4	10	25	53	1	215	1018	31	7	1	1	0	142	5	0	0	697	10	0	3	96
arco_Zotu61	3	28	0	98	3	4	2	34	16	0	0	879	3	0	3	149	28	19	0	499	6	3	0	199	7	0	28	297	3	0	1	0	1	0	12	546	4	3	2	101	7	2	2	13	2	1	0	0	0	1	6	0	1	2	0	12	0	1	0	0	1	0	0	2	1	3	1	2	0	3	14	1	3	4	36	1	0	3	7	0	1	0	0	10	0	26	3	1	0	9	2	19	0	56	0	6	0	82	0	10	0	7	1	494	0	17	0
arco_Zotu54	0	11	4	1	5	1	10	0	5	2	4	0	9	1	60	5	2	11	7	0	2	5	1	0	2	2	0	0	0	2	49	0	0	54	49	1	3	921	0	1455	0	107	0	0	7	394	0	0	9	44	2	130	1	71	0	37	7	92	1	0	5	63	9	12	1	0	0	1	59	2	0	0	0	0	3	0	0	1	0	0	1	4	0	0	9	1	0	0	18	23	0	0	0	12	3	1	4	10	0	0	384	1	0	9	39	0	0
arco_Zotu56	0	5	0	17	2	0	0	148	1	0	6	0	2	2	3	3	5	4	0	0	0	0	0	2	4	4	0	3	73	10	4	0	20	1	154	0	78	2	0	0	3	0	11	1	1	13	0	7	3	0	2	13	0	0	0	1	7	1	0	0	333	9	2	128	51	0	159	33	36	4	134	20	1	3	83	144	6	2	66	95	1	13	9	36	0	42	99	53	8	9	1608	21	1	40	1574	5	0	1	4	15	2	0	0	0	0	23	3
arco_Zotu58	52	33	23	27	12	3	27	5	56	6	5	3	204	1	13	5	22	13	27	28	9	4	19	21	100	1	12	1	322	26	25	0	47	2	7	143	19	10	5	1	5	7	7	6	27	0	2	0	13	6	2	2	18	11	0	0	8	0	2	0	47	1	0	51	38	2	13	1	69	8	50	139	47	2	109	53	19	9	86	40	49	0	236	18	40	30	130	16	12	12	37	54	74	3	34	28	43	25	55	155	483	61	38	194	184	68	305
arco_Zotu52	1	1336	0	14	3	50	8	0	5	24	0	0	21	10	6	10	14	16	3	30	1	49	1	4	4	22	204	0	14	430	10	0	10	6	8	25	23	1	2	4	0	28	4	0	0	6	13	1	0	6	8	1	1	10	0	0	19	18	0	0	47	4	2	2	66	0	19	47	12	10	6	30	9	5	15	18	19	2	4	7	27	3	10	1	60	46	20	72	59	42	41	18	32	115	58	12	0	9	24	10	0	30	1	249	13	38	54
arco_Zotu53	58	13	27	8	18	0	37	53	18	9	0	53	2	0	17	24	0	51	18	26	0	1	25	49	14	8	1	2	12	7	3	0	13	1	1	6	14	27	5	25	7	2	0	12	343	2	0	2	152	13	1	766	28	41	1	10	1	81	55	4	1	42	10	99	0	56	11	0	42	12	59	380	25	2	14	63	19	78	0	208	9	23	119	480	2	9	11	262	2	4	9	1045	4	2	10	338	4	113	10	68	422	7	15	42	18	2	13
arco_Zotu68	11	34	42	8	10	2	31	0	56	3	0	12	18	0	10	16	10	12	5	40	2	0	11	9	11	14	1	1	5	12	6	0	1	0	0	10	0	4	7	21	0	1	5	3	0	0	0	0	0	2	1	0	23	1	0	3	24	10	0	0	7	1	0	35	1	5	22	0	106	50	312	16	12	1	77	4	140	0	47	0	33	1	242	2	19	33	68	5	5	7	4	116	15	4	4	12	40	116	169	12	419	124	580	290	74	83	505
arco_Zotu48	1	15	8	27	12	23	0	135	3	12	165	42	10	929	11	56	3	3	1	25	39	11	0	52	177	176	38	506	75	47	102	0	53	1736	80	96	43	13	8	0	27	16	4	1	8	40	2	1	55	42	2	15	13	47	0	0	33	201	0	1	80	14	5	147	56	0	123	14	3	24	39	45	2	6	26	24	41	1	89	48	6	3	40	101	11	16	53	275	72	11	92	40	7	44	526	20	186	3	31	150	1	15	3	8	4	10	12
arco_Zotu49	69	51	5	13	27	3	0	15	48	0	0	3	8	0	1	7	31	0	63	4	2	0	0	4	28	0	0	0	16	0	0	0	1	0	0	1	1	0	14	4	1	0	17	0	11	0	5	0	10	0	5	2	6	0	0	0	7	0	22	0	6	0	7	62	14	38	0	0	0	60	2	270	0	1	21	621	1	107	0	402	0	42	54	516	0	24	12	33	0	17	41	64	3	6	23	65	1	224	5	9	1	94	27	679	0	96	7
arco_Zotu63	4	33	9	241	0	675	11	3	21	19	16	11	13	81	10	6	4	9	21	58	0	11	9	4	9	16	82	20	53	43	51	0	22	18	79	204	1	4	0	23	1	2	3	2	2	11	0	0	3	8	0	0	12	3	0	4	2	1	0	0	14	2	0	33	6	1	7	0	29	5	1089	15	3	1	82	2	8	2	217	3	28	1	83	1	46	12	42	10	18	4	8	383	41	4	11	12	196	29	45	87	130	17	821	29	178	52	114
arco_Zotu44	0	18	7	0	1	7	2	0	0	17	340	0	6	2130	6	0	0	17	1	0	0	5	2	0	114	157	38	0	29	95	42	0	34	4438	157	7	17	40	6	0	4	40	0	0	3	85	1	0	4	72	0	0	4	148	0	0	16	313	0	0	6	87	0	59	27	0	16	1	76	15	4	1	5	3	0	0	37	1	0	1	18	1	7	14	8	1	4	30	91	78	5	6	8	3	7	8	504	0	4	8	13	9	0	0	3	2	0
arco_Zotu45	1	37	109	16	1	97	2	109	0	170	31	27	3	1011	4	62	3	39	1	26	0	74	2	606	32	3320	95	23	256	288	42	0	23	79	59	80	30	5	1	3	11	69	17	7	12	4	1	0	7	15	0	2	6	11	0	0	2	381	0	0	76	4	0	79	2	0	76	7	14	5	27	97	4	1	27	12	381	0	27	17	5	0	9	26	32	27	573	122	11	1	32	22	29	4	64	16	17	0	8	29	2	6	0	3	18	15	85
arco_Zotu43	1	1	1	8	0	6	2	0	1	0	20	0	3	8	0	4	21	0	25	2	0	2	0	1	9	0	8	0	15	2	415	1	27	107	15	42	155	6	0	1	7	8	12	5752	13	3	10	26	7	153	23	3	10	13	0	1	2	3	1	0	123	19	5	4	110	0	0	16	38	1	0	3	0	1	0	0	3	2	0	0	3	0	0	0	5	15	45	0	3	14	2	0	11	15	3	0	19	0	0	0	9	0	0	4	18	6	1
arco_Zotu42	261	6	162	9	219	1	65	5	1299	46	4	70	74	0	34	7	63	2	24	1	110	7	118	22	75	25	0	4	27	15	67	0	54	1	9	4	17	22	23	12	16	17	23	7	60	5	8	1	44	2	12	2	174	99	10	35	8	106	61	0	11	12	16	68	11	399	6	1	108	37	10	109	178	95	336	81	482	117	34	41	77	65	118	41	96	32	16	10	56	36	12	30	34	15	15	164	14	306	11	272	434	71	1	33	413	93	8
arco_Zotu38	0	0	0	0	0	0	0	0	0	0	0	0	7	0	1	0	224	9	0	0	0	0	0	0	3	0	0	0	8	0	1	0	10	0	9	0	625	0	1	0	1	0	0	0	3	0	1	0	0	0	151	240	2	0	1	0	86	0	0	0	280	0	1	0	563	1	0	5434	0	4	0	0	0	2	0	0	0	6	0	0	0	3	0	0	0	2	0	0	3	21	0	0	0	257	0	0	0	1	0	0	0	0	0	0	0	4	0
arco_Zotu55	0	0	0	2	1	1	1	9	16	0	0	26	0	0	0	3	0	4	1	1	0	0	0	122	10	1	0	1	13	3	0	0	26	1	1	3	20	3	1	27	2	0	3	123	3	0	2	4	15	1	1	18	222	0	1	572	1	1	1	0	2	2	14	183	1	33	177	1	136	0	252	292	7	0	449	19	17	0	119	3	29	3	13	0	8	0	3525	75	16	0	265	12	13	0	203	69	0	15	17	31	12	0	1	0	0	0	358
arco_Zotu36	3	14	30	48	49	5	28	0	26	1	0	170	2	0	42	142	47	160	1	42	68	20	0	0	3	14	207	6	2	13	12	0	2	1	49	622	17	6	0	4881	7	30	4	14	6	90	0	1	12	7	26	937	70	33	15	1202	0	201	1	1	23	47	41	5	1	36	28	8	5	0	4	0	4	16	57	0	22	0	1	0	10	13	0	1	18	4	1	38	130	1	1	0	2	44	1	170	1	15	3	3	0	4	0	44	28	4	0
arco_Zotu39	267	7	52	2	65	1	4	15	17	0	29	4	134	2	2	11	179	0	0	2	21	0	2	0	51	4	12	0	151	2	5	0	83	1	16	75	261	0	34	4	24	2	285	0	435	1	223	2	78	0	340	1	20	1	10	5	5	4	138	0	130	2	69	3	63	31	0	50	2	92	0	0	2	73	41	3	8	281	0	56	2	202	24	3	8	990	1	19	1	618	24	1	0	932	6	4	3	58	0	1	3	18	0	46	5	138	0
arco_Zotu29	6	80	4	75	2	142	6	121	8	3881	4	52	153	918	13	505	112	103	10	3478	29	296	141	52	4	178	42	57	11	200	19	0	37	34	2	178	47	4	0	99	7	9	1	0	2	8	5	0	2	4	4	676	1	329	0	0	13	5	3	8	5	1	0	67	33	0	9	15	9	3	61	10	104	4	2	19	5	0	3	9	1	0	28	159	31	6	1	68	8	12	3	152	8	10	2	7	43	0	4	61	10	24	5	128	30	51	0
arco_Zotu33	259	1	151	11	288	1	148	0	691	23	31	105	261	34	86	7	205	12	96	3	112	33	136	25	53	14	0	1	55	26	283	0	24	63	6	0	33	32	76	8	25	70	43	3	57	3	36	3	48	6	72	0	108	61	10	38	14	39	50	1	18	12	20	37	21	237	6	23	141	94	19	105	123	114	148	71	183	84	7	9	94	108	50	24	193	62	8	84	34	64	7	65	22	69	2	342	372	307	18	94	788	281	24	0	1646	199	19
arco_Zotu37	31	11	38	43	18	14	80	19	148	415	3	47	26	10	53	215	29	15	47	29	135	14	94	10	42	99	163	231	30	121	165	0	19	14	55	879	133	41	8	257	161	112	29	9	149	59	19	2	80	205	44	23	281	718	25	20	23	252	23	3	123	187	20	109	59	136	187	24	44	14	15	11	43	71	27	4	34	21	14	4	48	12	36	219	29	32	12	93	17	54	7	15	27	61	11	29	3	65	12	140	34	10	0	50	92	26	0
arco_Zotu22	0	0	0	0	14	0	0	0	0	0	0	0	2	0	0	0	1	0	0	0	3	0	0	0	0	0	0	0	0	0	0	1	0	0	0	0	0	0	0	0	0	0	0	8439	0	0	0	502	10	0	0	0	0	0	0	0	0	0	0	0	0	0	0	0	0	0	0	0	0	0	0	0	0	0	0	0	0	0	0	0	0	0	0	0	0	0	0	0	0	0	0	0	0	0	0	0	0	0	0	0	0	0	0	0	0	0	0
arco_Zotu35	0	103	0	13	1	46	0	60	0	7	4	17	18	4	54	13	7	12	10	4	0	14	2	15	1	6	772	72	8	11	3	0	13	0	71	73	11	1	0	3	0	0	3	33	0	38	6	1040	1	13	5	11	0	0	0	0	2	0	0	0	55	0	0	351	139	0	96	32	37	13	149	80	23	7	90	53	60	5	59	79	46	3	96	181	31	50	326	231	818	154	390	88	197	94	584	63	3	7	28	78	2	0	65	0	1	8	50
arco_Zotu32	225	116	58	14	92	88	106	2	1052	128	30	1	90	22	121	1294	51	222	39	206	22	250	170	44	6	44	46	0	5	1030	167	0	13	7	93	43	5	52	22	54	2	15	14	8	39	264	71	3	21	99	19	86	122	315	3	0	1	91	69	17	6	100	74	982	18	383	6	2	28	46	9	122	21	12	19	23	20	52	5	8	32	37	135	986	6	48	186	69	47	69	27	42	16	8	8	48	13	200	1	35	89	28	1	41	34	45	6
arco_Zotu25	3	0	0	0	37	0	0	0	61	3	1	0	3	0	0	0	0	0	0	0	0	0	0	0	1244	0	0	0	24	0	0	0	24	0	0	0	21	0	67	0	11	0	0	0	242	0	0	0	1608	0	1	0	2304	2	0	0	3270	0	2	0	38	0	13	0	91	69	0	30	2	99	0	0	17	0	0	0	0	6	0	0	2	31	0	0	1	1	0	0	0	0	0	0	0	0	0	0	0	60	0	0	0	66	0	0	0	0	0
arco_Zotu24	5	74	50	14	5	134	17	22	1	116	103	1	34	1400	15	31	38	42	109	131	96	82	5	9	110	1102	499	4	353	572	149	0	213	412	113	439	456	21	8	14	77	14	22	2	55	32	10	0	42	47	15	7	32	15	3	0	33	203	0	0	605	27	1	331	238	6	227	167	25	33	52	64	2	22	19	24	149	6	34	36	19	2	134	153	78	59	69	362	25	87	70	53	117	80	136	31	105	0	44	105	32	15	3	24	28	51	10
arco_Zotu20	4	0	0	0	52	0	0	0	96	3	0	0	1	0	0	1	0	0	0	0	0	0	2	0	1487	0	0	0	27	0	0	0	29	0	0	0	16	0	81	0	14	0	0	0	30	0	0	0	1899	0	1	0	2645	1	0	0	3964	0	2	0	165	0	18	0	86	107	1	34	1	124	0	0	19	0	0	0	0	0	0	0	0	43	0	0	0	3	0	7	0	0	0	0	2	0	0	0	0	74	0	0	0	68	0	0	0	1	0
arco_Zotu23	0	0	0	3	0	4	0	12	3	0	2	8	40	0	1	9	233	8	1	48	2	0	0	49	2	0	4	1	12	2	2	0	61	0	20	5	583	0	1	35	2	0	1	0	5	2	14	0	2	2	161	247	2	0	1	0	120	0	0	0	311	0	0	13	1641	0	47	5082	2	7	488	3	0	6	14	0	0	2	5	3	2	1	70	12	1	28	13	24	15	63	21	276	35	342	54	4	0	6	260	7	1	1	922	0	0	5	114
arco_Zotu34	7	33	1	190	15	2	0	130	64	0	0	461	70	0	5	329	87	3	2	317	8	1	10	4122	14	0	61	2186	1	0	1	0	4	0	2	1565	7	2	2	180	1	1	1	11	0	12	5	0	1	1	9	0	8	2	0	4	0	0	0	1	18	0	4	4	6	9	0	5	0	16	4	31	1	13	62	0	0	23	17	1	0	37	4	0	0	41	37	0	1	75	0	2	0	88	0	12	1	180	1	80	0	28	4	971	0	46	78
arco_Zotu16	0	0	0	0	0	0	2	0	0	1	0	0	0	0	0	0	0	0	0	0	0	0	0	0	0	0	0	0	0	1	0	17014	0	0	0	0	0	0	0	0	0	0	0	3	0	0	0	3	0	0	0	0	0	1	0	0	0	0	0	0	0	4	0	3	0	0	0	0	0	0	0	0	0	0	0	0	0	0	0	0	3	0	11	0	0	0	0	0	0	0	0	0	0	0	1	0	0	0	0	0	0	0	0	0	0	0	0
arco_Zotu28	7	0	16	0	0	19	4	0	0	12	1	0	3	0	18	0	27	0	88	0	3	0	37	0	1	2	0	0	1	1	0	3	11	1	0	0	11	0	0	0	3	0	0	717	64	0	0	5926	1	13	0	0	0	8	0	0	0	1	1	0	0	0	0	0	4	0	0	11	0	0	0	0	2	0	0	0	2	2	0	0	1	0	0	0	0	0	0	0	0	0	0	0	34	6	0	0	42	0	0	0	11	1	0	0	15	1	0
arco_Zotu15	0	11	1	3	0	6	4	38	0	1	9	3	0	15	0	220	0	8	0	175	0	10	0	10	0	6	24	2	0	126	4	0	4	1	0	25	0	2	0	2	0	1	0	1	0	0	0	0	0	0	1	1	1	1	0	2	0	0	0	0	1	1	3	387	1	1	6235	0	2	0	483	12	0	0	314	14	0	0	237	12	5	0	9	7	0	0	319	832	0	0	336	38	0	0	428	15	0	0	464	20	1	0	2	0	1	0	7
arco_Zotu18	4	0	6	0	1	1	81	0	4	701	2	0	0	1	0	0	0	0	0	0	0	0	159	0	0	13	0	0	0	290	5	0	0	0	0	0	0	1	0	0	0	0	0	0	0	0	0	0	0	0	0	0	0	314	0	0	0	3	0	0	0	22	0	0	0	0	0	0	63	0	0	0	5440	0	0	0	385	0	0	0	2021	0	0	0	122	0	0	0	12	0	0	0	27	0	0	0	0	0	0	0	0	0	0	0	26	0	0
arco_Zotu27	3	236	6	26	3	134	11	96	13	16	44	0	24	25	80	23	16	41	46	6	4	43	4	27	87	8	1578	0	70	78	30	0	35	3	105	152	28	6	1	2	9	4	19	3	4	53	1	4	4	44	4	38	12	6	0	4	36	4	1	0	205	3	0	477	117	0	292	62	225	37	246	164	70	8	311	218	122	15	152	158	195	8	98	229	116	228	683	565	1078	107	1196	159	787	110	1491	130	6	44	77	159	35	28	20	6	15	52	187
arco_Zotu17	8	0	11	0	1	0	70	0	1	838	0	0	0	2	1	0	0	1	0	0	0	1	199	0	0	21	0	0	0	289	0	0	0	1	0	0	0	0	0	0	0	0	0	0	1	0	0	0	0	0	0	0	0	355	0	0	0	11	1	0	0	29	0	0	0	0	0	0	101	0	0	0	6472	0	0	0	706	0	0	0	1859	0	0	0	74	0	0	0	16	0	0	0	31	0	0	0	1	0	0	0	1	0	0	0	2	0	0
arco_Zotu14	48	12	18	0	708	2	39	0	7	7	34	0	298	0	63	1	21	2	3	148	6	3	57	0	126	3	15	0	62	4	2	0	194	5	8	0	187	16	1498	0	11	0	1195	0	210	16	2859	0	631	1	463	0	11	28	86	0	47	10	429	0	76	14	3575	1	183	365	0	14	3	545	0	0	3	23	0	0	7	97	0	0	6	830	43	3	1	110	0	0	10	514	0	0	0	61	0	0	2	18	0	0	14	100	0	0	4	71	0
arco_Zotu57	51	93	53	187	59	347	67	93	86	446	42	722	30	62	3	27	20	16	19	138	9	20	43	120	171	158	164	296	270	379	19	0	38	28	9	551	33	2	12	12	7	6	13	8	24	5	26	0	23	8	2	6	30	35	0	6	27	24	1	2	163	8	0	521	43	4	110	8	119	22	474	303	164	1	454	109	543	13	4860	129	144	2	455	101	95	54	769	48	35	5	389	143	159	32	333	86	21	31	22	1413	141	101	51	312	124	122	312
arco_Zotu13	132	11	2	18	0	0	0	0	4	2	0	1	22	9	24	619	27	17	2	24	526	152	0	12	245	1	5	0	576	5	197	0	396	147	15	61	810	182	102	1004	7077	978	913	464	2589	281	115	395	72	64	157	40	122	142	356	102	15	156	185	3	156	39	7	1	53	59	1	76	63	6	1	21	1	636	0	37	4	100	1	0	1	2	0	0	345	64	68	0	61	20	92	2	4	38	2	0	0	3	0	0	44	5	0	17	242	55	25
arco_Zotu12	37	58	260	41	49	140	108	82	132	305	53	18	82	1062	13	329	5	128	6	727	5	95	4	9	124	7014	410	13	267	1480	107	0	824	212	54	832	144	8	6	34	57	6	16	0	190	14	32	4	533	16	2	372	1373	21	0	1	88	989	5	1	715	50	8	662	475	70	3117	46	14	10	472	103	5	5	136	146	864	15	138	132	53	34	117	303	18	87	158	2147	9	106	522	308	29	25	515	122	55	111	426	231	14	18	123	59	12	50	22
arco_Zotu21	101	74	145	634	178	117	135	458	152	30	8	352	49	8	64	247	42	28	64	175	55	10	64	335	49	128	54	32	72	80	246	0	51	24	71	263	80	214	59	258	55	48	145	70	142	99	49	10	474	93	110	81	360	178	20	187	48	494	270	1	394	127	81	922	319	310	178	83	667	109	319	2287	77	135	370	489	147	190	23	827	182	126	1188	4230	107	99	163	2538	79	75	51	6426	102	112	579	2434	20	300	95	989	962	60	98	279	249	121	140
arco_Zotu10	48	2	0	3	8	0	2	0	83	0	0	0	16	0	0	290	34	40	0	2	4	148	0	16	34	0	1	3	25	2	0	0	19	0	0	4	28	4	36	0	5	0	60	5	41	0	63	0	15	0	259	527	7	1	7	2	38	0	347	3847	119	8	28	0	28	78	0	19	69	25	0	16	3	4	0	1	2	39	2	1	4	8	24	2	1	25	3	12	4	18	0	0	5	30	0	0	0	22	0	118	29	12	0	25	0	29	44
arco_Zotu9	9	14	5	75	11	8	3	71	50	1	1	96	8	0	9	789	1	40	3	37	40	148	4	39	135	1	105	699	14	3	152	0	11	8	9	436	15	15	37	175	16	28	2	11	43	26	4	1	29	16	2	634	223	53	2	33	21	29	3	4299	7	13	9	22	6	93	5	5	7	33	5	6	3	14	3	2	4	3	22	2	5	2	6	39	13	2	1	11	5	5	2	6	2	10	1	11	0	44	1	254	3	27	0	44	30	4	0
arco_Zotu11	267	670	215	607	74	374	174	364	143	1228	37	742	110	117	46	82	38	52	63	534	19	59	115	150	1718	430	602	842	384	529	184	0	129	47	50	1439	67	20	43	34	27	11	14	20	125	35	5	2	35	70	0	29	107	147	0	26	213	135	7	8	213	23	0	786	55	11	137	12	409	185	766	660	515	4	2225	258	2095	51	3874	302	556	31	644	209	236	65	1011	159	351	54	1097	286	422	47	2402	274	260	135	40	1301	775	544	228	668	546	275	574
arco_Zotu8	369	642	139	355	168	566	69	473	345	573	151	1372	2178	1408	743	1622	3040	189	568	2014	1940	1044	677	203	301	90	542	2034	2403	121	300	0	1449	1569	79	1036	2126	17	9	159	951	39	68	4	470	256	40	5	265	160	128	299	250	526	18	35	48	151	13	12	509	29	4	928	408	7	282	364	30	27	183	177	143	207	119	130	141	40	184	176	43	14	127	542	57	221	51	2304	247	220	217	781	153	319	380	241	987	21	96	1099	126	253	11	487	261	1273	5
arco_Zotu6	0	151	8839	0	1	122	9342	0	0	339	12985	0	60	359	4007	3	1	24	6781	0	0	34	5687	0	2	277	3062	0	6	558	1736	0	26	376	4612	269	3	20	41	0	7	15	162	0	2	143	835	0	12	299	22	0	6	494	2	0	3	537	11	0	3	212	17	0	65	23	0	3	35	5	0	0	111	1	0	0	344	0	0	0	174	1	0	0	16	28	0	11	137	269	0	0	231	9	0	0	8815	2	0	0	1465	1	0	39	812	10	0
arco_Zotu5	304	661	176	113	374	340	92	101	385	1738	415	91	3874	4573	504	1143	2870	805	399	804	2396	1356	543	74	1120	602	658	243	5441	463	171	0	9176	4068	143	918	4210	90	24	239	2345	346	214	10	949	352	217	6	608	249	164	544	626	970	32	11	168	479	14	1962	1288	70	8	194	2268	16	110	739	127	71	147	98	250	259	29	76	263	39	97	59	44	28	95	250	199	378	43	553	339	755	141	300	152	359	130	71	1372	45	51	290	238	363	52	386	456	1894	69
arco_Zotu4	627	710	269	91	322	4	352	37	1286	49	7	169	287	24	59	466	178	48	55	603	108	37	137	252	239	56	29	84	97	213	79	0	20	13	0	363	17	38	72	294	5	18	28	49	242	0	3	0	115	2	2	6	357	34	0	77	194	51	39	3	243	30	11	1609	57	141	2231	21	556	1101	5548	381	173	153	2415	31	920	1296	2105	58	571	671	9352	147	294	549	1521	769	46	504	174	1941	62	248	194	253	395	2953	13948	619	2146	1535	10233	4960	1428	836	9851
arco_Zotu2	272	3566	170	4293	168	6948	208	4114	557	1868	23	54	1156	765	137	1940	424	12718	189	41	43	9128	196	80	679	809	165	562	136	2048	332	0	205	1084	188	14	115	9317	4611	20	21	5353	1380	4	236	3134	2883	0	144	5540	2130	870	284	5495	40	160	4176	7079	453	13	1069	3740	135	10	1906	907	37	493	4323	27	0	189	805	9	14	5	4097	2	6	1287	1571	6	0	169	2324	19	2	60	1056	26	0	13	1512	3	47	40	240	10	1	277	773	3379	0	301	475	1248	38
arco_Zotu3	22	1589	196	327	179	1012	1505	1187	6	1146	175	116	87	352	871	3020	99	779	673	148	13	2174	100	3306	8	288	554	20	53	4341	1642	2	35	792	690	208	100	5237	86	1509	3	8685	645	48	73	9887	857	5300	122	8052	1090	50	7	3606	12399	0	4	2035	189	6	105	11135	961	1432	152	111	70	129	7278	68	590	90	673	70	73	24	1138	126	7	14	6790	556	33	56	10820	597	330	9	8846	407	206	75	8079	1005	251	6	76	44	3	1	1188	2	0	277	2258	63	18
arco_Zotu1	12268	4302	4923	4144	12873	1755	2874	7717	8446	1296	1570	2925	6584	227	9154	1620	8032	769	5409	932	10900	1004	7891	3718	5651	572	5052	2897	3979	543	8197	0	2549	269	8823	1963	5009	189	8750	230	5534	280	11178	759	8758	986	7987	429	8853	659	11204	6264	5188	2197	3819	8802	3183	1216	14354	6796	6011	282	9781	2382	3264	12307	163	2262	472	11062	58	8822	884	14756	913	12862	1524	13361	458	11782	417	12807	1492	4590	481	10903	565	2509	1582	9721	844	1025	805	10038	1435	9711	2478	10142	101	5965	3722	8682	5	2460	4672	8944	594
