Sample	Motu204	Motu214	Motu184	Motu182	Motu213	Motu181	Motu179	Motu178	Motu180	Motu175	Motu176	Motu177	Motu174	Motu215	Motu172	Motu171	Motu168	Motu169	Motu166	Motu167	Motu162	Motu163	Motu164	Motu165	Motu161	Motu160	Motu157	Motu159	Motu152	Motu158	Motu153	Motu151	Motu149	Motu148	Motu154	Motu144	Motu142	Motu147	Motu143	Motu140	Motu145	Motu138	Motu141	Motu146	Motu136	Motu131	Motu137	Motu134	Motu132	Motu133	Motu130	Motu128	Motu129	Motu126	Motu123	Motu127	Motu122	Motu135	Motu125	Motu121	Motu119	Motu118	Motu117	Motu114	Motu115	Motu113	Motu108	Motu112	Motu111	Motu107	Motu99	Motu104	Motu102	Motu109	Motu95	Motu96	Motu97	Motu98	Motu94	Motu91	Motu89	Motu90	Motu93	Motu84	Motu86	Motu85	Motu83	Motu82	Motu81	Motu79	Motu77	Motu78	Motu101	Motu73	Motu75	Motu74	Motu69	Motu80	Motu67	Motu70	Motu66	Motu63	Motu64	Motu60	Motu62	Motu61	Motu57	Motu59	Motu58	Motu54	Motu53	Motu65	Motu68	Motu49	Motu50	Motu48	Motu51	Motu44	Motu40	Motu39	Motu41	Motu106	Motu42	Motu43	Motu35	Motu36	Motu100	Motu34	Motu30	Motu31	Motu28	Motu29	Motu32	Motu76	Motu71	Motu26	Motu103	Motu25	Motu23	Motu52	Motu87	Motu22	Motu20	Motu18	Motu17	Motu15	Motu19	Motu14	Motu11	Motu10	Motu9	Motu16	Motu7	Motu8	Motu5	Motu21	Motu3	Motu1	Motu2
HKBea1Aug	7	12	7	0	2	1322	0	0	0	0	0	12	0	14	12	0	0	0	0	0	0	0	0	16	0	0	230	0	0	0	0	0	0	0	73	0	0	0	0	11	0	0	0	0	0	0	0	3	0	0	0	18	0	0	0	2	0	0	0	0	0	0	0	0	1147	0	1	0	0	0	0	0	0	0	0	0	0	31	0	3	0	0	723	11	0	14	0	0	0	0	0	0	0	0	4	0	0	20	0	0	0	0	0	0	272	0	0	0	0	0	0	0	960	0	39	7	10	10	0	5	0	1	20	4	0	1461	0	0	122	0	0	0	0	355	103	176	4	2	0	4	0	77	219	0	900	3226	34	189	0	153	24	68	4368	1	0	0	36	9	31726
HKBea1Feb	0	1	0	5	0	0	0	0	0	0	0	0	0	1	0	0	0	0	0	0	0	0	0	0	0	0	0	0	0	4	0	0	0	0	0	9	0	0	0	0	0	0	0	0	0	0	0	0	0	0	0	0	0	0	0	0	0	0	0	0	6	2	0	0	0	0	3	0	7	0	0	0	0	0	0	0	9	0	0	0	0	0	0	0	0	0	0	0	0	2	0	0	0	0	0	0	0	7	0	11	0	1037	0	0	284	0	0	5	0	0	0	177	0	0	1	0	0	2	1400	5	11	0	0	0	1	1	63	264	39	4	0	0	0	0	98	125	54	0	1	1297	1	95	0	567	239	0	1	43	352	141	593	3	291	165	129	83	26370	0	14271
HKBea1May	0	0	0	0	0	0	0	0	0	0	0	0	0	0	0	0	0	0	0	0	0	0	0	0	0	0	0	0	0	0	0	0	0	0	0	0	0	0	0	0	0	0	1	0	0	0	0	0	0	0	1	0	0	16	0	0	0	0	1	0	0	0	0	0	0	0	0	0	6	30	0	22	0	0	0	0	0	15	0	0	8	0	21	0	16	0	0	0	0	54	0	0	10	2580	0	0	0	0	0	0	0	15	0	0	0	0	7	50	0	228	0	4488	0	0	0	103	0	0	0	0	121	0	0	19	0	28	16	29	0	9	5468	0	0	0	63	1	0	0	70	0	0	40	0	2	30	1	150	14509	3	16779	155	55	15	496	163	3	1369	4	1010
HKBea1Nov	0	23	0	0	0	0	0	0	0	0	0	0	0	62	0	0	0	0	0	0	0	0	0	0	0	0	0	0	0	0	0	0	0	0	0	0	0	0	0	0	0	0	0	0	0	0	0	0	0	0	0	0	0	0	0	0	0	0	0	0	0	0	0	0	0	0	0	0	0	0	0	0	0	0	0	0	0	0	0	0	0	0	0	0	0	0	0	0	0	0	0	0	0	0	0	0	0	0	0	0	0	0	0	0	0	0	0	0	0	0	0	0	0	0	0	0	0	0	0	0	0	0	0	0	247	0	0	0	0	0	0	0	0	0	0	20	0	0	0	0	0	0	0	0	0	0	0	0	0	0	0	0	40864	806	316	1731	5	0	4206
HKBea2Aug	0	28	0	0	0	0	7	0	0	0	0	0	0	37	0	0	0	0	0	0	0	0	0	0	0	0	0	0	0	0	0	0	0	837	0	1	0	0	0	0	0	0	0	0	0	0	0	0	0	0	0	0	0	0	0	0	0	0	0	0	0	0	0	0	0	0	0	37	0	0	0	0	53	0	0	0	0	0	0	0	0	0	0	0	0	0	0	0	0	0	0	0	0	1	0	0	0	0	0	0	0	0	0	0	0	0	40	0	0	33	0	2056	0	0	0	0	9	0	0	0	0	0	0	0	0	31	0	152	0	5859	3	0	0	47	78	250	1303	0	22	19	0	53	22	72	68	1444	3	366	0	1785	0	322	8996	3	64	951	987	2993	19248
HKBea2Feb	0	1	0	0	0	0	0	0	0	0	0	0	0	0	0	0	0	0	0	11	0	0	0	0	0	0	0	0	0	0	28	0	0	0	0	2	0	0	0	0	0	0	0	0	0	0	0	0	0	0	0	0	0	0	0	0	2	0	0	0	0	1	0	0	0	0	122	0	1	0	0	0	0	0	0	0	0	0	0	0	0	0	0	0	0	0	0	0	0	0	0	0	0	0	0	0	0	0	0	0	0	2	0	0	3	0	0	0	0	0	0	0	0	0	0	0	0	0	3	0	0	0	0	0	0	0	3	0	6453	0	0	0	1	0	8	11184	0	0	12	8259	0	11	0	117	37	0	7	2205	19	7	670	24	0	35	18	30	12509	0	6495
HKBea2May	0	0	0	0	3	0	0	0	0	0	0	0	0	0	0	0	0	0	0	0	0	0	0	0	0	0	0	0	0	0	0	0	0	0	0	0	0	0	0	0	0	0	0	0	0	0	0	0	0	0	0	0	0	30	0	0	0	0	0	1	0	0	0	0	0	0	0	0	8	15335	0	31	0	0	0	0	0	12	0	0	22	0	40	0	36	0	0	0	0	10	0	0	21	12	19	0	0	0	0	0	0	22	0	0	0	0	0	30	0	135	0	18	0	0	0	76	0	0	0	0	179	53	0	39	0	62	271	54	0	22	15	2	0	10	119	6	0	1	198	0	0	12865	3	53	135	1	1	81	4	694	407	6	20	82	6972	88	7356	9	2611
HKBea2Nov	0	0	0	0	0	0	0	0	0	0	0	0	0	1	0	0	0	0	0	0	0	0	0	0	0	0	0	0	0	0	0	0	0	0	0	0	0	0	0	0	0	0	0	0	0	0	0	0	0	0	0	0	0	0	0	0	0	0	0	0	0	0	0	0	0	0	0	0	0	0	0	0	0	0	0	0	0	0	0	0	0	0	0	0	0	0	0	0	0	0	0	0	0	0	0	0	0	0	0	0	0	0	0	0	0	0	0	0	0	0	0	0	0	0	0	0	0	0	0	0	0	0	0	0	102	0	0	0	0	0	0	0	0	0	0	5	0	0	0	0	0	0	0	0	0	0	0	0	0	0	0	0	431	390	1	47035	1	0	314
HKBea3Aug	0	1	0	0	0	0	0	0	0	0	0	0	0	0	0	0	0	0	0	0	0	0	0	0	0	0	0	0	0	0	0	0	0	0	0	0	0	0	0	0	0	0	0	0	0	0	0	0	0	0	0	0	0	0	0	0	0	0	0	0	0	0	0	0	0	0	593	0	0	0	0	0	0	0	0	0	0	0	0	0	0	0	600	0	272	0	0	1566	0	0	0	0	0	0	91	0	0	0	0	0	0	0	0	0	829	0	0	0	0	0	0	13	0	5	0	27	0	0	3275	0	0	3531	1	0	0	599	0	0	13	21	234	0	0	174	0	9	3266	0	0	3258	0	2178	1113	1119	0	1466	0	31	0	1315	16	0	9	0	0	1	0	0	22654
HKBea3Feb	0	2	0	0	0	0	0	0	0	0	0	0	0	0	0	0	0	0	0	0	0	17	0	0	4	0	0	0	0	0	0	0	0	0	0	13	0	0	0	0	0	8	0	0	0	0	0	0	0	0	81	0	29	0	0	0	0	0	0	0	0	2	0	0	0	0	0	0	22	0	0	0	0	0	0	0	0	67	0	0	0	0	24	0	15	0	0	0	0	0	0	0	1	0	0	0	0	0	0	0	31	91	0	0	13	0	0	24	0	0	128	0	0	0	0	1	0	0	13	6	14	0	0	0	0	4	4611	2	4404	0	2	0	0	4	158	269	16	0	0	6462	0	63	4	368	387	3	118	10239	107	257	2724	34	1	4189	102	578	2391	0	10177
HKBea3May	0	1	0	0	0	0	0	0	0	0	0	0	0	0	0	0	0	0	0	0	0	0	0	0	0	0	0	0	0	0	0	0	0	0	0	4	0	0	0	0	0	0	0	1	0	0	0	8	0	0	0	0	0	0	0	0	0	0	52	0	7	0	16090	45	3	0	4	0	0	0	0	4	0	5	0	0	14	0	0	0	0	0	0	0	3	0	0	0	0	0	0	0	0	0	0	0	0	535	0	0	0	0	0	0	0	8	0	0	0	0	0	0	0	13	0	0	38	19	0	0	0	0	0	4	0	0	8	0	0	3	0	0	0	0	11	1778	0	0	0	0	5	0	21870	0	566	0	0	15	0	5780	19	17	6	15	33	0	630	0	666
HKBea3Nov	0	12	0	0	0	0	6	0	0	0	0	0	0	13	0	0	0	0	0	0	0	0	0	0	0	0	0	0	0	0	0	0	0	35	0	0	0	0	0	0	0	0	0	0	0	0	0	0	0	0	0	0	0	0	0	0	0	0	0	0	0	0	0	0	0	0	0	44	0	0	0	0	28	0	0	0	0	0	0	0	0	0	0	0	0	0	0	0	0	0	0	0	0	0	0	0	0	0	0	0	0	0	0	0	0	0	0	0	0	587	0	69	0	0	0	0	0	0	0	0	0	0	0	0	0	42	0	2889	0	113	0	0	0	0	26	1074	30	0	518	0	0	72	20	58	31	28	126	6755	0	65	0	7003	4290	40	39	9547	2295	6197	6228
HKSta1Aug	5	11	2	0	2	6	0	0	0	0	0	13	0	0	14	0	0	0	0	0	0	0	0	12	0	0	1	0	0	0	0	0	0	0	0	0	0	1	0	0	0	0	0	0	0	0	0	9	76	0	0	1490	0	0	0	2	0	0	0	0	0	0	8	23	3	0	1	0	0	0	0	0	0	0	0	0	0	2625	0	0	0	0	4	0	0	20	0	0	0	0	0	9	9	0	1	0	0	16	0	0	1	0	0	0	10	0	2	2	0	0	0	0	10	0	122	34	9	64	0	1108	0	1	25	6	0	85	0	0	52	0	0	0	1	44	419	18	1829	12	5	0	0	3321	1589	2	66	453	50	19	0	41	35	115	50	0	22	0	48	0	34247
HKSta1Feb	0	22	0	0	0	0	2	0	0	0	0	0	0	7	0	0	0	0	0	0	0	0	0	0	0	0	0	0	0	0	0	0	0	0	0	0	0	0	0	0	54	0	0	0	0	0	0	0	0	0	0	0	0	0	0	0	0	0	0	0	20	0	0	0	0	0	0	30	0	0	0	0	0	0	0	0	0	0	0	0	0	0	0	0	0	0	0	0	0	364	0	0	0	1	0	0	40	0	1	0	0	856	0	0	255	0	1	0	0	31	0	1	0	0	0	0	80	0	0	0	0	1023	0	0	0	10	0	2112	0	1	19	0	9	0	90	3	0	119	0	57	0	0	12	1794	22	0	363	1376	0	38	0	1505	6505	70	0	5830	1322	10039	14196
HKSta1May	0	1	0	4	0	0	0	0	0	0	0	0	0	1	0	0	0	0	0	0	0	0	0	0	0	0	0	0	0	10	0	0	0	0	0	0	0	0	0	0	0	0	0	0	0	0	0	0	0	0	0	0	0	28	0	0	0	0	0	1	2	0	0	0	0	0	4	0	3	35	0	25	0	0	0	0	10	8	0	0	10	0	27	0	20	0	0	0	0	875	0	0	13	3	0	0	0	33	0	18	0	53	0	0	0	0	0	915	0	69	0	34	0	0	0	124	0	0	1	1	13065	0	0	25	0	2254	76	54	0	1921	7	0	0	0	1430	0	0	0	0	6	0	1731	1	7	139	359	10	57	174	5876	69	6	2968	713	1281	4	3797	8	9914
HKSta1Nov	0	8	0	0	0	0	12	0	0	0	0	0	0	25	0	0	0	0	0	0	0	0	0	0	0	0	0	7	0	0	0	0	0	7	0	0	0	0	0	0	0	0	0	0	0	0	0	0	0	0	0	0	0	0	0	0	0	0	0	0	0	0	0	0	0	0	0	78	0	0	0	0	57	0	0	0	0	0	0	0	0	0	0	0	0	0	0	0	0	0	0	0	0	0	0	0	0	0	0	0	0	0	0	0	0	0	0	0	0	35	0	32	1	0	0	0	0	0	0	0	0	0	0	0	0	1609	0	1062	0	87	0	0	0	0	97	3091	35	0	30	0	0	2337	39	113	117	23	5	1012	0	77	0	4414	5497	4	42	12451	390	12055	3431
HKSta2Aug	2	15	488	0	1	6	0	0	0	0	0	13	0	16	8	0	0	0	0	0	0	0	0	21	0	0	1	0	0	0	0	0	0	0	0	0	0	1	0	0	0	0	0	0	0	0	0	6	1	0	0	11	0	0	0	2	0	0	0	0	0	0	0	0	4	0	0	0	0	0	0	0	0	0	0	0	0	21	0	0	0	0	4	0	0	45	0	0	0	3	0	0	0	0	183	0	0	1715	0	0	10	0	0	0	1	0	0	2	0	0	0	0	3	0	2996	11	74	7	1	7	0	0	34	1	0	833	0	0	166	0	1	0	0	111	11	7	6	320	0	0	0	870	95	0	96	896	1803	1001	0	527	229	3124	3078	0	21	103	36	0	29232
HKSta2Feb	0	1	0	0	0	0	0	0	1	2	0	0	0	0	0	0	0	0	0	0	0	0	0	0	0	0	0	0	0	1	0	0	0	0	0	410	0	0	3	0	0	0	0	22	0	0	0	0	0	0	0	0	0	7	2	0	0	0	0	4	0	736	0	0	0	0	1	0	921	0	0	0	0	0	0	0	0	0	0	0	0	0	0	0	0	0	0	0	0	0	0	0	0	0	0	0	0	0	0	0	0	34	0	0	3	0	1	0	0	10	0	2	0	0	0	0	0	0	11	0	1	0	0	4	0	0	36	7	19	1	372	0	0	1	941	1086	2	0	16	50	0	1464	0	2525	3174	0	5	862	1437	1033	10126	0	3	151	50	4955	1992	0	15795
HKSta2May	0	1	0	0	4	0	0	0	0	0	0	0	0	1	0	0	0	0	0	19	0	0	0	0	0	0	0	0	0	0	26	0	0	0	0	0	0	0	0	0	0	0	0	0	0	0	0	0	0	0	0	0	0	23	0	0	4	0	0	0	0	0	0	0	0	0	4	0	35	57	0	33	0	0	0	0	0	23	0	0	43	0	36	0	31	0	0	0	0	9	0	0	49	11	0	0	0	0	0	0	0	25	0	0	0	0	0	23	0	100	0	35	0	0	0	158	0	0	0	0	177	0	0	57	0	49	17	76	529	15	14	0	0	0	21	205	0	0	66	100	1	83	0	15	75	7	62	535	6	1345	459	92	56	734	295	17	3927	18	38477
HKSta2Nov	0	41	0	0	0	0	0	0	0	0	0	0	0	0	0	0	0	0	0	0	0	0	0	0	0	0	0	0	0	0	0	0	0	0	0	0	0	0	0	0	0	0	0	0	0	0	0	0	0	0	0	0	0	0	0	0	0	0	0	0	0	0	0	0	0	0	0	0	0	0	0	0	0	0	0	0	0	0	0	0	0	0	0	0	0	0	0	0	0	0	0	0	0	0	0	0	0	0	0	0	0	0	0	0	0	0	0	0	0	0	0	0	0	0	0	0	0	0	0	0	0	0	0	0	5369	0	0	0	0	0	0	0	0	0	0	130	0	0	0	0	0	0	0	0	0	0	0	0	0	0	0	0	245	16272	3	16441	2	0	9777
HKSta3Aug	10	23	2	0	4	10	0	0	105	0	0	17	0	0	17	0	0	0	0	0	0	0	0	25	0	0	5	9	0	0	0	0	0	0	0	0	0	0	0	0	0	0	0	1	0	0	0	7	3	0	0	31	0	0	0	5	0	0	0	0	0	0	0	0	7	1	0	0	0	0	0	0	0	0	0	0	0	65	0	0	0	0	8	0	0	27	0	0	0	0	0	0	0	0	4	12	0	136	0	0	0	0	0	0	16	5	0	19	0	0	0	0	11	0	903	8	13	29	0	27	0	39	46	848	0	24	0	0	4	0	0	0	0	36	56	53	22	11	0	0	14	101	34	0	179	676	133	25	0	44	54	179	112	3	0	1	53	0	43968
HKSta3Feb	0	2	0	0	0	0	0	0	0	0	0	0	0	0	0	0	0	0	0	0	0	0	0	0	0	0	0	0	0	0	0	0	0	0	0	0	0	0	0	0	0	0	0	0	0	0	0	0	0	0	0	0	0	0	0	0	0	1	0	0	0	0	0	0	0	0	0	0	0	0	0	0	0	0	0	0	0	0	0	0	0	0	0	0	0	0	0	0	0	0	0	0	0	0	0	0	0	0	0	0	0	0	0	0	0	0	0	22	0	0	0	0	0	0	0	0	0	0	0	0	0	0	0	0	0	0	0	8	0	0	0	0	0	0	0	683	0	0	0	0	0	0	0	0	23	0	12	57	0	0	5	69	3039	0	0	38617	0	0	5742
HKSta3May	0	0	0	0	2	0	0	0	0	0	0	0	0	0	0	0	0	0	0	0	0	5	0	0	4	0	0	0	0	1	0	0	0	0	0	0	0	0	0	0	0	15	0	0	0	0	0	0	0	0	11	0	16	17	0	0	0	0	0	0	0	0	0	0	0	0	0	0	2	23	0	29	0	0	0	0	0	1793	0	0	10	0	3103	0	4309	0	0	0	0	4	0	0	41	5	6	0	0	0	0	0	0	3866	0	0	0	0	0	26	0	68	47	4	0	0	0	71	0	0	0	3	4701	0	0	24	0	3521	45	17	48	7	3	0	0	0	2468	0	17	0	0	32	0	32	2	5	4279	12	84	495	17	11522	159	11	15	495	145	30	462	2	6149
HKSta3Nov	0	10	0	0	0	0	6	0	0	0	0	0	0	13	0	0	0	0	0	0	0	0	0	0	0	0	0	71	0	0	0	0	0	0	0	0	0	0	0	0	0	0	0	17	0	0	0	0	0	0	0	0	0	0	0	0	0	0	0	0	0	0	0	0	0	0	0	21	0	0	0	0	0	0	0	0	0	0	0	0	0	0	0	0	0	0	0	0	1	1	0	0	0	0	0	0	1716	0	0	0	0	7	0	0	46	0	80	0	0	0	0	0	0	0	0	0	0	0	0	0	0	20	0	0	0	1188	0	15	0	0	0	0	0	56	139	243	0	17269	0	0	0	47	8	24	28	0	4	369	0	1	9	7218	639	1435	0	1388	4006	1642	10543
HKSW1Aug	1	5	1	0	0	0	0	0	0	0	0	5	6	0	14	617	0	6	0	0	0	0	5	1	0	0	87	0	0	0	0	0	0	0	0	119	0	746	0	0	0	0	0	0	0	4	0	2	364	0	0	0	0	0	0	1	0	0	0	0	1	8	15	0	286	2214	39	0	0	0	0	0	0	412	0	0	0	3	0	3	0	0	0	10	4	1	0	0	0	3	0	1	7	0	0	2	0	0	0	0	13	0	600	0	21	631	338	20	1	0	0	267	0	257	215	472	5	53	0	369	0	805	436	7	0	970	0	11	606	0	3218	3	1	439	2200	151	0	2225	2	0	179	2	14	1	1296	451	1407	112	0	1180	14	4174	286	55	421	1	1332	0	18026
HKSW1Feb	0	2	0	0	0	0	0	0	0	0	0	0	0	0	0	0	0	0	0	0	0	0	0	0	0	0	0	0	0	0	0	0	0	0	0	4	0	0	0	0	0	0	22	1	0	0	0	0	0	0	0	0	0	0	0	0	0	0	0	0	0	2	0	0	0	0	0	0	14	0	0	0	0	0	0	0	0	0	0	0	0	0	0	0	0	0	0	0	0	12	0	0	0	26	0	0	0	0	0	0	0	9	0	0	2	0	29	24	0	14	0	35	0	0	0	18	0	0	6	0	0	0	0	0	0	0	7	2	31	0	52	0	0	3	7489	644	0	0	58	84	0	42	0	126	79	0	167	1039	79	159	1213	68	0	151	65	110	24145	0	12247
HKSW1May	0	0	0	0	0	0	0	0	0	0	0	0	0	0	0	0	0	0	0	0	0	0	0	0	0	0	0	0	0	0	0	0	0	0	0	0	0	0	0	0	0	0	0	0	0	0	0	0	0	0	0	0	0	0	0	0	0	0	0	0	0	0	0	0	0	0	0	0	0	0	0	0	0	0	0	0	0	0	0	0	0	0	0	0	0	0	0	0	0	0	0	0	0	0	0	0	0	0	0	0	0	0	0	0	0	0	0	0	0	0	0	0	0	0	0	0	0	0	0	0	0	0	0	0	1	0	0	0	0	0	0	0	0	0	0	426	0	0	0	0	0	0	0	0	0	0	0	0	0	0	0	0	141	2	47538	2	42	0	128
HKSW1Nov	0	0	0	0	0	0	0	1	0	0	0	0	0	0	0	0	6	0	0	0	0	0	0	0	0	0	0	0	0	0	0	0	1	0	0	0	0	0	0	0	0	0	0	0	0	0	0	0	0	0	0	0	0	0	0	0	0	0	0	0	0	0	0	0	0	0	0	0	0	0	0	18	0	0	8	7	0	0	0	5	12	0	0	0	1	0	0	0	0	0	0	0	2	0	731	16	0	0	0	0	0	0	0	0	0	0	0	3	0	0	0	8288	0	1	0	0	5	0	0	0	0	0	9	0	0	0	0	3	0	0	0	0	0	0	0	0	0	0	0	0	2	0	0	0	10237	0	0	7	0	4530	0	5	3	20	0	0	0	14747	9612
HKSW2Aug	2	0	2	0	3	0	0	0	0	0	0	0	897	3	0	15	0	1084	0	0	0	0	0	0	0	0	499	0	0	0	0	0	0	0	0	1	0	567	0	0	0	0	0	0	0	2	0	0	12	26	0	0	0	0	0	0	0	0	0	0	527	0	5	0	1	32	40	0	0	0	0	0	0	1	0	0	0	7	0	3	0	0	0	4	332	0	0	0	0	2	0	3	5	0	125	0	0	0	0	0	0	0	9	0	8	2	21	47	0	0	0	0	0	7	31	29	0	40	0	5	0	5	11	37	0	10	0	1582	500	2	1813	0	1	7191	1049	160	60	1515	5	0	12	2	17	0	1906	1379	4324	68	0	3375	1	5304	63	1	2427	5	2246	0	8810
HKSW2Feb	0	5	0	0	0	0	0	0	0	0	0	0	0	0	0	0	0	0	0	0	0	0	0	0	0	0	0	0	0	0	0	0	0	0	0	11	0	0	0	0	0	0	0	0	0	0	0	0	0	0	0	0	0	0	0	0	0	0	0	2	0	18	0	0	0	0	0	0	15	79	0	0	0	0	0	0	0	0	0	0	0	0	0	0	0	0	0	0	0	0	0	0	0	0	2	0	0	0	0	0	0	11	0	0	4	0	0	1	0	0	0	1	0	0	0	2	0	1	8	0	0	41	0	0	0	0	287	1	49	0	8	4	0	2801	249	348	0	0	150	135	0	419	5	6429	353	0	1	89	42	99	3342	0	3	22	32	877	3859	0	28475
HKSW2May	0	0	0	0	0	0	0	0	0	0	0	0	0	0	0	0	0	0	0	0	0	0	0	0	0	0	0	0	0	0	0	0	0	0	0	0	0	0	0	0	0	0	0	0	0	0	0	3178	0	0	0	0	0	0	1	0	0	0	5119	0	7	0	66	0	0	0	1	0	0	0	0	0	0	6403	0	0	63	1	0	0	4	0	0	0	0	0	0	0	0	0	0	0	1	0	0	0	0	67	0	5	0	0	0	0	0	4391	0	0	0	0	2	0	0	3679	0	13	467	2901	0	0	1	0	0	1	0	0	2	2	1	7	0	2	10	2	9	172	0	0	0	2	11	22	3502	5	340	0	0	4534	56	25	5818	5	13	28	684	1	5973	1	682
HKSW2Nov	0	8	0	0	0	0	0	0	0	0	0	0	0	1	0	0	0	0	0	0	0	0	0	0	0	0	0	33	0	0	0	0	0	0	0	0	0	0	0	0	0	0	0	12	0	0	0	0	0	0	0	0	0	0	0	0	0	0	0	0	0	0	0	0	0	0	0	0	0	0	0	0	36	0	0	0	0	0	0	0	0	0	0	0	0	0	0	0	27	0	0	0	0	90	0	0	36	0	0	0	0	0	0	0	46	0	116	0	0	0	0	0	75	0	0	0	0	0	0	0	0	0	0	43	0	196	0	0	0	0	0	25	0	74	40	175	45	418	0	0	0	1401	19	0	0	0	6	2200	0	2	11	459	105	3389	131	149	11732	5348	21832
HKSW3Aug	9	1	0	0	0	0	0	0	0	0	0	0	12	2	0	30	0	15	0	0	0	0	0	0	0	0	1	0	0	0	0	0	0	0	0	1	0	15	0	0	0	0	0	0	0	5	0	0	1532	0	0	29	0	0	0	0	0	0	0	0	2	0	735	20	5	51	7	0	0	0	0	0	0	2	0	0	0	143	0	4	0	0	1	9	4	0	0	0	0	4	0	1093	719	0	0	4	0	0	0	0	0	0	10	0	38	4	405	69	0	0	0	1	1	6	131	1146	0	54	0	29	0	14	9	14	0	747	0	10	43	0	32	1	5	3689	245	17	28	1407	731	0	23	58	1595	15	2421	14	483	45	0	2333	1	1021	5	0	1077	2	2929	0	22917
HKSW3Feb	0	0	0	3	0	0	0	0	7	0	2	0	0	0	0	0	0	0	0	4	0	6	0	0	0	0	0	0	0	6	8	0	0	0	0	1011	0	0	0	0	0	9	1	0	0	0	0	0	0	0	0	0	0	0	8	0	0	0	0	10	1	1	10	2789	1616	0	0	0	0	0	0	12	0	0	0	0	11	0	0	0	0	0	0	0	528	0	0	0	0	8	0	0	1	0	0	0	0	4336	0	24	0	4	0	0	7	0	10	13	0	10	4	0	0	0	2	0	2854	0	0	7	0	6	0	2524	1	4	229	0	0	1	0	5	27	1	1	9	0	0	40	3	0	47	7	77	4911	0	357	0	381	55	95	5286	0	4967	371	7	5912	0	9633
HKSW3May	0	0	0	0	0	0	0	0	0	0	0	0	0	1	0	0	0	0	0	0	0	1	0	0	0	0	0	0	0	2	0	0	0	0	0	0	0	0	0	0	0	0	0	0	0	0	0	4	0	0	0	0	0	0	0	0	0	0	25	0	1740	0	491	0	0	0	717	0	0	0	0	0	0	9	0	0	1065	0	0	0	0	0	0	0	0	0	0	0	0	2	0	0	0	0	0	0	0	6376	0	9	0	1	0	0	0	15	0	0	0	0	0	0	0	15	0	11	3	1541	0	0	24	0	0	0	1	1	8	1	0	889	0	0	0	0	1413	112	0	0	0	2	1134	4	1599	0	10155	1	0	24	40	2433	131	1	1641	9	5244	0	3773	0	7612
HKSW3Nov	0	15	0	0	0	0	0	0	0	0	0	0	0	73	0	0	0	0	0	0	0	0	0	0	0	0	0	39	0	0	0	0	0	10	0	0	0	0	0	0	0	0	0	6	0	0	0	0	0	0	0	0	0	0	0	0	0	0	0	0	0	0	0	0	0	0	0	0	0	0	0	0	0	0	0	0	0	0	0	0	0	0	0	0	0	0	0	0	0	0	0	0	0	2	0	0	73	0	0	0	0	0	0	0	73	0	5143	0	0	0	0	24	0	0	0	0	23	0	0	0	0	0	0	0	0	39	0	0	0	74	9	1	0	5045	110	1639	68	375	2	25	0	95	1	0	0	27	7	235	0	43	17	431	1632	125	2	379	2098	1181	29139
LTCC1Aug	5	4	27	0	0	0	0	0	0	0	0	0	4	13	1	22	0	14	0	0	0	0	0	0	0	0	1	0	0	0	0	0	0	0	0	6	0	25	0	0	0	0	0	0	0	6	0	0	32	0	0	0	0	0	0	3	0	0	0	0	5	0	10	0	6	54	5	0	0	0	0	0	0	3	0	0	0	7	0	5	0	0	1	7	7	2	0	0	0	359	0	8	3	0	10	3	0	13	0	0	16	0	12	0	12	6	17	411	0	0	0	5	0	5	580	31	31	10	8	115	0	16	15	5	0	103	0	13	189	191	115	5	4	288	113	19	0	105	1	0	610	20	161	0	1651	40	3493	167	0	423	5	3800	299	0	491	189	10088	0	23731
LTCC1Feb	0	0	0	3	0	0	0	0	167	1	201	0	0	0	0	0	0	0	0	2	0	6	0	0	0	0	0	0	0	5	5	0	0	0	0	2	0	0	2	0	0	11	6	31	0	0	0	0	0	0	0	0	0	5	555	0	0	46	0	557	0	15	0	1	1	0	17	0	1	0	0	0	0	0	0	0	8	0	0	0	0	0	0	0	0	0	0	0	0	11	0	0	2	0	0	0	0	5	0	34	0	698	0	0	243	0	3	14	0	24	1	0	0	0	3	0	2	0	0	152	0	4	0	6	0	4	866	2	0	349	3	8	29	0	151	0	0	0	236	4	0	1143	0	2943	690	0	192	3	6016	246	3943	86	0	10220	10648	394	126	0	7128
LTCC1May	1	3	0	0	0	0	0	0	0	0	0	3	0	0	10	15	0	0	0	0	0	0	2	8	0	0	1	0	0	0	0	0	0	0	0	0	0	17	7	0	0	0	0	0	0	0	0	1	20	0	0	67	0	0	0	2	0	0	0	0	0	4	0	0	4	13	0	0	0	0	0	0	0	2	0	0	0	0	0	0	0	0	0	0	0	1	0	0	0	0	0	0	0	0	0	0	0	0	0	0	10	0	9	0	5052	7	7	43	0	0	0	2	0	1	4	10	3	6179	0	1	0	4	14	30	0	5	0	0	82	0	97	0	5	103	20	869	0	22	0	0	0	48	44	101	188	109	158	9	0	3828	2683	3905	12	22	109	0	17823	0	6481
LTCC1Nov	0	1	0	0	0	0	0	0	0	0	0	0	0	191	0	0	0	0	0	0	0	0	0	0	0	0	0	0	0	0	0	0	0	0	0	0	0	0	0	0	0	0	0	0	0	0	0	0	0	0	0	0	0	0	0	0	0	0	0	0	0	0	0	0	0	0	0	0	0	0	0	0	0	0	0	0	0	0	0	0	0	0	0	0	0	0	0	0	0	0	0	0	0	0	0	0	0	0	0	0	0	0	0	0	0	0	0	0	0	0	0	0	0	0	0	0	0	0	0	0	0	0	0	0	0	0	0	0	0	0	0	0	0	0	0	1	0	0	0	0	0	0	0	0	0	0	0	0	0	0	0	0	165	0	83	11	2	0	47826
LTCC2Aug	4	2	0	0	0	0	0	0	1	0	0	0	4	0	0	4	0	4	0	0	0	0	0	0	0	0	43	0	0	0	0	0	0	0	0	0	0	6	0	0	0	0	0	0	0	1	0	0	7	0	0	1	0	0	0	2	0	0	0	0	0	0	3	0	0	15	0	0	0	0	0	0	0	3	0	0	0	1	0	1	0	0	0	3	3	0	0	0	0	1	0	2	1	0	0	154	0	0	0	0	0	0	6	0	542	2	5	604	0	0	0	1	0	0	1586	8	0	4	0	4	0	4	4	7	0	7	0	5	4	0	4	2	1	466	1167	2	1	17	4	0	1328	1	6	0	3404	8	439	11	0	28	0	267	3	0	22	0	3474	0	34566
LTCC2Feb	0	0	0	2	0	0	0	0	2	0	3	0	0	0	0	0	0	0	0	3	0	2	0	0	0	0	0	0	0	3	4	0	0	0	0	2	0	0	0	0	0	6	1	0	0	0	0	0	0	0	0	0	0	0	8	0	0	0	4	8	0	343	0	7	1	0	0	0	2	0	0	0	0	0	0	0	525	0	0	0	1	0	0	0	1	0	0	0	0	5	0	0	6	0	0	0	0	3	0	322	0	7	0	0	375	4	0	7	0	9	289	0	0	4	3	7	3	1	0	4	0	3	0	17	0	3	464	2	0	6	0	755	5696	351	2	23	0	0	45	451	0	2480	3	3096	690	0	163	10	7358	5	2274	670	0	7664	8050	11	139	0	5872
LTCC2May	0	45	0	0	0	0	0	0	0	0	0	0	0	0	0	0	0	0	0	0	0	0	0	0	0	0	0	0	0	0	0	0	0	0	0	0	0	0	0	0	7904	0	0	0	0	0	0	0	0	0	0	0	0	0	0	0	0	0	0	0	3545	0	0	0	0	0	0	1	0	0	0	0	0	0	0	0	0	0	0	0	0	0	0	0	0	0	0	0	2	36	0	0	0	2	0	0	0	0	0	0	0	43	0	0	20	0	1	0	0	56	0	3	0	0	0	0	172	0	0	0	0	41	0	0	0	1	0	87	0	2	40	0	1465	2	48	1	0	0	0	150	0	0	0	96	1	0	177	897	0	343	0	267	189	0	0	510	5407	4841	21885
LTCC2Nov	0	0	0	0	0	0	0	0	0	0	0	0	0	8	0	0	0	0	1	0	0	0	0	0	0	0	0	0	0	0	0	0	0	0	0	0	0	0	0	0	0	0	0	0	0	10	0	0	0	0	0	0	0	0	0	0	0	0	0	0	0	0	0	0	0	0	0	0	0	0	8	0	0	0	0	5	0	0	0	0	0	0	0	0	0	0	0	0	0	0	0	0	99	0	0	0	36	0	0	0	0	0	0	0	0	0	0	14	0	0	0	0	0	0	0	0	0	34	0	0	0	0	0	0	1	17	0	0	6	0	0	21	0	0	0	1	5	0	0	0	86	0	0	10	24	0	0	0	0	6	3	63	21	9	7	3120	16430	2	28233
LTCC3Aug	8	4	0	0	0	3	0	0	0	0	0	0	7	13	0	16	0	9	0	0	0	0	0	0	0	0	12	0	0	0	0	0	0	0	127	0	0	23	0	19	0	0	0	0	0	3	0	0	24	0	0	0	0	0	0	4	0	0	0	0	3	0	10	0	27	39	0	0	0	0	0	0	0	2	0	0	0	124	0	316	0	0	80	403	7	0	0	0	0	7	0	8	4	0	2	3	0	0	0	0	0	0	19	0	118	8	15	12	77	0	0	44	151	3	166	29	0	9	0	34	0	65	9	3	0	133	0	15	125	2	24	1	2	191	133	16	0	37	7	9	27	225	367	73	2637	292	555	1410	0	371	1	657	154	94	39	0	4974	18	33622
LTCC3Feb	0	0	0	185	0	0	0	0	2	0	1	0	0	2	0	0	0	0	0	3	0	5	0	0	0	0	0	0	0	433	4	0	0	0	0	1	0	0	0	0	0	4	4	0	0	0	0	0	0	0	0	0	0	0	5	0	0	0	0	8	146	1	0	10	0	0	1	0	0	0	0	0	0	0	0	0	306	0	0	0	0	0	0	0	1	0	0	0	0	353	0	0	2	0	0	0	0	26	0	2171	0	323	0	0	9	0	10	18	0	8	1	0	0	0	145	0	4	0	0	468	13	5	0	4	34	309	1717	1	0	240	0	11	22	0	199	0	0	0	50	9	1	440	0	1669	120	0	455	0	9644	971	2385	440	4	7278	11884	12	378	0	5325
LTCC3May	1	1	0	0	0	0	0	0	0	0	0	0	0	0	0	0	0	0	0	0	0	0	0	0	0	0	0	0	0	0	0	0	0	0	0	0	0	2	5	0	0	0	0	0	0	0	0	0	25	0	0	2094	0	0	0	1	0	0	0	0	0	0	0	4	0	0	0	0	0	0	0	0	0	0	0	0	0	4	0	0	0	0	0	0	0	0	0	0	0	0	0	5	1	0	0	0	0	0	0	0	0	0	0	0	1662	0	2	1170	0	0	0	0	0	0	0	57	0	192	0	0	0	0	0	716	0	0	0	0	778	0	176	0	1118	129	7	766	5	4	2	0	0	1130	1212	2199	1320	0	11	1	0	3912	10	1348	1	0	1085	1	17659	0	9464
LTCC3Nov	0	6	0	0	0	0	0	0	0	0	0	0	0	29	0	0	0	0	0	0	0	0	0	0	0	0	0	85	0	0	0	0	0	0	0	0	0	0	0	0	0	0	0	0	0	0	0	0	0	0	0	0	0	0	0	0	0	0	0	0	0	0	0	0	0	0	0	0	0	0	0	0	0	0	0	0	0	0	0	0	0	0	0	0	0	0	0	0	0	0	0	0	0	0	0	0	78	0	0	0	0	0	0	0	34	0	249	0	0	25	0	2	0	0	0	0	0	0	0	0	0	0	0	0	0	43	0	48	0	0	0	1	0	146	78	769	1	489	31	0	0	62	0	0	0	0	298	4874	0	0	25	4502	1021	178	0	3935	2187	10442	18642
LTCMW1Aug	0	2	0	0	0	0	0	0	0	0	0	0	4	0	0	12	0	4	0	0	0	0	0	0	0	4	2	0	0	0	0	0	0	0	0	0	0	16	1	0	0	0	0	0	0	263	0	0	10	0	0	0	0	0	0	112	0	0	0	0	0	0	1	0	3	23	0	0	0	0	0	0	0	1	0	0	0	8	0	1	0	0	0	1	111	0	0	0	0	0	0	5	5	0	0	2	0	0	0	0	7	0	2	0	3	10	5	487	0	0	0	3	46	3	37	5	5	4	0	2	0	7	2	466	0	6	0	6	2	0	18	131	2	166	140	8	1	28	4	0	6	0	86	4	694	7	15934	1200	0	25	58	17576	1	1	35	1	1970	11	8474
LTCMW1Feb	0	0	0	3	0	0	0	0	1	0	4	0	0	1	0	0	0	0	0	2043	0	4	0	0	0	0	0	0	0	10	2682	0	0	0	0	3	0	0	0	0	0	13	8	2	0	0	0	0	0	0	0	0	0	0	7	0	13	0	0	14	2	1	0	5	1	0	2	0	1	0	0	0	0	0	0	0	18	0	0	0	0	0	0	0	0	0	0	0	0	18	0	0	9	0	0	0	0	5	0	22	0	9	0	0	15	0	9	23	0	16	4	0	0	0	2	0	10	0	0	10	0	2	0	3	1	4	26	0	25	9	0	14	87	2	7	69	0	0	5187	187	0	82	0	808	66	0	3231	19	463	22	8985	5638	0	5968	7800	15	590	0	3980
LTCMW1May	0	12	0	0	0	0	0	0	0	0	0	0	0	10	0	0	0	0	0	0	0	0	0	0	0	0	0	0	0	0	0	0	0	0	0	0	0	0	0	0	112	0	0	0	0	0	0	0	0	0	0	0	0	0	0	0	0	0	0	0	34	0	0	0	0	0	0	0	0	0	0	0	0	0	0	0	0	0	0	0	0	0	0	0	0	0	0	0	0	28	0	0	0	2	0	0	0	0	0	0	0	70	0	0	28	0	0	0	0	3493	0	2	2	0	0	0	263	0	0	0	0	60	0	2	0	0	0	1006	0	0	89	0	26	0	126	39	0	3	36	220	0	0	0	142	0	0	5701	1138	0	80	0	12738	1903	13	0	5225	5572	5362	4743
LTCMW1Nov	0	0	0	0	0	0	0	0	0	0	0	0	0	0	0	0	0	0	0	0	0	0	0	0	0	0	0	0	0	0	0	0	0	0	0	0	0	0	11	0	0	0	2699	0	0	0	0	0	0	0	0	0	0	0	0	0	0	0	0	0	0	0	0	0	2608	0	0	0	0	0	0	0	0	0	0	0	0	0	0	0	0	0	0	0	0	0	0	0	0	0	0	0	0	0	0	0	0	0	0	0	0	0	0	0	0	0	0	0	0	0	0	0	0	0	0	0	0	0	0	0	0	0	0	0	0	0	0	0	0	0	0	0	0	3	0	25	0	0	0	0	18350	0	0	2	2	0	4413	1	0	0	0	8740	0	0	0	0	11401	0	25
LTCMW2Aug	0	0	0	0	0	0	0	0	0	0	0	0	4	0	0	6	0	3	0	0	0	0	0	0	0	0	0	0	0	0	0	0	0	0	0	1	0	9	0	0	0	0	0	0	0	1	0	0	6	0	0	0	0	0	0	0	0	0	0	0	0	0	4	0	0	21	0	0	0	0	0	0	0	1	0	0	0	360	0	1	0	0	0	4	3	0	0	0	0	0	0	1	3	0	1	2	0	0	0	0	0	0	2	0	3	0	0	11	0	0	0	2	1	3	28	4	0	811	0	1	0	3	3	1	0	5	0	4	7	1	11	0	536	18	11	3	0	736	0	0	6	3	12	0	7189	0	8534	1680	0	55	0	19309	3	1	25	0	3759	0	5068
LTCMW2Feb	0	0	0	3	0	0	0	0	4	0	7	0	0	0	0	0	0	0	0	6	0	1158	0	0	7	0	0	0	0	17	23	0	0	0	0	117	0	0	0	0	0	1897	3	0	0	0	0	0	0	0	43	0	24	0	37	0	0	0	0	27	2	0	0	9	2	0	0	0	0	0	0	0	0	0	0	0	13	15	0	0	0	0	11	0	15	0	0	0	0	18	0	0	1144	0	3	0	0	3	0	25	7	123	0	0	17	0	13	1450	0	14	220	0	0	0	3	0	5	0	0	68	12	6	0	5	0	38	144	0	5	7	0	12	47	5	29	3	8	0	95	296	0	97	1	642	204	3	10132	69	1960	211	5012	2450	0	6424	8403	115	2396	0	2896
LTCMW2May	0	1	0	0	0	0	0	0	0	0	0	0	0	57	0	0	0	0	0	0	0	0	0	0	0	0	0	59	0	0	0	0	0	0	0	0	0	0	0	0	114	0	0	1	0	0	0	0	0	0	0	0	0	0	0	0	0	0	0	0	46	0	0	0	0	0	0	1	0	0	0	0	2	0	0	0	0	0	0	0	0	0	0	0	0	0	0	0	0	48	0	0	0	1	0	0	0	0	0	0	0	98	0	0	41	0	1	0	0	217	0	8	1	0	0	0	168	0	0	0	0	129	0	1	0	42	0	464	0	1	32	0	27	0	244	213	0	2	0	143	0	90	1	211	1	0	785	225	0	2169	0	2775	4122	6	1	13067	576	18244	3845
LTCMW2Nov	0	0	0	0	0	0	0	0	0	0	0	0	0	0	0	0	0	0	576	0	0	0	0	0	0	0	335	0	0	0	0	0	0	0	0	0	0	0	0	0	0	0	0	0	0	925	0	0	0	0	0	0	0	0	0	0	0	0	0	0	0	0	0	0	0	0	0	0	0	0	1905	0	0	0	0	0	0	0	0	0	0	0	0	0	0	0	0	0	0	0	0	0	0	0	0	0	0	0	0	0	0	0	0	0	0	0	0	1629	0	0	0	0	3	0	34	0	0	4407	0	0	0	0	0	0	0	16	0	0	1127	0	0	4278	0	0	0	1	1562	0	0	0	13533	0	0	869	25	0	0	0	0	720	567	8616	3	0	0	0	5785	14	1350
LTCMW3Aug	4	1	0	0	0	0	0	0	0	0	0	5	0	2	17	3	0	0	0	0	0	0	3063	5	0	0	0	0	0	0	0	0	0	0	0	0	0	42	0	0	0	0	0	35	0	1	0	0	10	90	0	0	0	0	0	2	0	0	0	0	0	6	0	1	1	6	0	0	0	0	0	0	0	0	0	0	0	2	0	0	0	0	1	0	0	1	0	0	0	0	0	0	0	0	0	0	0	0	0	0	6	0	0	0	1	2	4	20	0	0	0	0	0	2	78	5	1	453	0	0	0	5	14	68	0	2	0	0	3	0	113	0	0	8	1073	3	67	16	0	0	0	0	0	0	4209	104	7	2564	0	4	124	14	2	4	2	4	4207	0	31793
LTCMW3Feb	0	0	0	1	0	0	0	0	1	0	5	0	0	0	0	0	0	0	0	3	0	4	0	0	0	0	0	0	0	3	9	0	0	0	0	2	0	0	0	0	0	7	188	1	0	0	0	0	0	0	0	0	0	0	6	0	0	0	0	21	0	0	0	8	2	0	0	0	93	0	0	0	0	0	0	0	7	0	0	0	0	0	0	0	1	0	0	0	0	2178	0	0	3	13	0	0	0	8	0	16	0	11	0	0	6	0	928	1421	0	1378	6	1	0	0	0	0	5	0	0	8	0	2	0	3	0	4	23	0	0	2	12	5	26	2	32	1	0	0	6305	8	0	34	0	525	26	0	11097	80	503	406	2646	4463	0	5833	6175	12	288	0	3423
LTCMW3May	0	20	0	0	0	0	0	0	0	0	0	0	0	0	0	0	0	0	0	0	0	0	0	0	0	0	0	0	0	0	0	0	0	0	0	0	0	0	0	0	57	0	0	0	0	0	0	0	0	0	0	0	0	0	0	0	0	0	0	0	13	0	0	0	0	0	0	0	0	0	0	0	0	0	0	0	0	0	0	0	0	0	0	0	0	0	0	0	1	20	0	0	0	0	0	0	0	0	0	0	0	30	0	0	88	0	1	0	0	44	0	3	1	0	0	0	77	0	0	0	0	24	0	2	0	0	0	52	0	0	13	0	5	0	19	0	0	1	0	48	0	0	0	64	0	1	9479	50	0	17	19	10999	142	2	0	10270	10155	520	6043
LTCMW3Nov	0	1	0	0	0	0	0	0	0	0	0	0	0	35	0	0	0	0	0	0	0	0	0	0	0	0	0	1522	0	0	0	0	0	0	0	0	0	0	0	0	0	0	0	0	0	0	0	0	0	0	0	0	0	0	0	0	0	0	0	0	0	0	0	0	0	0	0	0	0	0	0	0	0	0	0	0	0	0	0	0	0	0	0	0	0	0	0	0	0	0	0	0	0	1	0	0	0	0	0	0	0	0	0	0	37	0	110	0	0	0	0	0	0	0	0	0	0	0	0	0	0	0	0	1	0	348	0	15	0	0	0	0	0	80	1775	6948	0	697	0	0	0	339	0	1	0	0	4	285	0	9	13	1967	7858	165	0	1705	647	13724	9993
LTPC1Aug	0	0	1	0	1	0	0	0	0	0	0	0	0	3	0	0	0	4	0	0	0	0	23	0	0	0	0	0	0	0	0	0	0	0	0	0	0	23	0	0	0	0	0	1449	0	0	0	0	0	6305	0	0	0	0	0	1	0	0	0	0	3	0	0	0	0	0	0	0	0	0	0	0	0	0	0	0	0	0	0	0	0	0	0	0	0	0	0	0	0	0	0	0	0	0	0	0	0	0	0	0	0	0	0	0	0	0	0	1023	0	0	0	0	0	0	46	0	0	2152	1	0	0	0	0	4043	0	0	0	10	1	0	1081	0	0	57	262	7	10572	8	0	0	0	1	0	0	686	5	9	1053	0	23	1	20	5	0	15	0	4180	0	15206
LTPC1Feb	0	0	0	0	0	0	0	0	3	0	1	0	0	0	0	0	0	0	0	5	0	5	0	0	0	0	0	0	0	11	1	0	0	0	0	1	0	0	0	0	0	4	6	0	0	0	0	0	0	0	0	0	0	0	10	0	0	0	0	21	0	0	0	4	0	0	0	0	0	32	0	0	0	0	0	0	8	0	0	0	0	0	1	0	1	0	0	0	0	10	0	0	3	0	5	0	0	4	0	23	0	12	0	0	6	0	8	43	0	8	2	0	0	0	1	0	3	0	0	4	0	2397	0	3	0	2	323	0	0	7	0	1127	25	14	1460	1	0	0	12571	2	0	342	4	7598	1496	0	65	0	141	1577	6702	42	0	189	985	2865	173	0	7923
LTPC1May	2	0	1	0	0	0	0	0	0	0	0	0	0	0	0	1	0	0	0	0	0	0	0	0	0	4	0	0	0	0	0	0	0	0	0	0	0	0	1791	0	0	0	0	0	0	6	0	0	0	0	0	41	0	0	0	59	0	0	0	0	0	0	0	0	0	0	0	0	0	0	0	0	0	0	0	0	0	0	0	0	0	0	0	0	1	0	0	0	0	0	0	0	0	0	0	0	0	0	0	0	4	0	0	0	105	0	0	90	0	0	0	0	31	0	1	2	8	72	0	0	0	0	0	56	0	0	0	0	5	0	0	0	11	7277	2	42	0	0	0	0	0	16	316	3569	102	1	2186	27	0	138	26	3271	1	1	36	0	9519	8	19451
LTPC1Nov	0	0	0	0	0	0	0	0	0	0	0	0	0	0	0	0	0	0	0	0	2	0	0	0	0	0	0	0	0	0	0	0	0	0	0	7	0	0	0	0	0	0	0	0	0	0	4248	0	0	0	0	0	0	0	0	0	0	0	0	0	0	0	0	0	0	0	0	0	0	0	0	0	0	0	0	0	0	0	0	0	0	0	0	1	0	0	95	0	0	0	0	0	0	0	1	103	0	0	0	0	1	0	166	117	0	89	0	0	61	0	0	0	0	0	24	0	0	0	0	81	0	0	2	0	0	0	0	0	0	24	25	0	0	15	0	5	2820	0	0	0	0	0	221	64	144	41	0	87	0	0	0	0	0	0	0	0	326	251	39259
LTPC2Aug	2	0	0	0	0	0	0	0	0	0	0	0	0	0	0	0	0	0	0	0	0	0	23	0	0	0	0	0	0	0	0	0	0	0	0	0	0	0	0	0	0	0	0	0	0	0	0	0	26	77	0	22	0	0	0	2	0	0	0	0	0	0	1	62	0	0	0	0	0	0	0	0	0	0	0	0	0	78	0	0	0	0	0	0	0	0	0	0	0	0	0	9	1	0	0	0	0	0	0	0	0	0	0	0	0	0	1	33	0	0	0	0	0	0	1612	6	0	3780	0	1	0	0	0	81	0	0	0	0	3	0	5	0	0	33	5284	6	389	7	11	0	0	47	2	2	2810	0	1	46	0	6	1	8	0	0	8	1	1539	0	32254
LTPC2May	0	18	0	0	0	0	452	0	0	0	0	0	0	16	0	0	0	0	0	0	0	0	0	0	0	0	0	0	0	0	0	0	0	19	0	2	0	0	0	0	0	0	0	0	0	0	0	0	0	0	0	0	0	0	0	0	0	0	0	0	0	0	0	0	0	0	0	1881	0	0	0	0	76	0	0	0	0	0	0	0	0	0	0	0	0	0	0	0	0	4	0	0	0	0	0	0	58	0	0	0	0	5	0	0	2	0	0	0	0	38	0	44	0	0	0	0	0	0	0	0	0	12	0	0	0	293	0	500	0	102	0	0	0	0	1311	195	45	149	51	0	0	156	943	2706	2084	32	6	2446	0	212	0	3906	1717	69	66	4038	8464	4062	12100
LTPC2Nov	0	12	0	0	0	0	1	0	0	0	0	0	0	0	0	0	0	0	0	0	0	0	0	0	0	0	0	7	0	0	0	0	0	0	0	0	0	0	0	0	0	0	0	0	0	0	0	0	0	0	0	0	0	0	0	0	0	0	0	0	0	0	0	0	0	0	0	0	0	0	0	0	0	0	0	0	0	0	0	0	0	0	0	0	0	0	0	0	0	0	0	0	0	0	0	0	0	0	0	0	0	0	0	0	1717	0	53	0	0	0	0	0	0	0	0	0	1	0	0	0	0	0	0	0	0	17	0	0	0	0	0	0	0	31	2	76	0	207	0	0	0	26	0	0	0	0	415	62	0	0	654	8939	28	100	0	3495	6259	263	25915
LTPC3Aug	3	0	0	0	0	0	0	0	0	0	0	0	0	18	1	0	0	0	0	0	0	0	85	0	0	0	0	0	0	0	0	0	0	0	0	0	0	0	0	0	0	0	0	7	0	0	0	0	1	99	0	1	0	0	0	3	0	0	0	0	0	0	0	1	0	0	1	0	0	0	0	0	0	0	0	0	0	0	0	0	0	0	2	2	0	2	0	0	0	14	0	0	0	0	4	0	0	4	0	0	8	0	0	0	0	0	0	39	0	0	0	0	1	0	2910	0	15	118	5	1	0	0	0	74	0	3	0	0	6	1	26	0	0	18	2764	7	81	1	0	0	2	18	4	0	11866	1	21	278	0	12	45	53	24	0	19	205	5581	1	23824
LTPC3Feb	0	0	0	2	0	0	0	0	1	918	0	0	0	0	0	0	0	0	0	0	0	1	0	0	23	0	0	0	0	2	0	0	0	0	0	1	0	0	1776	0	0	0	0	1522	0	0	0	0	0	0	30	0	16	7	12	0	53	0	0	10	4	9	0	0	0	0	3	0	1	0	0	0	0	0	0	0	7	0	0	0	0	0	0	0	0	0	0	0	0	5	0	0	0	0	13	0	0	4	0	10	21	3	0	0	0	0	0	12	0	11	177	0	0	0	1	0	0	0	0	89	14	0	0	6	0	0	398	4	0	2	5	0	0	0	1794	13	8	0	8646	333	0	130	244	643	11	20	1377	176	202	104	6647	8	4	1047	955	3380	317	0	17048
LTPC3May	331	16	1	0	0	0	0	0	0	0	0	5	0	1	22	7	0	0	0	0	0	0	4	9	0	46	3	0	0	0	0	0	0	0	128	3	0	47	0	21	0	0	0	0	0	0	0	5	73	1	0	0	0	0	0	301	28	0	0	0	1	1384	0	115	3	19	8	0	0	0	0	0	0	0	0	0	0	0	0	0	0	0	0	0	0	147	0	0	0	0	0	0	0	0	3	0	0	0	0	0	5869	0	5	0	6	39	6	0	0	0	0	3	98	3	4	17	512	12	122	1	0	17	19	0	0	3	0	0	469	0	217	0	0	58	132	75	0	11	0	52	2	1	433	0	1024	6328	90	192	0	5535	191	466	308	1902	256	189	6150	243	14488
LTPC3Nov	0	0	0	0	0	0	0	0	0	0	0	0	0	0	0	0	0	0	0	0	0	0	0	0	0	0	0	0	0	0	0	0	0	0	0	0	0	0	0	0	0	0	0	0	0	0	0	0	0	0	0	0	0	0	0	0	0	0	0	0	0	0	0	0	0	0	0	0	0	0	0	0	0	0	0	0	0	0	0	0	0	0	0	0	0	0	0	0	0	0	0	0	0	0	0	0	0	0	0	0	0	0	0	0	0	0	0	0	0	0	0	0	0	0	0	0	0	0	0	0	0	0	0	0	3	0	0	0	0	0	0	0	0	0	0	0	0	0	0	0	0	0	0	0	0	0	0	0	0	0	0	0	18	8	21	26	48184	0	20
SKBlu1Aug	0	0	0	0	0	0	0	0	0	0	0	0	0	0	0	0	0	0	0	0	0	0	0	0	0	0	0	0	0	0	0	5	1	0	0	1	0	0	0	0	0	0	0	0	0	0	0	0	0	0	0	0	0	0	0	0	0	0	0	0	0	0	0	0	0	0	0	0	0	0	0	0	0	0	0	4	0	0	16	0	0	3	0	6	0	0	0	0	0	0	30	7	0	0	4241	0	0	0	17	0	13	0	42	0	0	26	11	0	0	0	0	0	0	0	7	1665	10	0	0	0	0	0	22	29	0	0	0	0	15	10	3	0	0	0	2	20	4456	0	0	0	0	0	5	0	0	2594	0	5	0	25	0	0	0	0	0	0	34	34838	117
SKBlu1Feb	0	0	0	0	0	0	0	0	0	2	0	0	0	0	0	0	0	0	0	0	0	1	0	0	868	0	0	0	0	0	0	0	0	0	0	0	0	0	9	0	0	0	0	0	0	0	0	0	0	0	1588	0	1630	0	0	0	4	0	0	0	0	0	0	0	0	0	0	0	0	0	0	0	0	0	0	0	0	16	0	0	0	0	16	0	3	0	0	0	0	0	0	0	1	0	439	0	0	0	0	0	551	0	0	0	0	0	0	14	0	0	7117	0	0	0	0	0	0	0	0	1923	1	0	0	0	0	0	42	0	1	0	0	0	0	0	11	2	1011	0	27	7483	0	6	955	1397	1	672	57	2109	9	1019	6221	5	0	2960	1945	2026	21	0	6117
SKBlu1May	0	27	0	0	0	0	14	0	0	0	0	0	0	1	0	0	0	0	0	0	0	0	0	0	0	0	0	0	0	0	0	0	0	16	0	39	0	0	0	0	0	0	0	0	0	0	0	0	0	0	0	0	0	0	0	0	0	0	0	0	0	0	0	0	0	0	0	42	0	0	0	0	1946	0	0	0	0	0	0	0	0	0	0	0	0	0	0	0	26	0	0	0	0	61	0	0	0	0	0	0	0	0	0	0	0	0	0	0	0	26	0	27	37	0	0	0	0	0	0	0	0	0	0	55	0	1062	0	67	0	158	0	31	0	0	21	93	767	0	19	1	0	202	139	65	68	24	5	1659	0	557	0	344	217	87	1955	408	1859	25625	10530
SKBlu1Nov	0	8	0	0	0	0	0	0	0	0	0	0	0	1	0	0	0	0	0	0	0	0	0	0	0	0	0	0	0	0	0	0	0	0	0	1	0	0	0	0	0	0	0	0	0	0	0	0	0	0	0	0	0	0	0	0	0	0	0	0	0	0	0	0	0	0	0	0	0	0	0	0	51	0	0	0	0	0	0	0	0	0	0	0	0	0	0	0	228	0	0	0	0	205	0	0	0	0	0	0	0	0	0	0	0	0	0	0	0	0	0	0	147	0	0	0	0	0	0	0	0	0	0	353	0	16	0	1	0	0	0	5297	0	0	0	2	21	0	1	0	0	24	165	1	0	0	1	909	0	406	0	0	40	84	45	93	6475	4146	29559
SKBlu2Aug	0	0	0	0	0	0	0	0	0	0	0	0	0	0	0	0	0	0	0	0	0	0	0	0	0	0	0	0	723	0	0	756	6	0	0	1	0	0	0	0	0	0	0	0	0	0	0	0	0	0	0	0	0	0	0	0	0	0	0	0	0	0	0	0	7	0	13	0	0	0	0	0	0	0	0	1010	0	0	1992	0	0	8	0	2285	0	0	18	0	0	0	2716	488	0	0	19	13	0	0	28	0	1853	0	0	26	0	12	786	0	0	0	0	0	0	0	25	4	22	0	0	12	0	0	3311	1587	0	0	0	0	1521	7	149	0	0	0	581	932	7	0	0	0	0	0	1451	0	3	19	0	1667	0	3002	0	0	0	0	0	0	3311	10084	7825
SKBlu2Feb	0	0	0	0	0	0	0	0	0	6	0	0	0	0	0	0	0	0	0	0	0	0	0	0	15	0	0	0	0	0	0	0	0	0	0	0	0	0	21	0	0	0	35	0	0	0	0	0	0	0	24	0	22	0	0	0	50	0	0	0	0	0	0	0	0	0	0	0	0	0	0	0	0	0	0	0	0	0	0	0	0	0	0	0	0	0	0	0	0	10	0	0	0	49	14	0	0	0	0	0	24	0	0	0	0	0	8	98	0	38	199	7	0	0	0	0	0	0	0	41	0	0	0	0	0	0	60	0	0	0	46	0	0	0	122	7	7	0	1510	229	0	23	134	158	0	15	674	12907	1	233	21621	144	0	521	422	141	296	0	8348
SKBlu2May	177	3	0	0	0	3	0	0	0	0	0	0	0	3	0	0	0	0	0	0	0	0	0	0	0	13	1	0	0	0	0	0	0	0	2965	0	0	0	0	1905	0	0	0	0	0	0	0	0	1	0	0	0	0	0	0	137	6	0	0	0	0	1	0	34	2	0	2	0	0	0	0	0	0	0	0	0	0	1	0	7	0	0	1	1	0	5	0	0	0	0	0	0	0	0	0	0	0	0	0	0	56	0	0	0	1	0	0	0	0	0	0	0	2030	0	0	2	32	0	15	0	0	0	0	0	0	1	0	0	1357	0	4	0	0	10	11	38	0	0	0	2046	0	2	6354	0	287	6795	9	2527	0	1511	4	24	388	6	22	37	4305	4653	10485
SKBlu2Nov	0	11	0	0	0	0	0	0	0	0	0	0	0	62	0	0	0	0	0	0	0	0	0	0	0	0	0	0	0	0	0	0	0	8	0	0	0	0	0	0	0	0	0	0	0	0	0	0	0	0	0	0	0	0	0	0	0	0	0	0	0	0	0	0	0	0	0	1	0	0	0	0	0	0	0	0	0	0	0	0	0	0	0	0	0	0	0	0	198	1	0	0	0	168	0	0	0	0	0	0	0	0	0	0	0	0	56	0	0	0	0	23	142	0	0	0	50	0	0	0	0	0	0	409	0	0	0	0	0	178	23	479	0	50	47	27	31	3	1	71	0	1	116	0	0	27	0	453	0	7017	0	12	5200	0	0	4507	10606	994	17308
SKBlu3Aug	0	0	0	0	0	0	0	1	0	0	0	0	0	0	0	0	0	0	0	0	0	0	0	0	0	0	0	0	0	0	0	0	0	0	0	0	1644	0	0	0	0	0	0	0	0	0	0	0	0	0	0	0	0	0	0	0	0	0	0	0	0	0	0	0	0	0	0	0	0	0	0	0	0	0	5	0	0	0	0	7	1	0	0	0	0	3123	0	0	0	0	0	0	2	0	260	0	4569	0	0	0	0	0	0	0	0	0	1543	0	0	0	0	0	4410	5	1398	283	0	0	0	0	0	0	0	0	0	0	0	0	0	0	0	0	0	0	0	201	0	0	0	0	0	2	0	0	0	0	0	0	0	4	0	6	5	0	0	0	6337	19982	4492
SKBlu3Feb	0	0	0	0	0	0	0	0	0	4	0	0	0	0	0	0	0	0	0	0	0	0	0	0	10	0	0	0	0	0	0	0	0	0	0	0	0	0	11	0	0	0	0	0	0	0	0	0	0	0	14	0	15	0	0	0	15	0	0	0	0	0	0	0	0	0	0	0	0	17	0	0	0	0	0	0	0	0	0	0	0	0	0	0	0	0	0	0	0	0	0	0	0	0	1979	0	0	0	0	0	13	0	0	0	0	0	0	1	0	1	68	0	0	0	0	0	0	0	0	14	0	10	0	1	0	0	15493	0	0	0	1	4	0	7	54	753	11	0	1341	64	0	102	7874	665	7	9	18	50	1	37	12567	0	0	30	80	323	4194	0	2422
SKBlu3May	106	5	1	0	0	0	0	0	0	0	0	0	0	0	0	0	0	0	0	0	0	0	0	0	0	3175	0	0	0	0	0	0	0	0	36	0	0	0	2	7	0	0	0	0	0	10	0	0	1	1	0	1	0	0	0	4667	16	0	0	0	0	4	0	24	1	0	1	0	0	0	0	0	0	0	0	0	0	0	0	0	0	0	0	0	0	24	0	0	0	0	0	0	0	0	1	0	0	0	0	0	2060	0	0	0	0	0	0	5	0	0	0	0	3042	0	2	0	2262	0	15	0	0	0	0	3	0	0	0	0	9	0	3	0	0	49	7	100	0	0	0	7	0	0	6539	6	255	51	811	120	0	351	11	3982	34	33	40	98	2404	6109	11789
SKBlu3Nov	0	1	0	0	0	0	0	0	0	0	0	0	0	0	0	0	0	0	0	0	0	0	0	0	0	0	0	0	0	0	0	0	0	0	0	0	0	0	0	0	0	0	0	0	0	0	0	0	0	0	0	0	0	0	0	0	0	0	0	0	0	0	0	0	0	0	0	0	0	0	0	0	0	0	0	0	0	0	0	0	0	0	0	0	0	0	0	0	8512	0	0	0	0	7279	0	0	0	0	0	0	0	0	0	0	0	0	0	0	0	0	0	0	4142	0	0	0	0	0	0	0	0	0	0	10126	0	0	0	0	0	0	0	33	0	0	0	0	0	1	0	0	0	0	3969	0	1	0	0	49	0	43	0	2	10	0	0	9	76	73	13954
SKLKW1Aug	0	0	0	0	0	0	0	0	0	0	0	0	0	0	0	0	0	0	0	0	0	0	0	0	0	0	0	0	3	0	0	5	1	0	0	172	0	0	0	0	0	0	0	0	0	0	1	0	0	0	0	0	0	0	0	0	0	0	0	0	0	0	0	0	0	0	0	0	0	0	0	0	0	0	0	7	0	0	17	0	0	7	0	5	0	0	0	0	0	0	28	7	0	0	6	0	0	0	12	0	19	0	0	0	0	3023	7	0	0	0	0	0	0	0	5	4	11	0	0	0	0	0	16	8	0	0	0	0	15	2978	1	0	0	0	1	313	24	0	0	0	0	0	6	0	0	1658	0	16	0	29	0	0	0	0	0	0	39	37107	2729
SKLKW1Feb	0	0	0	0	1	0	0	0	0	23	0	0	0	0	0	0	0	0	0	0	0	0	0	0	36	0	0	0	0	0	0	0	0	0	0	0	0	0	41	0	0	0	0	0	0	0	0	3	0	0	35	0	39	0	0	0	114	0	36	0	0	20	0	0	0	0	0	0	2	0	0	0	0	4	0	0	23	0	0	0	2	0	0	0	0	0	0	0	0	0	0	0	10	0	22	0	0	0	0	7	38	0	0	0	1	5	0	0	0	0	716	0	0	7	0	17	11	14	0	76	0	0	0	48	0	0	277	21	0	0	0	5	19	19	34	141	18	0	190	1011	0	4631	18960	1242	7	31	122	486	384	41	9342	46	0	1840	1256	291	357	0	6158
SKLKW1May	65	4	3	0	0	0	0	0	0	0	0	0	2	0	0	0	0	4	0	0	0	0	0	0	0	9	2	0	0	0	0	0	0	0	40	0	0	9	0	10	0	0	0	4	0	0	0	0	0	43	0	0	0	0	0	65	1157	0	0	0	6	2	0	30	0	0	3	0	0	0	0	0	0	0	0	0	0	1	0	0	0	0	0	0	0	39	0	0	0	0	0	0	0	0	5	0	0	0	0	0	75	0	0	0	0	0	0	1	0	0	0	0	42	0	0	1	77	2	72	0	0	0	0	3	0	0	0	3	179	0	70	0	0	248	1089	253	33	1	0	21	0	0	290	0	3432	221	139	54	1	32947	13	240	1492	15	400	158	1991	101	3113
SKLKW1Nov	0	0	0	0	0	0	0	0	0	0	0	0	0	0	0	0	0	0	0	0	3	0	0	0	0	0	0	0	0	0	0	0	0	0	0	0	0	0	0	0	0	0	0	0	0	0	19	0	0	0	0	0	0	0	0	0	0	0	0	0	0	0	0	0	0	0	0	0	0	0	0	0	0	0	0	0	0	0	0	0	0	0	0	1	0	0	103	0	0	0	0	0	0	0	130	112	0	0	0	0	0	0	45066	133	0	0	0	0	70	0	0	0	0	0	32	45	0	0	0	103	0	0	1	0	0	0	0	0	0	0	25	0	0	38	0	1	451	0	0	0	0	0	294	68	114	89	0	81	0	0	0	0	0	0	0	0	357	166	778
SKLKW2Aug	0	0	0	0	0	0	0	0	0	0	0	0	0	0	0	0	0	0	0	0	0	0	0	0	0	0	0	0	1	0	0	7	621	0	0	1	0	0	0	0	0	0	0	0	1	0	0	0	0	0	0	0	0	0	0	0	0	0	0	0	0	0	0	0	0	0	10	0	0	0	0	0	0	0	0	7	0	0	24	0	0	2260	0	9	0	0	0	0	0	0	29	1987	0	0	18	0	0	0	3915	0	15	0	0	0	0	3	12	0	0	0	0	0	0	0	730	21	1738	0	0	0	0	0	134	10	0	0	0	0	3154	20	1901	8	0	0	2	15	18	0	0	0	0	0	10	0	0	33	0	10	0	1038	0	0	0	0	0	0	1713	22251	6554
SKLKW2Feb	0	19	0	0	0	0	0	0	0	0	0	0	0	39	0	0	0	0	0	0	0	0	0	0	0	0	0	0	0	0	0	0	0	92	0	0	0	0	0	0	131	0	0	27	0	0	0	0	0	0	0	0	0	0	0	0	0	0	0	0	64	0	0	0	0	0	0	1	0	0	0	0	1	0	0	0	0	0	0	0	0	0	0	0	0	0	0	0	0	34	0	0	0	5	0	0	2	0	0	0	0	83	0	0	30	0	121	0	0	167	0	420	0	0	0	0	9199	0	0	0	0	81	0	2	0	0	0	206	0	144	2354	1	27	78	3174	21	49	2	0	9578	0	3	0	157	1	46	288	96	0	400	0	480	3985	4	4	1367	1991	2174	11132
SKLKW2May	558	18	0	0	0	0	0	0	0	0	0	0	0	1	0	0	0	0	0	0	0	0	0	0	0	59	0	0	0	0	0	0	0	0	89	0	0	1	0	37	0	0	0	0	0	0	0	0	348	1	0	64	0	0	0	525	35	0	0	0	0	5	7	8346	0	0	2	0	0	0	0	0	0	0	0	0	0	167	0	0	0	0	0	0	0	40	0	0	0	0	0	16	3	0	2	0	0	0	0	0	229	0	0	0	5	0	7	12	0	0	0	0	114	0	17	27	122	14	64	5	0	0	0	1	0	2	0	0	302	0	21	0	0	269	139	79	45	6	19	69	0	43	8893	15	1485	279	28	95	1	4449	21	197	134	19	592	224	4030	320	15563
SKLKW2Nov	0	0	0	0	0	0	0	0	0	0	0	0	0	0	0	0	0	0	0	0	3	0	0	0	0	0	0	0	5	0	0	2	0	0	0	0	0	0	0	0	0	0	0	0	0	0	4	0	0	0	0	0	0	0	0	0	0	0	0	0	0	0	0	0	0	0	0	0	0	0	0	0	0	0	0	5	0	0	38	0	0	0	0	64	0	0	4335	0	0	0	15	11	0	0	219	4269	0	0	0	0	21	0	67	7789	0	0	7	0	45	0	0	0	0	0	1872	0	0	0	0	7208	0	0	25	21	0	0	0	0	34	0	5561	0	0	11	9	5	2	0	0	0	0	0	13071	44	91	0	0	230	0	11	0	0	0	0	0	0	857	18	2311
SKLKW3Aug	0	1	0	0	0	0	0	0	0	0	0	0	0	0	0	0	0	0	0	0	0	0	0	0	0	0	0	0	2	0	0	5	101	0	0	0	0	0	0	0	0	0	0	0	0	0	0	0	0	0	0	0	0	0	0	0	0	3	0	0	0	0	0	0	0	0	0	0	0	0	0	0	0	0	0	9	0	0	28	0	0	6	0	9	0	0	0	0	0	0	51	11	0	0	8	0	0	0	21	0	23	0	0	1	0	10	11	0	0	0	0	0	0	0	7	5	2013	0	0	0	0	0	307	17	0	0	0	0	21	37	4	15	0	0	8	17	6	0	0	0	0	0	19	0	0	12	0	16	0	3485	0	0	0	0	0	0	45	26105	15841
SKLKW3Feb	0	0	0	0	0	0	0	0	0	8	0	0	0	0	0	0	0	0	0	88	0	0	0	0	9	0	0	0	0	0	224	0	0	0	0	0	0	0	11	0	0	0	0	16	0	0	0	0	0	0	17	0	11	0	0	0	9253	0	0	0	0	0	0	0	0	0	0	0	0	0	0	0	0	0	0	0	0	0	0	0	0	0	0	0	0	0	0	0	0	0	0	0	0	0	3	0	0	1	0	0	10	0	0	0	0	0	0	1	0	0	97	0	0	0	0	0	0	0	0	24	0	0	0	0	0	0	42	0	16	0	0	0	0	0	7	48	5	0	484	1808	0	14	75	7242	0	9	94	256	1	11	14116	48	0	227	224	75	255	0	13450
SKLKW3May	127	13	52	0	0	0	0	0	0	0	0	0	0	3	0	0	0	0	0	0	0	0	0	0	0	15	0	0	0	0	0	0	0	0	11	0	0	1	0	8	0	0	0	0	0	0	0	0	0	0	0	0	0	0	0	110	3	0	0	0	0	1	0	15	0	0	280	0	0	0	0	0	0	0	0	0	0	1	0	0	0	0	0	0	0	943	0	0	0	0	0	0	0	0	188	0	0	2	0	0	1333	0	0	0	0	0	0	3	0	0	0	0	37	0	23	87	2455	0	2698	0	0	0	0	0	0	1	0	0	2055	1	540	0	0	1012	11	400	0	1	0	18	0	2	3907	0	4961	1264	108	58	1	6851	550	170	3281	7	2386	4815	992	85	6394
SKLKW3Nov	0	0	0	0	0	0	0	0	0	0	0	0	0	0	0	0	0	0	0	0	540	0	0	0	0	0	0	0	0	0	0	0	0	0	0	0	0	0	0	0	0	0	1	0	0	0	2	0	0	0	0	0	0	0	0	0	0	0	0	0	0	0	0	0	11	0	0	0	0	0	0	0	0	0	0	0	0	0	0	0	0	0	0	0	0	0	17	0	0	0	0	0	0	0	2	35	0	0	0	0	0	0	27	31	0	0	0	0	4823	0	0	0	0	0	16	0	0	0	0	24	0	0	0	0	0	0	0	0	0	0	2	0	0	2452	0	0	0	0	0	0	3	0	64	2703	3411	0	8	3405	0	0	0	22	0	0	0	0	10596	0	20085
SKSha1Aug	0	0	0	0	0	0	0	0	0	0	0	0	0	0	0	0	0	0	1	0	0	0	0	0	0	0	0	0	0	0	0	0	0	0	0	0	9	0	0	326	0	0	0	0	0	0	270	0	0	0	0	0	0	0	0	0	0	123	0	0	0	0	0	0	0	0	0	0	0	0	1	0	0	0	5	0	0	0	0	8	459	0	0	0	0	28	0	0	0	0	0	0	6	0	0	0	0	0	0	0	0	0	0	0	0	270	4	3	0	0	0	0	716	12	11	13	0	2	0	221	0	0	0	0	0	0	0	0	8	0	0	1	0	0	129	0	1	0	0	0	4	401	0	0	0	0	1	0	0	345	2	1783	423	0	0	0	178	41144	1372
SKSha1Feb	0	3	0	0	1	0	0	0	0	0	0	0	0	0	0	0	0	0	0	0	0	0	0	0	0	0	0	0	0	0	0	0	0	0	0	12	0	1	0	0	0	0	0	0	0	0	0	0	0	0	0	0	0	18	0	0	0	0	0	0	0	0	11	37	49	3	0	0	4	48	0	11508	0	0	0	0	0	8	0	0	12	0	25	0	86	0	0	0	0	4	0	0	20	7	0	0	0	83	0	2	0	15	0	0	0	1	0	7	0	98	0	17	0	0	0	49	28	0	0	0	250	1	0	294	0	47	11420	35	0	9	8	0	0	0	17	7	0	1	0	3	0	56	7	2	251	2	4	72	7	533	11	101	15	18819	22	2	1985	7	2135
SKSha1May	0	0	0	0	0	0	0	0	0	0	0	0	0	0	0	0	0	0	0	0	0	0	0	0	0	0	0	0	0	0	0	0	0	0	0	0	0	0	0	0	0	0	0	0	0	0	0	0	0	0	72	0	0	0	0	0	0	0	0	0	0	0	0	0	0	0	6	0	0	0	0	0	0	0	0	0	0	0	0	0	0	0	6	0	385	0	0	31	0	0	0	0	0	0	0	0	0	0	0	0	0	0	0	0	2	0	0	69	0	0	0	0	51	6410	0	236	0	0	817	0	0	36	1096	0	0	1	0	0	0	0	7	0	0	2	0	0	32	0	0	16	0	13	6	4	0	1337	0	4350	0	7	23889	51	0	0	0	2	0	568	8778
SKSha1Nov	0	0	0	0	353	0	0	0	0	0	0	0	0	0	0	0	0	0	0	0	0	0	0	0	0	0	0	0	0	0	0	0	0	0	0	0	0	0	0	0	0	0	0	0	5873	0	0	0	0	0	0	0	0	0	0	0	0	11	0	0	0	0	0	0	0	0	51	0	0	0	0	0	0	0	0	0	0	0	0	0	0	1	0	0	0	0	0	0	0	0	0	5	0	0	0	0	0	0	14	0	0	0	7	0	0	0	0	0	0	0	0	0	0	0	0	4797	1	0	0	0	0	0	9785	0	0	0	0	0	4	0	4	17635	0	0	0	0	4	0	0	0	0	0	0	0	0	1	0	0	0	3	0	0	0	0	0	0	9709	15	7
SKSha2Aug	0	0	0	0	0	0	0	310	0	0	0	0	0	0	0	0	0	0	0	0	0	0	0	0	0	0	0	0	0	0	0	0	0	0	0	0	2	0	0	0	0	0	0	0	0	0	0	0	0	0	0	0	0	0	0	0	0	0	0	0	0	0	0	0	0	0	0	0	0	0	0	0	0	0	1595	0	0	0	0	1822	1	0	0	0	0	3	0	0	0	0	0	0	741	0	48	0	0	0	0	0	0	0	0	0	0	0	5	0	0	0	0	2	9	1909	1	0	0	0	0	0	0	0	0	0	0	0	0	0	0	0	0	0	0	0	0	0	0	0	0	0	1	1	0	0	2	0	0	0	0	9	0	6	1486	0	0	0	12	40273	42
SKSha2Feb	0	1	0	0	3	0	0	0	3	1	1	0	0	0	0	0	0	0	0	0	0	0	0	0	0	0	0	0	0	0	0	0	0	0	0	3	0	0	1	0	0	0	0	15	0	0	0	0	0	0	0	0	0	3940	37	0	0	0	0	19	0	6	0	0	0	0	1	0	36	65	0	32	0	0	0	0	1	17	0	0	24	0	57	0	44	0	0	0	0	28	0	0	24	11	0	0	0	0	0	1	0	144	0	0	3	0	0	38	0	9797	0	27	0	0	0	115	0	0	0	2	466	0	0	2275	0	103	88	4231	0	64	32	0	0	1	122	13	0	0	47	1	0	507	0	40	210	11	16	247	255	721	537	1	73	6006	710	166	12128	12	4700
SKSha2May	1	6	8	0	1	6	0	0	0	0	0	515	0	0	634	0	0	0	0	0	0	0	4	754	0	0	1	0	0	0	0	0	0	0	0	2	0	23	0	0	0	0	0	0	0	0	0	390	20	0	0	10	0	0	0	1	0	0	0	0	0	5	0	0	6	9	0	0	0	0	0	0	0	1	0	0	0	6	0	0	0	0	12	0	0	645	0	0	0	0	0	0	0	0	3	0	0	19	0	0	6	0	8	0	5	11	0	0	0	0	0	0	4	1	46	325	465	386	0	16	0	1	1200	2	0	61	0	0	56	0	6	0	0	106	16	12	5	12	0	0	0	34	7	0	24	32982	70	50	0	19	1837	235	84	3	4	1	15	0	7083
SKSha2Nov	0	0	0	0	1	0	0	0	0	0	0	0	0	0	0	0	0	0	0	0	0	0	0	0	0	0	0	0	0	0	0	0	0	0	0	0	0	0	0	0	0	0	0	0	7	0	0	0	0	0	0	0	0	0	0	0	0	12909	0	0	0	0	0	0	0	0	0	0	0	0	0	0	0	0	0	0	0	0	0	0	0	0	0	0	0	0	0	0	0	0	0	0	0	0	0	0	0	0	0	0	0	0	0	0	0	0	0	0	0	0	0	0	0	0	0	27	1	0	0	1	0	0	16877	0	0	0	0	0	0	0	0	18367	0	0	0	0	0	0	0	0	0	0	0	0	0	0	0	0	0	5	0	0	0	0	0	0	67	5	13
SKSha3Aug	0	0	0	0	0	0	0	0	0	0	0	0	0	0	0	0	477	0	0	0	0	0	0	0	0	0	0	0	0	0	0	0	124	0	0	0	0	0	0	0	0	0	0	0	0	0	0	0	0	0	0	0	0	0	0	0	0	0	0	0	0	0	0	0	0	0	0	0	0	4	0	1002	0	0	0	855	0	0	0	0	571	0	0	0	1	0	0	0	0	0	0	0	0	0	0	682	11	0	0	0	1	0	0	0	0	0	0	37	0	0	0	7	0	0	0	0	257	2	0	0	0	0	491	0	0	0	0	204	0	0	0	1	0	0	0	0	0	0	0	0	0	0	0	0	3	0	0	399	0	1	0	382	0	5	0	0	0	39980	2783
SKSha3Feb	0	0	0	0	342	0	0	0	0	0	0	0	0	0	0	0	0	0	0	0	0	0	0	0	0	0	0	0	0	0	0	0	0	0	0	0	0	0	0	0	0	0	0	0	0	0	0	3	0	0	0	0	0	23	0	0	0	0	9	0	0	5	0	0	0	0	0	0	2287	42	0	29	0	1	0	0	14	10	0	0	2549	0	34	0	15	0	0	0	0	2	0	0	3299	9	0	0	0	0	0	4	0	17	0	0	3	15	0	6	0	95	4	17	0	4	0	7792	1	5	0	0	186	0	0	3308	0	41	49	4487	1	13	9	6	5	3	18	3	0	0	1	4	0	451	6	32	86	4	1	198	218	155	3174	9	17	6690	339	792	9093	915	1330
SKSha3May	9	15	62	0	1600	29	0	0	0	0	0	64	3	15	37	0	0	58	0	0	0	0	0	77	0	0	34	0	0	0	0	0	0	0	0	0	0	105	0	0	0	0	0	112	0	0	0	12	3	131	0	68	0	0	0	2	5	0	0	0	35	0	1	0	24	0	0	0	0	0	0	0	0	0	0	0	0	91	0	0	0	0	40	0	2	57	0	0	0	0	0	0	0	0	34	0	0	175	0	0	2	0	0	0	7	0	0	22	0	0	0	0	33	0	384	37	36	196	0	21	0	0	111	100	0	134	0	17	344	0	42	0	0	482	145	2035	996	110	0	0	1	217	86	0	264	5301	1279	223	0	895	175	2059	5505	0	138	17	103	0	23863
SKSha3Nov	0	7	0	0	0	0	0	0	0	0	0	0	0	0	0	0	0	0	0	0	0	0	0	0	0	0	0	0	0	0	0	0	0	0	0	0	0	0	0	0	24	0	0	0	0	0	0	0	0	0	0	0	0	0	0	0	0	0	0	0	20	0	0	0	0	0	0	0	0	0	0	0	0	0	0	0	0	0	0	0	0	0	0	0	0	0	0	0	44	0	0	0	0	31	0	0	0	0	0	0	0	0	0	0	0	0	0	0	0	1	0	0	33	0	0	0	0	0	0	0	0	0	0	57	0	0	0	0	0	0	0	22	6	0	0	0	0	0	0	0	0	0	39	0	0	0	2	7110	0	3638	0	0	24	0	0	29	263	8563	28367
