sample	Region	Region_num	Site	Season	Site2	Month	SxR	longitude	latitude	Time(yyyymmdd)	day	Ramdom	long_adj	lat_adj	pH	Temperature	Salinity	Turbidity	DO	TP	SiO3	NH3	NO2	NO3	Allphyto	EukPhyto	Cyano	HP	Network_complexity	ProkRich	ProtistRich	BenRich	FishRich	Mixotroph	Decomposer	Hard.Coral	Primary.producer	The.primary.consumers.Herbivorous.fish.detritivore	The.secondary.consumer.groups..predator	The.tertiary.consumer	Unknown	Consumer	PC_sum_Phy_noTem	PC_sum_Nutrient	Both	Both_Normed	PC_sum_Nutrient_Normed	PC_sum_Phy_noTem_Normed	Consumer_Normed	The.tertiary.consumer_Normed	The.secondary.consumer.groups..predator_Normed	The.primary.consumers.Herbivorous.fish.detritivore_Normed	Primary.producer_Normed	Hard.Coral_Normed	Decomposer_Normed	Mixotroph_Normed	FishRich_Normed	BenRich_Normed	ProtistRich_Normed	ProkRich_Normed	Network_complexity_Normed	Allphyto_Normed	pH_Normed	Tem_Normed	Salinity_Normed	Turbidity_Normed	DO_Normed	TP_Normed	SiO3_Normed	NO3_Normed	HP_Normed	EukPhyto_Normed	Cyano_Normed
HKBea1Aug	HK	0	Bea1	Aug	Bea	8	HK_Aug	114.246458	22.18115	2023/8/29	45167	0.224996	114.2464605	22.1811522	8.47	28.252	30.427	0.28	9.692	0.001	0.043	0.025	0.004	0.057	18724.58374	9217.140059	9473.947111	1740054.621	0.390810126	230	251	212	56	1290.988867	10203.64493	16443	2078.959778	34248.91773	14588	0	649.0873135	48836.91773	-2.524780928	-0.075966252	17733.98887	-0.236449213	-0.623874086	0.000268328	0.147379807	0	-1.222444044	185.0646312	-1.191022226	0.023428576	1.058736882	-0.334081901	0.828328426	-0.829842926	2.399673721	0.565060829	0.377935589	-0.773456376	2.910326442	1.47509533	-1.47509533	-1.98874848	2.599138916	0.031622777	0.207364414	0.238746728	1.100698183	96.00593762	-0.164726982
HKBea1Feb	HK	0	Bea1	Feb	Bea	2	HK_Feb	114.246458	22.18115	2023/2/9	44966	0.8773888	114.2464671	22.1811588	8.21	18.643	33.555	1.954137	9.14	0.024	0.061	0	0.002	0.011	11959.54693	6825.242718	5091.262136	451188.4474	0.283462978	229	213	265	49	971.3896501	10629.83584	14464	6136.997192	21521.7461	33408	2	306.1978332	54931.7461	-1.471611972	-0.102193247	15435.38965	-0.595660772	-1.842373326	1.026240239	0.900073917	1.443635475	0.349688345	146.7029178	-0.513678715	-0.358958456	1.548527579	-0.742236718	0.423620017	0.243555047	2.328379603	0.542010311	-0.25556091	-1.018561447	2.865309756	-1.100698183	0.623874086	-0.460914688	1.47509533	0.154919334	0.246981781	0.104880885	-1.842373326	82.61502719	-0.460914688
HKBea1May	HK	0	Bea1	May	Bea	5	HK_May	114.246458	22.18115	2023/5/2	45048	0.7190728	114.2464655	22.1811572	8.18	24.175	33.807	1.01	7.639	0.037	0.052	0.005	0.146	0.038	72246.23479	7782.439987	64295.1003	560703.0917	0.276186661	190	179	220	47	1961.488704	4044.048397	14408	22397.29676	14541.74915	27769	64	16921.09201	42374.74915	-1.795879448	-0.086203745	16369.4887	-0.487127154	-0.83828767	0.853757314	-0.650679782	4.852091293	-0.128810522	120.5891751	1.058736882	-0.43501519	-0.773456376	0.117401297	0.307989043	-0.682502306	2.252853031	-0.356959891	-0.304242245	0.188522232	2.860069929	-0.04687002	1.240059815	-1.058736882	-0.070337251	0.192353841	0.228035085	0.194935887	-1.47509533	88.21813865	0.409404292
HKBea1Nov	HK	0	Bea1	Nov	Bea	11	HK_Nov	114.246458	22.18115	2023/11/20	45250	0.8142885	114.2464664	22.1811581	8.36	24.6895	33.0315	1.96	7.674	0	0.081	0.001	0	0.04	39230.80931	9319.173324	29852.24036	650917.0854	0.286634732	185	230	229	10	5716.246956	3622.958934	13656	12073.72525	12133.37484	44042	0	1.914961637	56175.37484	-1.031924658	-0.072190578	19372.24696	-0.070337251	-0.567913863	1.221825005	1.053658558	0	1.26455531	110.1515994	0.236449213	-0.513678715	-1.191022226	0.872056473	-1.831183975	-0.510492611	2.361727836	-0.472212481	-0.234593122	-0.188522232	2.891366459	0.460914688	-0.023428576	-0.409404292	-0.023428576	0	0.284604989	0.2	-0.872056473	96.53586548	0.023428576
HKBea2Aug	HK	0	Bea2	Aug	Bea	8	HK_Aug	114.246458	22.18115	2023/8/29	45167	0.3117098	114.2464614	22.1811531	8.43	26.916	31.43	1.77	8.515	0.008	0.058	0.032	0.001	0.057	24215.22916	14390.90581	9793.468062	1974373.361	0.383575882	282	221	250	38	892.7494621	9930.650066	13362	1691.349958	21384.72972	25465	0	3214.509403	46849.72972	-1.228882937	-0.069554655	14254.74946	-0.681860597	-0.513678715	1.138375186	-0.098032306	0	-0.322736383	146.2351863	-1.348274553	-0.595660772	0.681860597	-0.83828767	-0.21235034	-0.083447176	2.344392274	1.763687764	0.339727165	-0.487127154	2.903446228	1.018561447	-1.191022226	-0.595660772	0.567913863	0.089442719	0.240831892	0.238746728	1.408853456	119.9621016	-0.141024652
HKBea2Feb	HK	0	Bea2	Feb	Bea	2	HK_Feb	114.246458	22.18115	2023/2/9	44966	0.7719834	114.246466	22.1811577	8.19	18.393	33.549	6.570119	8.839	0.003	0.058	0	0.023	0.016	5225.951904	3358.316633	1799.098196	587274.6945	0.276737498	218	175	302	32	784.8946535	9912.729163	16153	6576.703411	16311.76458	43699	0	69.7146141	60010.76458	1.983932211	-0.099737036	16937.89465	-0.334081901	-1.72730919	2.123373074	1.527318371	0	1.234823744	127.7175187	-0.460914688	-0.023428576	0.652593012	-1.018561447	-0.559243262	1.128173237	2.243038049	0.288454613	-0.300528426	-1.348274553	2.861817604	-1.408853456	0.595660772	1.408853456	1.018561447	0.054772256	0.240831892	0.126491106	-1.292275706	57.95098475	-0.906850272
HKBea2May	HK	0	Bea2	May	Bea	5	HK_May	114.246458	22.18115	2023/5/3	45049	0.6608225	114.2464649	22.1811566	8.11	24.046	33.812	2.955	7.3115	0.037	0.047	0	0.052	0.068	81441.50943	10862.26415	70347.16981	768861.3833	0.314790235	195	265	253	51	1418.030031	4062.833201	14416	10051.38834	14605.5643	44904	31	856.6536606	59540.5643	-0.288231176	-0.066252488	15834.03003	-0.540597492	-0.409404292	1.495509888	1.469249963	4.127394429	1.3393342	120.8534828	0.070337251	-0.409404292	-0.742236718	-0.164726982	0.539250991	-0.019509674	2.423245874	-0.241707301	-0.054925331	0.409404292	2.847806173	-0.284925871	1.319757822	0.023428576	-0.43501519	0.192353841	0.216794834	0.260768096	-0.384059188	104.2221865	0.540597492
HKBea2Nov	HK	0	Bea2	Nov	Bea	11	HK_Nov	114.246458	22.18115	2023/11/20	45250	0.7710434	114.246466	22.1811577	8.37	24.465	33.02566667	2.286666667	6.908	0	0.086	0.001	0.013	0.05	43839.19739	10102.00653	33697.29351	678686.3996	0.166951088	206	204	209	9	5328.324961	5780.827635	8707	9452.586368	6602.634058	47971	0	0.489130435	54573.63406	-0.592479357	-0.06268167	14035.32496	-0.711724305	-0.384059188	1.390072532	0.855848091	0	1.606072619	81.25659394	0.023428576	-0.83828767	-0.284925871	0.742236718	-1.888999462	-0.883745795	2.309630167	0.011848397	-1.145371916	-0.04687002	2.893095228	0.236449213	-0.04687002	-0.164726982	-1.058736882	0	0.293257566	0.223606798	-0.711724305	100.5087386	0.070337251
HKBea3Aug	HK	0	Bea3	Aug	Bea	8	HK_Aug	114.246458	22.18115	2023/8/29	45167	0.6405427	114.2464647	22.1811564	8.45	27.9735	30.807	2.24	8.8165	0.006	0.059	0.013	0.009	0.103	26416.96335	17010.4712	9364.712042	1812807.184	0.373682702	265	224	206	31	1099.127948	10216.92327	17097	1993.450329	25991.05904	18215	0	4756.814484	44206.05904	-0.900958417	-0.035240977	18196.12795	-0.212424721	-0.070337251	1.274292974	-0.424518177	0	-0.925761183	161.2174278	-1.240059815	0.093843288	1.100698183	-0.623874086	-0.617058749	-0.936911784	2.350248018	1.371828958	0.286516311	-0.334081901	2.906888371	1.240059815	-1.348274553	-0.188522232	0.942778145	0.077459667	0.242899156	0.320936131	1.191022226	130.4241971	-0.188522232
HKBea3Feb	HK	0	Bea3	Feb	Bea	2	HK_Feb	114.246458	22.18115	2023/2/9	44966	0.6317484	114.2464646	22.1811563	8.202	18.415	33.574	1.269827	8.757	0.011	0.098	0	0.03	0.02	5888.1	4161	1715.7	549976.7464	0.259043317	217	186	249	49	849.6714266	10653.86392	23539	6072.628261	15558.61801	39649	5	581.576036	55212.61801	-1.874112381	-0.079662948	24388.67143	0.487127154	-0.773456376	0.806640328	0.934760806	2.312438341	0.884832362	124.7341894	-0.540597492	1.100698183	1.72730919	-0.942778145	0.423620017	-0.104597004	2.269512944	0.265404095	-0.42221905	-1.292275706	2.863913407	-1.191022226	0.652593012	-0.83828767	0.805448788	0.104880885	0.313049517	0.141421356	-1.548527579	64.50581369	-0.979966199
HKBea3May	HK	0	Bea3	May	Bea	5	HK_May	114.246458	22.18115	2023/5/3	45049	0.707196	114.2464654	22.1811571	8.155	24.049	33.812	3.21	7.294	0.037	0.079	0	0.028	0.049	82639.55348	11874.84172	70496.90103	705823.5398	0.219636006	201	261	215	36	1456.477033	6153.711858	4152	10141.10127	16094.31391	3756	0	21936.82226	19850.31391	-0.09714294	-0.06652532	5608.477033	-1.47509533	-0.43501519	1.55808795	-3.432383992	0	-2.075721404	126.8633671	0.093843288	-1.408853456	-0.212424721	-0.093843288	-0.327981314	-0.77520356	2.416640507	-0.103404193	-0.71209015	0.460914688	2.855696062	-0.224420775	1.319757822	0.093843288	-0.473980211	0.192353841	0.281069386	0.221359436	-0.652593012	108.9717473	0.567913863
HKBea3Nov	HK	0	Bea3	Nov	Bea	11	HK_Nov	114.246458	22.18115	2023/11/20	45250	0.079805	114.2464591	22.1811508	8.37	24.448	33.025	2.42	6.828	0	0.083	0.001	0.013	0.072	40609.61538	7707.692308	32884.61538	754327.7688	0.260372394	252	261	221	31	8746.937492	7140.621426	17284	6891.453207	13120.34339	34944	0	126.9111253	48064.34339	-0.47400595	-0.047764899	26030.93749	0.773456376	-0.164726982	1.43205274	0.051969056	0	0.480888606	114.5440675	-0.43501519	0.164726982	0.04687002	1.100698183	-0.617058749	-0.663716832	2.416640507	1.072172224	-0.412903917	-0.164726982	2.893095228	0.212424721	-0.070337251	-0.093843288	-1.100698183	0	0.288097206	0.268328157	-0.460914688	87.79346393	0.04687002
HKSta1Aug	HK	0	Sta1	Aug	Sta	8	HK_Aug	114.212731	22.215611	2023/8/29	45167	0.8261221	114.2127389	22.2156194	8.45	28.42966667	31.01533333	3.623333333	8.351333333	0.006	0.102	0.037	0.009	0	19054.28571	11351.74603	7660.31746	1355349.851	0.339887879	241	248	309	61	1783.561736	9448.065795	22865	8330.272918	38193.34101	8745	9	2378.04329	46947.34101	0.211279448	-0.092663649	24648.56174	0.595660772	-1.191022226	1.654104122	-0.085977587	2.893443986	-1.690689079	195.4311669	-0.188522232	0.942778145	0.409404292	0.093843288	1.11740586	1.307990226	2.394451681	0.818616527	0.095973998	-0.681860597	2.906888371	1.72730919	-1.292275706	0.358958456	0.409404292	0.077459667	0.319374388	0	0.540597492	106.544573	-0.309410419
HKSta1Feb	HK	0	Sta1	Feb	Sta	2	HK_Feb	114.212731	22.215611	2023/2/9	44966	0.1287274	114.2127319	22.2156124	7.98	18.144	33.336	0.647727	8.307	0.039	0.101	0	0	0	6786.247544	5502.907662	1263.182711	744582.6601	0.263906003	198	178	237	39	614.9555475	8675.053829	24952	4050.710513	19466.85979	33460	364	137.4731144	53290.85979	-2.187705143	-0.093186724	25566.95555	0.711724305	-1.292275706	0.580582343	0.697429087	6.590302935	0.354124311	139.523689	-0.83828767	1.292275706	0.212424721	-1.408853456	-0.154534853	-0.352045707	2.250420002	-0.172555747	-0.388277509	-1.191022226	2.824889378	-1.631410464	0.43501519	-1.47509533	0.384059188	0.197484177	0.317804972	0	-0.513678715	74.18158573	-1.018561447
HKSta1May	HK	0	Sta1	May	Sta	5	HK_May	114.212731	22.215611	2023/5/3	45049	0.0738275	114.2127313	22.2156118	7.994	23.844	33.76733333	1.216666667	7.120333333	0.034	0.081	0	0.026	0.029	77047.61585	20947.21289	55928.13969	779658.7734	0.277946777	186	227	272	55	1289.762108	6254.037047	15890	31852.82035	15174.74014	30118	888	7317.370248	46180.74014	-1.505347205	-0.080389283	17179.76211	-0.309410419	-0.805448788	1.009670142	-0.180650632	7.482119241	0.06988014	123.1857952	1.240059815	-0.070337251	-0.164726982	-0.358958456	0.770512939	0.40240869	2.356025857	-0.449161963	-0.292391772	0.334081901	2.827366266	-0.43501519	0.979966199	-0.906850272	-0.711724305	0.184390889	0.284604989	0.170293864	-0.358958456	144.73152	0.260610977
HKSta1Nov	HK	0	Sta1	Nov	Sta	11	HK_Nov	114.212731	22.215611	2023/11/20	45250	0.9481597	114.2127401	22.2156206	8.2	24.32325	33.0095	4.195	6.97	0	0.09	0.001	0.008	0.026	76443.29019	17437.80654	58900.64714	896453.7039	0.297610998	165	221	278	33	7635.11727	5321.649145	20667	9101.160899	7533.433747	40180	0	210.5217391	47713.43375	0.788829546	-0.078642676	28302.11727	1.018561447	-0.711724305	1.820332537	0.008632705	0	0.93060483	86.79535556	-0.04687002	0.742236718	-0.43501519	1.018561447	-0.501427775	0.541731825	2.344392274	-0.93322284	-0.16318887	0.309410419	2.863564213	0.141024652	-0.117401297	0.623874086	-0.942778145	0	0.3	0.161245155	-0.309410419	132.0522871	0.309410419
HKSta2Aug	HK	0	Sta2	Aug	Sta	8	HK_Aug	114.212731	22.215611	2023/8/29	45167	0.8133346	114.2127387	22.2156192	8.53	27.238	31.443	5.51	8.144	0.016	0.11	0.043	0	0	26356.30435	16096.30435	10173.26087	1959316.63	0.30960299	213	267	299	56	4177.37801	9405.720795	23164	13709.40669	33802.55858	14921	3	692.9114823	48726.55858	1.602272876	-0.089262038	27341.37801	0.979966199	-1.058736882	2.031515168	0.133750764	1.818446459	-1.19537114	183.8547214	0.358958456	0.979966199	0.358958456	0.540597492	0.828328426	1.052320434	2.426511261	0.173202023	-0.087176428	-0.358958456	2.920616373	1.144692767	-1.144692767	1.191022226	0.309410419	0.126491106	0.331662479	0	1.292275706	126.8712117	-0.070337251
HKSta2Feb	HK	0	Sta2	Feb	Sta	2	HK_Feb	114.212731	22.215611	2023/2/9	44966	0.2497663	114.2127331	22.2156136	8.16	18.118	33.35733333	1.97	8.670333333	0.039	0.105	0	0	0	5098.909091	3951.371901	1113.619835	910448.7037	0.288811639	212	162	227	46	137.7702168	10096.88676	13673	889.4477453	34040.65896	28714	0	1985.170045	62754.65896	-1.317498403	-0.091471631	13810.77022	-0.742236718	-1.144692767	1.098764123	1.866181587	0	-0.048991832	184.5011083	-1.842373326	-0.487127154	0.942778145	-2.599138916	0.250173556	-0.549288553	2.209515015	0.150151505	-0.22028962	-1.408853456	2.856571371	-1.72730919	0.487127154	-0.358958456	0.742236718	0.197484177	0.324037035	0	-0.284925871	62.85993876	-1.100698183
HKSta2May	HK	0	Sta2	May	Sta	5	HK_May	114.212731	22.215611	2023/5/3	45049	0.14538	114.2127321	22.2156126	8.14	23.85	33.7725	1.88	7.048	0.031	0.121	0.059	0.04	0.058	75156.21381	20009.66592	54552.42762	763077.4042	0.269769328	205	214	219	53	1133.88417	4909.168544	14873	37282.36931	46201.06997	8171	58	1405.808584	54430.06997	-1.001791902	-0.041871157	16006.88417	-0.513678715	-0.093843288	1.234094445	0.83811833	4.753664499	-1.735852425	214.9443416	1.408853456	-0.309410419	-0.567913863	-0.567913863	0.654881965	-0.701206057	2.330413773	-0.011202121	-0.3478578	0.284925871	2.853068524	-0.409404292	1.018561447	-0.513678715	-0.872056473	0.176068169	0.347850543	0.240831892	-0.43501519	141.4555263	0.236449213
HKSta2Nov	HK	0	Sta2	Nov	Sta	11	HK_Nov	114.212731	22.215611	2023/11/20	45250	0.7995009	114.2127386	22.2156191	8.27	24.238	33.0072	2.98	6.7596	0	0.102	0.012	0.01	0.028	90918.07363	17246.26255	73563.70398	1043767.322	0.235041328	255	244	216	9	4383.771516	4034.356792	21779	8196.362269	12088.26215	38464	0	4.945652174	50552.26215	-0.044744727	-0.072024387	26162.77152	0.83828767	-0.540597492	1.574813091	0.359220004	0	0.782815401	109.9466332	-0.236449213	0.906850272	-0.805448788	0.623874086	-1.888999462	-0.756826837	2.387389826	1.141323778	-0.595537146	0.595660772	2.875760769	0.093843288	-0.141024652	0.04687002	-1.144692767	0	0.319374388	0.167332005	0	131.3250264	0.623874086
HKSta3Aug	HK	0	Sta3	Aug	Sta	8	HK_Aug	114.212731	22.215611	2023/8/29	45167	0.9528985	114.2127401	22.2156206	8.4567	27.72775	31.26675	2.925	8.56775	0.007	0.102	0.037	0.011	0	23503.59712	13694.2446	10126.61871	2055749.657	0.409362343	254	237	210	58	882.0361914	10002.35416	19711	1305.128624	46577.4254	3897	0	213.8382353	50474.4254	-0.381356251	-0.092666506	20593.03619	0.188522232	-1.240059815	1.464043971	0.349607385	0	-2.06513282	215.8180377	-1.548527579	0.567913863	0.773456376	-0.872056473	0.943959399	-0.865860028	2.374748346	1.11827326	0.47330309	-0.513678715	2.908040577	1.191022226	-1.240059815	0	0.681860597	0.083666003	0.319374388	0	1.548527579	117.0224107	-0.093843288
HKSta3Feb	HK	0	Sta3	Feb	Sta	2	HK_Feb	114.212731	22.215611	2023/2/9	44966	0.3707792	114.2127343	22.2156148	8.135	18.0986	33.355	1.868	8.7902	0.021	0.099	0	0.002	0.004	6151.720542	4921.376434	1212.513034	934348.0676	0.236837738	185	199	261	13	629.3554378	10184.86816	15795	2333.131251	17030.49275	43356	0	0.823886369	60386.49275	-1.423154982	-0.091046817	16424.35544	-0.409404292	-1.100698183	1.049583736	1.57371974	0	1.205105899	130.5009301	-1.058736882	-0.093843288	0.979966199	-1.191022226	-1.657737514	0.154567087	2.298853076	-0.472212481	-0.582222657	-1.240059815	2.852192139	-2.196762911	0.460914688	-0.540597492	0.872056473	0.144913767	0.314642654	0.063245553	-0.24851196	70.15252265	-1.058736882
HKSta3May	HK	0	Sta3	May	Sta	5	HK_May	114.212731	22.215611	2023/5/3	45049	0.8506205	114.2127391	22.2156196	8.1567	23.85125	33.77475	1.395	7.142	0.036	0.068	0.031	0	0.053	93667.51017	30653.2761	62743.78671	752514.0194	0.273945242	196	210	196	55	1244.618043	3667.686808	11554	45035.08088	12641.11722	25438	49	14078.53597	38128.11722	-1.38130707	-0.068292952	12798.61804	-0.805448788	-0.487127154	1.069333405	-1.175126846	4.585071586	-0.325003014	112.4327231	2.599138916	-0.681860597	-1.100698183	-0.409404292	0.770512939	-1.108804833	2.322219295	-0.218656783	-0.31940284	0.711724305	2.855993697	-0.384059188	1.058736882	-0.681860597	-0.623874086	0.18973666	0.260768096	0.230217289	-0.487127154	175.0807702	0.358958456
HKSta3Nov	HK	0	Sta3	Nov	Sta	11	HK_Nov	114.212731	22.215611	2023/11/20	45250	0.0404622	114.212731	22.2156115	8.3375	24.18833333	33.02133333	4.816666667	6.703333333	0	0.1	0.027	0.005	0.027	104129.7125	19251.15815	84741.97284	1216308.823	0.246142936	223	220	259	34	10739.75845	3702.633489	15306	8388.935028	13144.73965	30267	1	196.2717391	43412.73965	1.311953487	-0.073618438	26045.75845	0.805448788	-0.595660772	1.958758404	-0.522490884	0.881373587	0.082514881	114.6505109	-0.141024652	-0.236449213	-0.979966199	1.408853456	-0.443612288	0.110560365	2.342422681	0.403707203	-0.514154478	1.100698183	2.887472944	0	-0.093843288	0.906850272	-1.191022226	0	0.316227766	0.164316767	0.309410419	138.7485429	1.058736882
HKSW1Aug	HK	0	SW1	Aug	SW	8	HK_Aug	114.134842	22.187997	2023/8/29	45167	0.4166819	114.1348459	22.1880014	8.03	26.5065	31.8985	1.355	4.7845	0.007	0.195	0.03	0.023	0.224	21553.39046	14691.72876	10639.71684	1403132.22	0.416129334	248	272	283	78	3855.887376	10746.81896	15946	3413.635702	22333.82694	25748	21	3854.156587	48102.82694	-0.606076261	0.112186337	19801.88738	0.023428576	1.018561447	1.38517318	0.056721666	3.73823603	-0.29897025	149.4450633	-0.906850272	-0.04687002	1.98874848	0.487127154	2.100269139	0.660062894	2.434568904	0.979970152	0.507179296	-0.567913863	2.833725463	0.906850272	-1.100698183	-0.742236718	-1.548527579	0.083666003	0.441588043	0.473286383	0.623874086	121.2094417	-0.023428576
HKSW1Feb	HK	0	SW1	Feb	SW	2	HK_Feb	114.134842	22.187997	2023/2/9	44966	0.3389128	114.1348451	22.1880006	8.236	18.108	33.269	4.17	9.685	0.02	0.064	0	0	0	3870.964599	3110.100682	749.7564144	934348.0676	0.308715763	174	175	223	39	270.8861588	10091.65146	29150	2181.072181	15613.43612	29842	12	7657.083289	45467.43612	0.035796863	-0.108997042	29420.88616	1.144692767	-2.599138916	1.600180572	-0.268741666	3.179785438	0.046485912	124.9537359	-1.100698183	1.72730919	0.906850272	-1.98874848	-0.154534853	-0.625900768	2.243038049	-0.725768178	-0.092730264	-1.842373326	2.869843201	-1.842373326	0.334081901	0.595660772	1.98874848	0.141421356	0.252982213	0	-0.24851196	55.76827666	-1.191022226
HKSW1May	HK	0	SW1	May	SW	5	HK_May	114.134842	22.187997	2023/5/3	45049	0.6711214	114.1348484	22.1880039	8.08	24.1528	33.7516	2	6.9684	0.037	0.103	0	0.052	0.104	104509.6815	30257.19745	73722.42038	1282471.609	0.181336507	183	254	256	8	2437.201163	5441.11782	16304	21792.42724	4584.105681	48545	0	7.095892238	53129.10568	-0.891135141	-0.015727033	18741.20116	-0.188522232	0.309410419	1.278141565	0.677452911	0	1.656107181	67.70602396	1.018561447	0	-0.409404292	0.284925871	-1.946814949	0.045159611	2.404833717	-0.518313517	-1.021420467	1.144692767	2.842534081	-0.070337251	0.872056473	-0.309410419	-0.979966199	0.192353841	0.320936131	0.32249031	0.409404292	173.9459613	0.652593012
HKSW1Nov	HK	0	SW1	Nov	SW	11	HK_Nov	114.134842	22.187997	2023/11/20	45250	0.745007	114.1348492	22.1880047	8.3	24.609	33.0735	4.12	7.294	0	0.093	0.001	0.003	0.104	96018.17874	26425.69397	69551.96344	765496.8636	0.164687334	220	249	137	27	8968.613445	4384.638461	21133	11434.00783	11501.21995	34087	16	4532.806905	45604.21995	0.642956803	-0.019909034	30101.61345	1.292275706	0.212424721	1.77981398	-0.251849249	3.466711038	0.407643572	107.2437408	0.164726982	0.805448788	-0.623874086	1.144692767	-0.848320697	-1.955375842	2.396199347	0.334555649	-1.165287682	0.773456376	2.880972058	0.409404292	0.04687002	0.540597492	-0.473980211	0	0.304959014	0.32249031	-0.409404292	162.5598166	0.513678715
HKSW2Aug	HK	0	SW2	Aug	SW	8	HK_Aug	114.134842	22.187997	2023/8/29	45167	0.8763687	114.1348505	22.188006	8.13	26.2502	32.067	1.274	4.7648	0.007	0.159	0.03	0.024	0.164	21155.18035	13661.62701	7427.935533	1636365.424	0.422864806	292	238	295	68	1521.474851	10666.79561	25609	1680.983747	11757.11594	19485	1091	11684.14642	32333.11594	-0.677175478	0.05256025	27130.47485	0.906850272	0.681860597	1.359266538	-1.890793156	7.687997376	-0.821012854	108.4302354	-1.408853456	1.348274553	1.842373326	-0.070337251	1.522114269	0.952314847	2.376576957	1.994192944	0.540429198	-0.595660772	2.851315486	0.872056473	-1.018561447	-0.805448788	-1.631410464	0.083666003	0.398748041	0.404969135	0.872056473	116.8829629	-0.334081901
HKSW2Feb	HK	0	SW2	Feb	SW	2	HK_Feb	114.134842	22.187997	2023/2/9	44966	0.2434865	114.1348441	22.1879997	8.25	18.09133333	33.27466667	4.823333333	9.657	0.002	0.074	0	0	0	4345.823053	3676.771237	650.9693338	1254485.181	0.281254275	214	158	304	40	162.9596476	10224.45905	20271	2171.871141	39600.21015	11369	0	3154.121326	50969.21015	0.520416825	-0.104657871	20433.95965	0.141024652	-1.98874848	1.745049519	0.410711906	0	-1.482145497	198.9980154	-1.144692767	0.652593012	1.144692767	-2.196762911	-0.096719366	1.179145726	2.198657087	0.196252541	-0.270252236	-1.548527579	2.872281323	-2.599138916	0.384059188	0.942778145	1.842373326	0.04472136	0.27202941	0	0.358958456	60.63638542	-1.240059815
HKSW2May	HK	0	SW2	May	SW	5	HK_May	114.134842	22.187997	2023/5/3	45049	0.0256343	114.134842	22.1879975	8.104	24.038	33.7635	2.07	6.626	0.066	0.104	0	0	0.106	119050.7253	30968.21672	87469.7099	1425109.178	0.261444905	207	225	291	48	1006.011042	5944.686639	6791	11921.45824	5430.551364	31584	1	3284.15228	37015.55136	-0.751771855	-0.013908123	7797.011042	-1.191022226	0.384059188	1.331543895	-1.312525591	0.881373587	0.194349629	73.69227479	0.212424721	-1.100698183	-0.260610977	-0.681860597	0.36580453	0.853602965	2.352182518	0.034898915	-0.405407975	1.348274553	2.846752536	-0.309410419	0.942778145	-0.284925871	-1.292275706	0.256904652	0.32249031	0.325576412	0.652593012	175.977887	1.240059815
HKSW2Nov	HK	0	SW2	Nov	SW	11	HK_Nov	114.134842	22.187997	2023/11/20	45250	0.2712176	114.1348444	22.1879999	8.385	24.6045	33.076	4.015	7.3595	0	0.085	0.001	0	0.096	97799.87024	19843.98789	77704.41176	937776.6019	0.344837042	66	18	79	33	13693.23327	4240.775732	33883	1711.873016	22166.86957	25711	0	161	47877.86957	0.548807357	-0.029231253	47576.23327	2.599138916	0	1.75316524	0.028940065	0	-0.30207836	148.8854243	-1.292275706	2.599138916	-0.652593012	2.196762911	-0.501427775	-2.505366979	1.255272505	-3.215224121	0.124759138	0.906850272	2.895686447	0.384059188	0.070337251	0.460914688	-0.334081901	0	0.291547595	0.309838668	-0.212424721	140.8686902	0.773456376
HKSW3Aug	HK	0	SW3	Aug	SW	8	HK_Aug	114.134842	22.187997	2023/8/29	45167	0.43859	114.1348461	22.1880016	8.05	25.31866667	32.80866667	1.946666667	3.453333333	0.01	0.245	0.026	0.038	0.174	18817.99065	12179.08879	6585.630841	1339260.561	0.375904628	293	214	264	71	1296.336063	11173.85458	29507	1301.533128	25727.43113	14952	738	7031.177981	41417.43113	0.082328778	0.096791225	30803.33606	1.408853456	0.942778145	1.614654693	-0.768905857	7.297091464	-1.192849019	160.3977279	-1.631410464	2.196762911	2.196762911	-0.309410419	1.69556073	0.221186271	2.330413773	2.017243462	0.298564866	-0.711724305	2.837252192	0.711724305	-0.260610977	-0.487127154	-2.599138916	0.1	0.494974747	0.417133072	0.513678715	110.358909	-0.409404292
HKSW3Feb	HK	0	SW3	Feb	SW	2	HK_Feb	114.134842	22.187997	2023/2/9	44966	0.0155704	114.1348419	22.1879974	8.25	18.106	33.273	1.244943	9.687	0.057	0.093	0	0	0.003	4454.191617	3680.538922	750.8982036	1145605.947	0.232886688	174	219	215	60	588.0277981	9494.227395	29373	1636.459955	16132.3734	30299	9	92.93453156	46440.3734	-2.1046756	-0.094458836	29961.0278	1.191022226	-1.348274553	0.648155383	-0.148586657	2.893443986	0.085228861	127.0132804	-1.47509533	1.98874848	0.43501519	-1.47509533	1.059590373	-0.77520356	2.340444115	-0.725768178	-0.611581895	-1.47509533	2.872281323	-1.98874848	0.358958456	-0.872056473	2.196762911	0.238746728	0.304959014	0.054772256	0.212424721	60.66744532	-1.144692767
HKSW3May	HK	0	SW3	May	SW	5	HK_May	114.134842	22.187997	2023/5/3	45049	0.998715	114.1348517	22.1880072	8.1025	24.049	33.7625	2.105	6.633	0.009	0.093	0.038	0	0.1	119097.4216	30092.17877	88601.07434	1522528.847	0.265060725	180	258	261	43	1416.867617	2809.559787	6016	12594.39066	15634.1558	35076	2	4346.86072	50712.1558	-0.727896988	-0.022880769	7432.867617	-1.240059815	0.141024652	1.340479023	0.378966419	1.443635475	0.492179679	125.0366178	0.260610977	-1.144692767	-1.47509533	-0.188522232	0.076727095	0.154567087	2.411619706	-0.58746507	-0.380273762	1.408853456	2.846489065	-0.224420775	0.906850272	-0.236449213	-1.240059815	0.09486833	0.304959014	0.316227766	0.711724305	173.4709739	1.292275706
HKSW3Nov	HK	0	SW3	Nov	SW	11	HK_Nov	114.134842	22.187997	2023/11/20	45250	0.3980354	114.1348457	22.1880012	8.37	24.471	33.06966667	3.846666667	7.163333333	0	0.089	0.002	0	0.097	145822.7053	30078.74396	115569.5652	992067.1291	0.260051238	224	227	251	37	12500.85125	3688.441674	21431	14966.39137	30837.59225	13386	0	5267.054987	44223.59225	0.477514537	-0.026779656	33931.85125	1.98874848	0.04687002	1.732713345	-0.422352875	0	-1.319858577	175.6063559	0.409404292	0.83828767	-1.018561447	1.631410464	-0.270165827	-0.062216004	2.356025857	0.426757721	-0.415152168	1.98874848	2.893095228	0.309410419	0.023428576	0.409404292	-0.595660772	0	0.298328678	0.31144823	-0.117401297	173.432246	1.72730919
LTCC1Aug	LT	-1	CC1	Aug	CC	8	LT_Aug	114.038447	22.208513	2023/8/30	45168	0.2124102	114.0384491	22.2085151	8.28	27.115	29.556	3.5	7.185	0.005	0.158	0	0.038	0.278	25967.10165	18021.94368	7868.818681	1624514.496	0.46185051	241	210	302	76	615.4743129	9934.995985	24277	2749.271696	26059.13299	19215	376	838.9258312	45650.13299	0.572633141	0.136098662	24892.47431	0.623874086	1.292275706	1.759947198	-0.246179118	6.622738092	-0.843316721	161.4284144	-1.018561447	1.144692767	0.711724305	-1.348274553	1.984638165	1.128173237	2.322219295	0.818616527	0.724130203	-0.384059188	2.877498914	1.058736882	-1.72730919	0.309410419	-0.567913863	0.070710678	0.397492138	0.527257053	0.773456376	134.245833	-0.260610977
LTCC1Feb	LT	-1	CC1	Feb	CC	2	LT_Feb	114.038447	22.208513	2023/2/10	44967	0.2369422	114.0384494	22.2085154	7.95	18.3955	32.4525	0.85	8.7565	0.063	0.055	0.108	0.004	0.006	4113.078666	3841.825834	260.1812884	939897.9701	0.09945873	143	212	218	62	453.9402428	10331.05332	1726	590.6297317	22679.45269	37604	13	446.6297954	60296.45269	-2.06796597	-0.108559855	2179.940243	-2.196762911	-2.196762911	0.675880929	1.562600047	3.259572556	0.70889313	150.5969877	-2.196762911	-1.98874848	1.47509533	-1.842373326	1.175221347	-0.719828072	2.326335861	-1.440334236	-1.791814811	-1.631410464	2.819574436	-1.292275706	-0.567913863	-1.191022226	0.773456376	0.250998008	0.234520788	0.077459667	-0.164726982	61.98246392	-2.599138916
LTCC1May	LT	-1	CC1	May	CC	5	LT_May	114.038447	22.208513	2023/5/2	45048	0.509265	114.0384521	22.2085181	8.072	24.057	32.85425	3.395	7.80725	0	0.044	0.043	0.107	0.117	33899.12023	25764.22287	8012.316716	2200518.603	0.116022484	207	239	256	58	702.4239841	8381.284572	2246	5186.063757	14929.23082	34285	2	3998.554199	49216.23082	0.000811893	-0.031344373	2948.423984	-1.98874848	-0.04687002	1.589211406	0.194223904	1.443635475	0.424556474	122.1852316	-0.742236718	-1.72730919	0.188522232	-1.144692767	0.943959399	0.045159611	2.378397901	0.034898915	-1.622494669	-0.284925871	2.841126537	-0.188522232	-0.236449213	0.260610977	0.141024652	0	0.20976177	0.342052628	1.72730919	160.5123761	-0.236449213
LTCC1Nov	LT	-1	CC1	Nov	CC	11	LT_Nov	114.038447	22.208513	2023/11/21	45251	0.0425061	114.0384474	22.2085134	8.19	24.1895	32.67016667	4.2	7.337166667	0	0.168	0.07	0.019	0.142	82819.25489	16595.38916	65990.48322	1077062.714	0.155537957	249	224	224	8	13359.27633	6156.531077	11175	5879.746384	51573.64365	950	0	0.815217391	52523.64365	0.73088244	0.040236123	24534.27633	0.540597492	0.623874086	1.80434571	0.602680058	0	-2.279747526	227.0983127	-0.567913863	-0.711724305	-0.188522232	1.842373326	-1.946814949	-0.606870206	2.350248018	1.00302067	-1.246950824	0.487127154	2.861817604	0.023428576	-0.334081901	0.652593012	-0.384059188	0	0.409878031	0.376828874	0.04687002	128.8230925	0.487127154
LTCC2Aug	LT	-1	CC2	Aug	CC	8	LT_Aug	114.038447	22.208513	2023/8/30	45168	0.3359468	114.0384504	22.2085164	8.19	25.152	32.10725	7.2525	4.18125	0.021	0.283	0	0.054	0.188	25658.47934	19462.90909	6076.859504	1491889.692	0.473597448	263	221	160	61	1103.180033	9244.027987	8921	2904.766145	36570.6769	11868	6	1670.434783	48444.6769	3.844066431	0.123364235	10024.18003	-0.942778145	1.100698183	2.52365755	0.098939171	2.491779853	-1.442143042	191.2346122	-0.979966199	-0.805448788	0.309410419	-0.595660772	1.11740586	-1.659553532	2.344392274	1.325727922	0.776704036	-0.409404292	2.861817604	0.681860597	-0.979966199	1.548527579	-2.196762911	0.144913767	0.531977443	0.433589668	0.681860597	139.5095305	-0.43501519
LTCC2Feb	LT	-1	CC2	Feb	CC	2	LT_Feb	114.038447	22.208513	2023/2/10	44967	0.3528122	114.0384505	22.2085165	8.13	18.413	32.482	1.37	8.814	0.044	0.072	0.083	0.022	0.015	4027.002762	3696.339779	318.8535912	984205.8727	0.081945966	164	250	211	64	503.0532213	10252.71441	2850	550.7706597	16562.12532	32381	11	672.5297036	48954.12532	-1.705591135	-0.094587877	3353.053221	-1.72730919	-1.408853456	0.905091081	0.161854614	3.093102195	0.262161996	128.6939211	-2.599138916	-1.631410464	1.191022226	-1.631410464	1.290852321	-0.847892401	2.397940009	-0.956273358	-1.979171584	-1.72730919	2.851315486	-1.240059815	-0.513678715	-0.711724305	0.906850272	0.20976177	0.268328157	0.122474487	-0.141024652	60.79753103	-2.196762911
LTCC2May	LT	-1	CC2	May	CC	5	LT_May	114.038447	22.208513	2023/5/2	45048	0.5872502	114.0384529	22.2085189	8.2	24.19	32.31933333	2.096666667	9.022	0	0.002	0.019	0.052	0.115	24252.59939	19918.04281	4259.021407	1914049.591	0.149023801	177	248	303	34	722.8740918	6565.4198	4735	8194.944632	25542.1202	24209	36	407.3048342	49787.1202	-1.211947808	-0.050825861	5457.874092	-1.548527579	-0.212424721	1.145789331	0.264727132	4.276858964	-0.428024644	159.8190233	-0.260610977	-1.348274553	-0.117401297	-1.100698183	-0.443612288	1.153619092	2.394451681	-0.656616624	-1.30625981	-0.460914688	2.863564213	0.04687002	-0.711724305	-0.260610977	1.408853456	0	0.04472136	0.339116499	1.240059815	141.1312964	-0.540597492
LTCC2Nov	LT	-1	CC2	Nov	CC	11	LT_Nov	114.038447	22.208513	2023/11/21	45251	0.2693383	114.0384497	22.2085157	8.28	24.096	32.68133333	4.018333333	7.806166667	0	0.174	0.001	0.019	0.131	97203.73002	19104.61812	77754.88455	1042002.112	0.229393348	229	156	165	28	14399.80402	5183.532476	5240	8504.315897	29578.63613	19848	107	11	49533.63613	0.474473016	0.034707217	19639.80402	-0.023428576	0.595660772	1.731835447	0.233422564	5.36599785	-0.790997928	171.9844066	-0.117401297	-1.240059815	-0.460914688	2.599138916	-0.79050521	-1.589449037	2.193124598	0.542010311	-0.637770994	0.83828767	2.877498914	-0.141024652	-0.284925871	0.487127154	0.117401297	0	0.417133072	0.361939221	-0.023428576	138.2194564	0.805448788
LTCC3Aug	LT	-1	CC3	Aug	CC	8	LT_Aug	114.038447	22.208513	2023/8/30	45168	0.3309795	114.0384503	22.2085163	8.29	27.194	29.50383333	2.515	6.943	0.015	0.189	0	0.034	0.314	24801.78571	17478.86905	7277.678571	1637868.67	0.460237984	250	205	246	75	830.9081822	9083.564884	7917	3528.824404	36722.41518	12492	20	706.4673913	49234.41518	-0.079430442	0.175876208	8747.908182	-1.144692767	1.408853456	1.563761669	0.196469621	3.689503869	-1.391980979	191.6309348	-0.872056473	-1.018561447	0.260610977	-0.979966199	1.926822678	-0.167558301	2.311753861	1.026071188	0.71681624	-0.43501519	2.87923601	1.100698183	-2.196762911	-0.023428576	-1.018561447	0.122474487	0.434741302	0.560357029	0.906850272	132.2076739	-0.358958456
LTCC3Feb	LT	-1	CC3	Feb	CC	2	LT_Feb	114.038447	22.208513	2023/2/10	44967	0.608677	114.0384531	22.2085191	8.144	18.395	32.47	1.45	8.915	0.02	0.097	0.135	0.012	0.01	2352	1956	396	1081952.107	0.129719563	131	250	301	60	457.2245058	11241.2827	8596	826.4695991	13398.95119	39537	355	1188.93408	53290.95119	-1.672224142	-0.087482481	9053.224506	-1.058736882	-0.979966199	0.923340055	0.697440375	6.565266954	0.875182493	115.7538388	-1.98874848	-0.906850272	2.599138916	-1.72730919	1.059590373	1.102808168	2.397940009	-1.716940452	-1.48794893	-2.599138916	2.853769437	-1.348274553	-0.540597492	-0.652593012	1.240059815	0.141421356	0.31144823	0.1	0.070337251	44.22668877	-1.548527579
LTCC3May	LT	-1	CC3	May	CC	5	LT_May	114.038447	22.208513	2023/5/2	45048	0.5978793	114.038453	22.208519	7.63	24.177	32.329	1.86	9.02	0	0.01	0.012	0.016	0.139	23204.9405	18055.82402	5081.283808	2788828.053	0.151145883	184	243	267	40	1374.945094	8735.127264	6004	9872.491387	17133.64657	28932	1	4066.128677	46066.64657	-1.385511675	-0.029719576	7378.945094	-1.292275706	-0.023428576	1.0673656	-0.194740866	0.881373587	-0.030556502	130.895556	0.04687002	-1.191022226	0.236449213	-0.212424721	-0.096719366	0.288536106	2.385606274	-0.495262999	-1.286830826	-0.540597492	2.762245463	-0.023428576	-0.681860597	-0.567913863	1.348274553	0	0.1	0.372827038	2.196762911	134.3719614	-0.487127154
LTCC3Nov	LT	-1	CC3	Nov	CC	11	LT_Nov	114.038447	22.208513	2023/11/21	45251	0.1976505	114.038449	22.208515	8.28	24.11275	32.67608333	4.364166667	7.678666667	0	0.166	0.041	0.022	0.135	82363.36634	16502.9703	65708.91089	997241.1353	0.284749497	234	188	136	28	12462.87607	6321.641417	3917	16818.63669	20941.99403	24878	0	231.4226343	45819.99403	0.761239618	0.034223047	16379.87607	-0.460914688	0.567913863	1.812738431	-0.225201759	0	-0.371982515	144.7134895	0.540597492	-1.47509533	-0.141024652	1.548527579	-0.79050521	-1.967241868	2.274157849	0.657262901	-0.247037692	0.43501519	2.877498914	-0.117401297	-0.309410419	0.711724305	0	0	0.407430976	0.367423461	-0.070337251	128.4638871	0.460914688
LTCMW1Aug	LT	-1	CMW1	Aug	CMW	8	LT_Aug	114.001192	22.239061	2023/8/30	45168	0.8046493	114.0011997	22.2390692	8.39	28.059	29.537	3.225	7.7855	0.003	0.17	0	0.014	0.249	17542.57522	13210.87027	4232.125526	1965774.493	0.423692825	191	239	224	68	1203.379511	9514.003662	4944	7498.973586	12069.35294	38305	9	338.4320054	50383.35294	0.216677199	0.119891038	6147.379511	-1.348274553	1.058736882	1.655734942	0.338360193	2.893443986	0.769140986	109.8606069	-0.358958456	-1.292275706	0.460914688	-0.460914688	1.522114269	-0.606870206	2.378397901	-0.333909373	0.544484906	-0.906850272	2.896549672	1.348274553	-1.842373326	0.117401297	0.093843288	0.054772256	0.412310563	0.498998998	1.348274553	114.93855	-0.567913863
LTCMW1Feb	LT	-1	CMW1	Feb	CMW	2	LT_Feb	114.001192	22.239061	2023/2/10	44967	0.7152529	114.0011989	22.2390683	8.064	18.983	32.5725	5.24	8.5445	0.004	0.091	0.026	0	0	8142.342911	7731.986107	372.5607831	1130481.447	0.102245902	164	127	255	63	1351.102687	10189.76689	13441	5337.75714	18081.65772	33024	27	2731.579284	51132.65772	1.186348073	-0.09737444	14792.10269	-0.652593012	-1.548527579	1.926429099	0.43089722	3.989326806	0.316943054	134.4680546	-0.681860597	-0.567913863	1.018561447	-0.260610977	1.233036834	0.023521893	2.103803721	-0.956273358	-1.762800043	-1.144692767	2.839718296	-0.872056473	-0.460914688	1.018561447	0.623874086	0.063245553	0.301662063	0	0.188522232	87.93171275	-1.631410464
LTCMW1May	LT	-1	CMW1	May	CMW	5	LT_May	114.001192	22.239061	2023/5/2	45048	0.6405136	114.0011981	22.2390675	8.27	24.434	32.17033333	2.5	9.142666667	0.017	0.079	0.014	0	0.162	18746.20253	15094.93671	3582.911392	1773672.238	0.131425709	178	211	316	33	771.7937828	8130.963964	10065	8376.369927	9269.258099	30386	28	211.6160859	39683.2581	-0.933393705	0.016756799	10836.79378	-0.872056473	0.487127154	1.261502	-0.983071334	4.025670416	0.092608344	96.27698634	-0.164726982	-0.773456376	0.164726982	-1.058736882	-0.501427775	1.491762516	2.324282455	-0.633566106	-1.471523573	-0.742236718	2.875760769	0.188522232	-0.83828767	-0.04687002	1.548527579	0.130384048	0.281069386	0.402492236	1.144692767	122.8614533	-0.652593012
LTCMW1Nov	LT	-1	CMW1	Nov	CMW	11	LT_Nov	114.001192	22.239061	2023/11/21	45251	0.8474427	114.0012002	22.2390696	8.33	24.0465	32.3835	8.37	7.2485	0.003	0.181	0.001	0.001	0.156	155336.6803	51930.7377	102897.8484	2800508.2	0.236936357	249	255	202	13	7416.881013	7125.500007	19457	11439.44946	4279.767629	39504	0	92.73401534	43783.76763	3.833099466	0.056112661	26873.88101	0.872056473	0.773456376	2.521483783	-0.476669975	0	0.872339534	65.41993296	0.188522232	0.540597492	0.023428576	0.979966199	-1.657737514	-1.006652844	2.40654018	1.00302067	-0.581493364	2.599138916	2.886173938	-0.260610977	-0.623874086	1.842373326	-0.513678715	0.054772256	0.425440948	0.394968353	2.599138916	227.8831668	1.47509533
LTCMW2Aug	LT	-1	CMW2	Aug	CMW	8	LT_Aug	114.001192	22.239061	2023/8/30	45168	0.42415	114.0011959	22.2390654	8.35	28.109	29.535	4.04	7.534	0.007	0.189	0	0.022	0.25	27295.66678	22958.91837	4273.563991	2034321.936	0.462169689	282	225	223	54	1361.083557	9429.000462	10254	5195.328019	9404.7732	37184	6	92.09313072	46594.7732	0.878652513	0.128762805	11615.08356	-0.83828767	1.240059815	1.844839698	-0.129518717	2.491779853	0.672827537	96.97820992	-0.711724305	-0.742236718	0.384059188	-0.236449213	0.712697452	-0.625900768	2.352182518	1.763687764	0.725575103	-0.309410419	2.889636655	1.408853456	-1.98874848	0.513678715	-0.117401297	0.083666003	0.434741302	0.5	1.47509533	151.5220062	-0.513678715
LTCMW2Feb	LT	-1	CMW2	Feb	CMW	2	LT_Feb	114.001192	22.239061	2023/2/10	44967	0.2172885	114.0011939	22.2390633	8.14	18.884	32.574	6.235	8.8335	0	0.107	0.038	0.004	0.005	10977.48252	10541.01399	412.5524476	1319014.239	0.100165534	153	234	260	68	971.7313665	10041.88819	15539	9330.750128	12483.82737	39628	1169	2397.547232	53280.82737	1.838569477	-0.086820116	16510.73137	-0.384059188	-0.906850272	2.088863441	0.696190111	7.757051325	0.883022889	111.7310493	0	-0.188522232	0.805448788	-0.711724305	1.522114269	0.132523112	2.369215857	-1.209829056	-1.784436482	-1.058736882	2.853068524	-1.018561447	-0.43501519	1.348274553	0.979966199	0	0.327108545	0.070710678	0.487127154	102.6694404	-1.47509533
LTCMW2May	LT	-1	CMW2	May	CMW	5	LT_May	114.001192	22.239061	2023/5/2	45048	0.8592281	114.0012003	22.2390697	8.3	24.47666667	32.16666667	4.71	8.912333333	0	0.057	0	0.035	0.146	18497.38372	15084.01163	3380.232558	1626157.984	0.153739652	149	247	111	43	1163.992307	9939.356716	8032	4398.131252	5769.717604	38734	48	2426.809977	44551.7176	0.743604992	-0.0044117	9195.992307	-0.979966199	0.460914688	1.807867803	-0.38183032	4.564456681	0.806043716	75.9586572	-0.773456376	-0.979966199	0.742236718	-0.513678715	0.076727095	-2.236804612	2.392696953	-1.302031128	-1.263225557	-0.83828767	2.880972058	0.334081901	-0.872056473	0.83828767	1.191022226	0	0.238746728	0.382099463	0.805448788	122.8169843	-0.681860597
LTCMW2Nov	LT	-1	CMW2	Nov	CMW	11	LT_Nov	114.001192	22.239061	2023/11/21	45251	0.9316885	114.001201	22.2390704	8.33	24.151	32.4045	8	7.4645	0	0.196	0.055	0.007	0.144	124119.2788	37820.80444	85887.37864	2466559.531	0.302521481	190	258	177	23	10858.97627	5469.039594	14425	15460.82737	3894.723115	32923	1905	2354.292199	38722.72312	3.50397045	0.053714784	25283.97627	0.681860597	0.711724305	2.455351594	-1.101694694	8.245384537	0.308334068	62.40771679	0.460914688	-0.384059188	-0.384059188	1.47509533	-1.079582645	-1.412779235	2.411619706	-0.356959891	-0.131814888	1.47509533	2.886173938	-0.093843288	-0.595660772	1.72730919	-0.212424721	0	0.442718872	0.379473319	1.98874848	194.4757168	1.191022226
LTCMW3Aug	LT	-1	CMW3	Aug	CMW	8	LT_Aug	114.001192	22.239061	2023/8/30	45168	0.1813433	114.0011935	22.2390629	8.32	28.40266667	29.48766667	3.35	7.349666667	0.016	0.229	0	0.019	0.184	18613.84774	14455.18429	4123.320703	2223782.017	0.425163121	231	239	241	55	2224.230504	9896.630959	2033	3189.835886	38186.28986	35451	3063	1176.93798	76700.28986	0.426830498	0.097278747	4257.230504	-1.631410464	0.979966199	1.718025465	3.588427661	8.720297314	0.524270199	195.4131261	-0.942778145	-1.842373326	0.623874086	0.188522232	0.770512939	-0.270865793	2.378397901	0.588111347	0.551669505	-0.805448788	2.88444102	1.631410464	-2.599138916	0.212424721	-0.358958456	0.126491106	0.478539445	0.428952212	1.842373326	120.2297147	-0.623874086
LTCMW3Feb	LT	-1	CMW3	Feb	CMW	2	LT_Feb	114.001192	22.239061	2023/2/10	44967	0.6987306	114.0011987	22.2390681	8.18	18.989	32.564	5.25	8.89	0.036	0.108	0	0.002	0.005	8701.38102	8313.845609	369.3696884	1250276.382	0.167118173	150	192	246	59	629.090803	10256.97502	14553	8285.419842	14791.77198	37243	2181	472.005629	54215.77198	1.104349237	-0.086494217	15182.0908	-0.623874086	-0.872056473	1.905027621	0.811653133	8.380685999	0.677892454	121.621429	-0.212424721	-0.334081901	1.240059815	-1.240059815	1.001774886	-0.167558301	2.283301229	-1.27898061	-1.143906448	-1.100698183	2.860069929	-0.83828767	-0.487127154	1.058736882	1.144692767	0.18973666	0.328633535	0.070710678	0.334081901	91.18029178	-1.72730919
LTCMW3May	LT	-1	CMW3	May	CMW	5	LT_May	114.001192	22.239061	2023/5/2	45048	0.7539219	114.0011992	22.2390686	8.29	24.5575	32.156	3.47	8.634	0	0.042	0.108	0.217	0.225	15688.77762	12346.71961	3318.439227	1087609.703	0.149663152	202	250	187	33	1229.738156	10632.7655	7573	4050.922214	9078.231884	31021	20	43.38320415	40119.23188	-0.089682261	0.047340526	8802.738156	-1.100698183	0.652593012	1.560480291	-0.929229802	3.689503869	0.146507515	95.2797559	-0.805448788	-1.058736882	1.631410464	-0.43501519	-0.501427775	-1.256492274	2.397940009	-0.080353675	-1.300395072	-0.979966199	2.87923601	0.358958456	-0.906850272	0.284925871	0.711724305	0	0.204939015	0.474341649	0.093843288	111.1157937	-0.711724305
LTCMW3Nov	LT	-1	CMW3	Nov	CMW	11	LT_Nov	114.001192	22.239061	2023/11/21	45251	0.2376255	114.0011941	22.2390635	8.3	24.252	32.3775	7.395	7.395	0.018	0.218	0.001	0.005	0.154	99816.47643	38400.74442	61237.51861	1555968.114	0.212204237	221	80	110	26	9692.260585	6623.260212	13102	21485.31448	11241.87511	35983	0	1864.217391	47224.87511	3.082301664	0.070461401	22794.26058	0.384059188	0.872056473	2.367927926	-0.051702909	0	0.569830164	106.0277092	0.979966199	-0.623874086	-0.093843288	1.292275706	-0.906136184	-2.246500737	1.903089987	0.357606167	-0.769877648	1.058736882	2.880972058	0.117401297	-0.652593012	1.631410464	-0.260610977	0.134164079	0.466904701	0.392428337	0.742236718	195.9610788	0.334081901
LTPC1Aug	LT	-1	PC1	Aug	PC	8	LT_Aug	114.043931	22.287269	2023/8/30	45168	0.4317743	114.0439349	22.2872738	8.113	26.879	30.215	15.95	4.624	0.035	0.323	0.005	0.044	0.547	42124.23685	31979.95587	9999.632218	1705749.388	0.363589759	273	260	349	35	1450.40398	9810.341902	18416	9014.241829	20032.1217	22652	27	10920.84904	42711.1217	10.28117203	0.404880142	19866.40398	0.04687002	2.196762911	3.578540629	-0.609138721	3.989326806	-0.558097924	141.534878	-0.070337251	0.384059188	0.595660772	-0.117401297	-0.385796801	2.411297992	2.414973348	1.556233102	0.2310594	-0.117401297	2.848332846	0.979966199	-1.631410464	2.599138916	-1.842373326	0.187082869	0.56833089	0.739594483	1.018561447	178.8294044	-0.117401297
LTPC1Feb	LT	-1	PC1	Feb	PC	2	LT_Feb	114.043931	22.287269	2023/2/10	44967	0.6664754	114.0439373	22.2872761	8.16	18.909	32.23225	2.14	9.47675	0.025	0.113	0.081	0	0.001	3320.500677	2967.625169	347.0906631	650729.4925	0.066863463	163	107	290	56	624.992236	10298.50679	8503	978.12197	25052.4058	29845	13	3078.623402	54910.4058	-1.290152586	-0.087264933	9127.992236	-1.018561447	-0.942778145	1.111138342	0.89743845	3.259572556	0.046740128	158.2795179	-1.72730919	-0.942778145	1.408853456	-1.292275706	0.828328426	0.829127211	2.029383778	-0.979323876	-2.147813393	-2.196762911	2.856571371	-0.979966199	-0.805448788	-0.212424721	1.72730919	0.158113883	0.336154726	0.031622777	-0.906850272	54.47591366	-1.98874848
LTPC1May	LT	-1	PC1	May	PC	5	LT_May	114.043931	22.287269	2023/5/2	45048	0.1967499	114.0439326	22.2872714	8.21	24.095	32.2968	3.91	8.3694	0.005	0.043	0.014	0.126	0.204	16967.60391	12710.02445	4229.706601	1273428.773	0.119810105	198	249	216	39	959.902316	5775.235798	820	15240.08566	27483.98679	12421	0	9223.032048	39904.98679	0.287015386	0.032288424	1779.902316	-2.599138916	0.540597492	1.676841193	-0.955688466	0	-1.397696095	165.7829508	0.43501519	-2.599138916	-0.309410419	-0.773456376	-0.154534853	-0.756826837	2.396199347	-0.172555747	-1.584805491	-0.942778145	2.865309756	-0.164726982	-0.742236718	0.43501519	0.460914688	0.070710678	0.207364414	0.451663592	0.384059188	112.7387442	-0.595660772
LTPC1Nov	LT	-1	PC1	Nov	PC	11	LT_Nov	114.043931	22.287269	2023/11/21	45251	0.101415	114.0439316	22.2872705	8.31	24.921	32.623	3.28	7.406	0.006	0.17	0.053	0.017	0.202	57839.97043	17968.06309	39652.78462	721809.0452	0.312730631	247	237	319	28	12780.07754	5068.036161	20532	12883.08205	42244.65281	5685	0	2835.696931	47929.65281	0.044736103	0.085266771	33312.07754	1.631410464	0.906850272	1.602971336	0.035335149	0	-1.929117388	205.5350403	0.284925871	0.681860597	-0.487127154	1.72730919	-0.79050521	1.571732076	2.374748346	0.956919634	-0.067685915	0.023428576	2.882707061	0.595660772	-0.384059188	0.164726982	-0.236449213	0.077459667	0.412310563	0.449444101	-0.595660772	134.045004	0.093843288
LTPC2Aug	LT	-1	PC2	Aug	PC	8	LT_Aug	114.043931	22.287269	2023/8/30	45168	0.2292292	114.0439329	22.2872717	8.11	25.986	30.7175	14.7	4.229	0.027	0.321	0.012	0.043	0.616	68270.31419	59797.50813	8343.12026	1628475.41	0.402498405	244	247	317	39	917.2738299	9599.752908	23526	5680.199032	36980.20652	10682	24	5715.884848	47686.20652	9.419267023	0.454864241	24443.27383	0.513678715	2.599138916	3.456016207	0.005270219	3.871634756	-1.537049337	192.302383	-0.595660772	1.058736882	0.513678715	-0.805448788	-0.154534853	1.518338394	2.392696953	0.88776808	0.438450361	0.093843288	2.847806173	0.742236718	-1.408853456	1.98874848	-1.98874848	0.164316767	0.566568619	0.784856675	0.83828767	244.5352902	-0.212424721
LTPC2May	LT	-1	PC2	May	PC	5	LT_May	114.043931	22.287269	2023/5/2	45048	0.1943249	114.0439325	22.2872714	8.22	24.028	32.108	3.56	8.128	0	0	0.021	0	0.174	38653.06049	31555.4147	6998.55125	1685232.309	0.151374082	197	222	198	38	1320.910314	9731.53731	1689	19998.45029	17541.28468	26744	4	1574.648773	44289.28468	0.113048158	-0.008229665	3009.910314	-1.842373326	0.409404292	1.624139513	-0.414240045	2.094712547	-0.215205723	132.4435151	0.872056473	-2.196762911	0.540597492	-0.284925871	-0.21235034	-1.075082275	2.346352974	-0.195606265	-1.284747778	-0.212424721	2.867054237	-0.334081901	-0.942778145	0.334081901	0.284925871	0	0	0.417133072	0.979966199	177.6384381	-0.384059188
LTPC2Nov	LT	-1	PC2	Nov	PC	11	LT_Nov	114.043931	22.287269	2023/11/21	45251	0.6269482	114.0439369	22.2872757	8.32	24.95933333	32.61766667	4.47	7.109333333	0	0.178	0.001	0.017	0.17	71668.21761	28110.34359	43392.62706	884648.3973	0.332519674	250	265	267	22	5132.593523	5028.811013	28387	12949.39679	28052.3231	13508	0	36.5326087	41560.3231	0.993130999	0.065145971	33519.59352	1.72730919	0.83828767	1.875609767	-0.751259102	0	-1.309993947	167.4882775	0.309410419	1.631410464	-0.513678715	0.681860597	-1.137398132	0.288536106	2.423245874	1.026071188	0.052536658	0.141024652	2.88444102	0.623874086	-0.409404292	0.757754224	-0.742236718	0	0.421900462	0.412310563	-0.334081901	167.6613956	0.117401297
LTPC3Aug	LT	-1	PC3	Aug	PC	8	LT_Aug	114.043931	22.287269	2023/8/30	45168	0.2115005	114.0439327	22.2872716	8.11	26.5705	30.349	15.655	4.9635	0.031	0.334	0.007	0.037	0.257	72948.40116	62242.26017	10575.65407	1657223.497	0.350865369	185	259	281	51	1171.84676	9180.470463	29371	5393.758253	25959.36594	21480	99	2886.464006	47538.36594	9.963274622	0.196021883	30542.84676	1.348274553	1.47509533	3.533844312	-0.012987675	5.288292537	-0.655663401	161.1191048	-0.652593012	1.842373326	0.284925871	-0.487127154	0.539250991	0.612487457	2.413299764	-0.472212481	0.159403575	0.236449213	2.847806173	0.942778145	-1.548527579	2.196762911	-1.47509533	0.176068169	0.577927331	0.506951674	0.942778145	249.4839878	-0.04687002
LTPC3Feb	LT	-1	PC3	Feb	PC	2	LT_Feb	114.043931	22.287269	2023/2/10	44967	0.313111	114.0439337	22.2872726	8.2	19.124	32.245	3.06	9.394	0.031	0.158	0.074	0.012	0.01	3386.742301	3031.993517	354.7487844	722370.0103	0.170433596	134	170	301	59	525.191004	9253.439786	15114	16821.66222	24555.84688	27081	28	3873.294694	51664.84688	-0.596903363	-0.061358742	15639.191	-0.567913863	-0.358958456	1.388480334	0.49662108	4.025670416	-0.186821795	156.7030532	0.567913863	-0.284925871	0.334081901	-1.548527579	1.001774886	1.102808168	2.230448921	-1.647788898	-1.114954415	-1.98874848	2.863564213	-0.805448788	-0.773456376	0.070337251	1.631410464	0.176068169	0.397492138	0.1	-0.567913863	55.06354072	-1.842373326
LTPC3May	LT	-1	PC3	May	PC	5	LT_May	114.043931	22.287269	2023/5/2	45048	0.2647497	114.0439332	22.2872721	8.24	23.98375	31.93125	4.125	8.05925	0	0.046	0	0.107	0.19	41646.19679	33639.14864	7857.885555	2061444.682	0.103701788	174	244	307	69	1616.395638	5624.272507	15151	23842.8538	17317.13406	25993	4	5769.063562	43314.13406	0.562087701	0.023277975	16767.39564	-0.358958456	0.513678715	1.75694869	-0.534668396	2.094712547	-0.278382913	131.5945822	1.100698183	-0.260610977	-0.358958456	-0.04687002	1.579929756	1.256210198	2.387389826	-0.725768178	-1.747729543	-0.141024652	2.870540019	-0.358958456	-1.058736882	0.567913863	0.236449213	0	0.214476106	0.435889894	1.631410464	183.4097834	-0.284925871
LTPC3Nov	LT	-1	PC3	Nov	PC	11	LT_Nov	114.043931	22.287269	2023/11/21	45251	0.3111792	114.0439337	22.2872726	8.36	25.00333333	32.62966667	4.806666667	7.816666667	0.012	0.171	0.001	0.017	0.159	43401.24434	15926.47059	27397.39819	454808.046	0.248484697	193	97	271	7	3132.551152	8064.594511	21453	35004.81817	3328.38147	48263	0	0.054347826	51591.38147	1.053573349	0.054008721	24585.55115	0.567913863	0.742236718	1.891653866	0.487548309	0	1.631521368	57.69212659	1.348274553	0.872056473	0.141024652	0.358958456	-2.004630436	0.379471939	1.986771734	-0.287808337	-0.497258432	-0.070337251	2.891366459	0.652593012	-0.358958456	0.872056473	0.164726982	0.109544512	0.413521463	0.398748041	-1.72730919	126.2001212	0
SKBlu1Aug	SK	1	Blu1	Aug	Blu	8	SK_Aug	114.353753	22.325144	2023/8/23	45161	0.6983707	114.3537598	22.3251514	8.27	28.37033333	33.418	0.296666667	7.861	0.011	0.172	0	0	0.288	81262.6652	4453.909692	76752.25771	1169116.919	0.513737084	252	250	285	33	4180.484311	3587.762747	17298	9103.995408	4891.513001	43671	0	4505.918798	48562.513	-2.336359755	0.149449384	21478.48431	0.236449213	1.348274553	0.434075161	0.113491597	0	1.232397281	69.93935231	-0.023428576	0.188522232	-1.292275706	0.567913863	-0.501427775	0.707962246	2.397940009	1.072172224	0.947399657	0.384059188	2.875760769	1.548527579	0.513678715	-1.842373326	0.212424721	0.104880885	0.414728827	0.536656315	0.284925871	66.73761827	0.711724305
SKBlu1Feb	SK	1	Blu1	Feb	Blu	2	SK_Feb	114.353753	22.325144	2023/2/23	44980	0.0071483	114.3537529	22.3251445	7.86	18.78633333	33.603	5.623333333	8.457666667	0.036	0.191	0	0.033	0.036	20666.87117	18747.67232	1906.85673	625257.9814	0.888595741	206	177	241	40	2056.050065	9538.725718	3612	40242.6746	9220.423913	54120	869	9220.823529	64209.42391	1.385478068	-0.028074403	5668.050065	-1.408853456	0.023428576	1.9774375	2.045840954	7.460490637	2.143825332	96.02303845	1.548527579	-1.548527579	0.487127154	0.164726982	-0.096719366	-0.270865793	2.247973266	0.011848397	2.061105438	-0.652593012	2.803569154	-1.058736882	0.83828767	1.240059815	0.513678715	0.18973666	0.437035468	0.18973666	-1.058736882	136.9221396	-0.83828767
SKBlu1May	SK	1	Blu1	May	Blu	5	SK_May	114.353753	22.325144	2023/5/5	45051	0.1713917	114.3537545	22.3251462	8.1167	24.875	33.83466667	0.593333333	7.369	0.024	0.06	0	0	0.02	107318.0562	10806.63289	96078.21281	622648.3884	0.344340596	112	241	249	38	7680.696372	1044.566584	15753	18068.87829	14345.99638	35778	0	1360.110363	50123.99638	-2.03297625	-0.095993483	23433.69637	0.43501519	-1.47509533	0.701287922	0.30633039	0	0.552269438	119.7747736	0.711724305	-0.141024652	-2.599138916	1.058736882	-0.21235034	-0.104597004	2.382017043	-2.154900293	0.121885755	1.191022226	2.848982274	0.540597492	1.631410464	-1.548527579	-0.309410419	0.154919334	0.244948974	0.141421356	-1.100698183	103.9549561	1.348274553
SKBlu1Nov	SK	1	Blu1	Nov	Blu	11	SK_Nov	114.353753	22.325144	2023/11/28	45258	0.5478769	114.3537583	22.3251499	8.24	23.287	33.166	5.41	7.087	0	0.114	0.001	0.013	0.099	73496.76026	19371.38229	53922.24622	615857.3876	0.522053704	259	274	282	27	6106.044127	7927.006098	26498	7596.787386	31783.27661	17918	0	477.786445	49701.27661	1.631229216	-0.014587315	32604.04413	1.548527579	0.334081901	2.038629495	0.254125691	0	-0.950196601	178.2786488	-0.309410419	1.47509533	0.117401297	0.906850272	-0.848320697	0.636234681	2.437750563	1.23352585	0.981123857	0.260610977	2.870540019	-0.681860597	0.236449213	1.144692767	-0.805448788	0	0.33763886	0.314642654	-1.144692767	139.1811133	0.212424721
SKBlu2Aug	SK	1	Blu2	Aug	Blu	8	SK_Aug	114.353753	22.325144	2023/8/23	45161	0.2532943	114.3537553	22.325147	8.23	28.457	33.43425	0.7575	8.115	0.014	0.164	0	0	0.411	77151.67307	5215.359298	71898.7932	1167550.41	0.46202844	217	256	283	40	2393.914312	4228.234388	15315	6217.14236	10495.96142	29823	0	3602.998721	40318.96142	-2.067210142	0.236600632	17708.91431	-0.260610977	1.842373326	0.676439841	-0.904563767	0	0.044875906	102.4497995	-0.487127154	-0.212424721	-0.681860597	0.260610977	-0.096719366	0.660062894	2.408239965	0.265404095	0.724935793	0.358958456	2.868797658	1.842373326	0.540597492	-1.348274553	0.260610977	0.118321596	0.404969135	0.641092817	0.260610977	72.21744455	0.595660772
SKBlu2Feb	SK	1	Blu2	Feb	Blu	2	SK_Feb	114.353753	22.325144	2023/2/23	44980	0.4561644	114.3537574	22.325149	8.1167	18.977	33.583	3.36	8.2635	0.052	0.188	0	0.003	0.005	17848.30769	16112	1730.461538	675265.5429	0.766818553	239	192	281	39	1280.957963	10088.79119	18359	31039.09016	14314.07402	42987	25	635.1585678	57326.07402	-0.217356366	-0.052238073	19639.95796	0	-0.236449213	1.519020946	1.195766661	3.912422766	1.173150828	119.6414394	1.191022226	0.334081901	0.872056473	-0.384059188	-0.154534853	0.612487457	2.283301229	0.772515491	1.774202976	-0.872056473	2.848982274	-0.906850272	0.742236718	0.236449213	0.334081901	0.228035085	0.433589668	0.070710678	-0.773456376	126.9330532	-0.942778145
SKBlu2May	SK	1	Blu2	May	Blu	5	SK_May	114.353753	22.325144	2023/5/5	45051	0.2496835	114.3537553	22.3251469	8.1575	24.8965	33.831	1.145	7.5775	0.034	0.046	0	0.023	0.079	109980.7692	12601.7094	97013.67521	688496.5926	0.360689794	157	246	252	49	3276.322667	1493.339539	16797	17437.72048	15314.91962	29518	0	1540.395572	44832.91962	-1.683502757	-0.058571143	20073.32267	0.070337251	-0.334081901	0.917212213	-0.347102664	0	0.019039363	123.7534631	0.652593012	0.04687002	-2.196762911	0.409404292	0.423620017	-0.0409035	2.390935107	-1.117626984	0.214901501	1.240059815	2.85613375	0.567913863	1.44118399	-0.979966199	-0.093843288	0.184390889	0.214476106	0.281069386	-0.681860597	112.2573356	1.408853456
SKBlu2Nov	SK	1	Blu2	Nov	Blu	11	SK_Nov	114.353753	22.325144	2023/11/28	45258	0.6217135	114.353759	22.3251507	8.29	23.336	33.159	3.24	7.141	0	0.12	0.001	0.008	0.109	71793.25513	19657.47801	51935.19062	636461.819	0.49596991	229	270	240	33	4157.236989	5968.499881	23175	8595.619978	19076.96164	23416	1	7170.067136	42493.96164	0.030584911	-0.004649633	27332.23699	0.942778145	0.43501519	1.598551191	-0.635957376	0.881373587	-0.494336173	138.1193746	-0.093843288	1.018561447	-0.236449213	0.513678715	-0.501427775	-0.291282982	2.431363764	0.542010311	0.873501237	0.164726982	2.87923601	-0.623874086	0.188522232	0.141024652	-0.652593012	0	0.346410162	0.33015148	-0.979966199	140.2051283	0.164726982
SKBlu3Aug	SK	1	Blu3	Aug	Blu	8	SK_Aug	114.353753	22.325144	2023/8/23	45161	0.1409745	114.3537542	22.3251458	8.2467	28.026	33.456	0.06	7.736	0.018	0.162	0	0	0.488	83216.51376	6144.495413	77011.00917	1400170.854	0.487436348	213	246	269	22	2853.120458	4676.910668	13531	5575.801384	7979.220375	40672	7	22.0786445	48658.22038	-2.480679714	0.292442473	16384.12046	-0.43501519	1.98874848	0.210003062	0.125311189	2.644120761	0.973047253	89.32648194	-0.623874086	-0.540597492	-0.595660772	0.309410419	-1.137398132	0.333841766	2.390935107	0.173202023	0.837083544	0.513678715	2.87170681	1.292275706	0.567913863	-2.599138916	0.04687002	0.134164079	0.402492236	0.698569968	0.595660772	78.38683189	0.742236718
SKBlu3Feb	SK	1	Blu3	Feb	Blu	2	SK_Feb	114.353753	22.325144	2023/2/23	44980	0.1882067	114.3537547	22.3251463	8.1	18.9505	33.589	6.835	8.285	0.036	0.178	0	0.028	0.018	20977.45957	19133.7938	1803.33558	717305.6625	0.862873294	236	190	276	39	1420.847745	9805.245219	8649	34769.67602	5830.461819	49561	10	264.8734015	55401.46182	2.318232927	-0.046905531	10069.84774	-0.906850272	-0.117401297	2.200684877	0.958082484	2.99822295	1.744755188	76.35746079	1.292275706	-0.872056473	0.567913863	-0.141024652	-0.154534853	0.494966541	2.278753601	0.703363937	2.005061334	-0.623874086	2.846049894	-0.942778145	0.773456376	1.47509533	0.358958456	0.18973666	0.421900462	0.134164079	-0.623874086	138.3249573	-0.872056473
SKBlu3May	SK	1	Blu3	May	Blu	5	SK_May	114.353753	22.325144	2023/5/5	45051	0.1243947	114.353754	22.3251457	8.17	24.857	33.831	0.25	7.499	0.051	0.055	0	0.091	0.076	125513.5135	13418.91892	111494.5946	586767.3869	0.342231367	155	248	288	48	5674.586479	2105.067786	13692	18947.67214	24977.92921	15423	0	416.0312475	40400.92921	-2.317667456	-0.056970275	19366.58648	-0.093843288	-0.284925871	0.455097291	-0.894440976	0	-1.154491558	158.0440736	0.805448788	-0.460914688	-1.72730919	0.805448788	0.36580453	0.780418433	2.394451681	-1.16372802	0.109642938	1.548527579	2.858321186	0.513678715	1.44118399	-2.196762911	-0.164726982	0.225831796	0.234520788	0.275680975	-1.348274553	115.8400575	1.631410464
SKBlu3Nov	SK	1	Blu3	Nov	Blu	11	SK_Nov	114.353753	22.325144	2023/11/28	45258	0.7390506	114.3537602	22.3251518	8.29	23.305	33.162	4.47	7.078	0	0.111	0.001	0	0.085	65396.06259	14717.56689	50523.11964	596878.4094	0.493548795	227	272	248	17	5398.377634	6771.184526	18690	7918.803742	24535.09369	23035	0	80.66304348	47570.09369	0.946413928	-0.026184692	24088.37763	0.460914688	0.070337251	1.863114309	-0.009069388	0	-0.526149139	156.636821	-0.284925871	0.460914688	-0.023428576	0.773456376	-1.426475566	-0.125665475	2.434568904	0.495909275	0.863230954	0.070337251	2.87923601	-0.652593012	0.212424721	0.757754224	-0.83828767	0	0.333166625	0.291547595	-1.240059815	121.3159795	0.141024652
SKLKW1Aug	SK	1	LKW1	Aug	LKW	8	SK_Aug	114.382056	22.375492	2023/8/23	45161	0.3490696	114.3820597	22.3754959	8.03	24.46758333	34.01041667	0.583333333	5.23425	0.016	0.186	0	0	0.25	97131.16016	11920.84189	85131.31417	1285910.127	0.53794193	241	239	268	34	1134.603378	3716.680499	12388	17545.57762	9567.079193	45553	0	60.50312632	55120.07919	-1.500875337	0.127450766	13522.60338	-0.773456376	1.144692767	1.011882238	0.923332523	0	1.395691071	97.81144715	0.681860597	-0.652593012	-0.942778145	-0.540597492	-0.443612288	0.311148367	2.378397901	0.818616527	1.044069237	0.805448788	2.833725463	0.260610977	1.98874848	-1.631410464	-1.348274553	0.126491106	0.431277173	0.5	0.460914688	109.182608	1.144692767
SKLKW1Feb	SK	1	LKW1	Feb	LKW	2	SK_Feb	114.382056	22.375492	2023/3/1	44986	0.7105609	114.3820633	22.3754995	7.85	18.53933333	33.59566667	2.393333333	8.768333333	0.007	0.189	0	0	0	47786.06883	45313.30245	2461.449371	1064637.483	0.900048818	179	172	290	53	1688.994033	10051.40055	15785	42504.31956	10200.91408	21530	46	873.3395141	31776.91408	-1.057461102	-0.055363227	17473.99403	-0.284925871	-0.260610977	1.211329806	-1.959482516	4.521906704	-0.651507323	100.9995747	2.196762911	-0.117401297	0.83828767	-0.023428576	0.654881965	0.829127211	2.235528447	-0.610515588	2.085345805	-0.023428576	2.801785145	-1.144692767	0.805448788	-0.117401297	0.83828767	0.083666003	0.434741302	0	0.023428576	212.8692144	-0.742236718
SKLKW1May	SK	1	LKW1	May	LKW	5	SK_May	114.382056	22.375492	2023/5/5	45051	0.4223602	114.3820604	22.3754966	7.9375	24.708	33.835	2.3	7.384	0.002	0.034	0	0.004	0.101	95637.43523	11436.9171	83801.81347	727838.8168	0.334644368	186	256	362	54	3319.519293	2787.873079	17179	20508.1268	5819.885581	10051	4	34332.43127	15874.88558	-0.788575057	-0.047421888	20498.51929	0.164726982	-0.141024652	1.317651677	-3.923338176	2.094712547	-1.587295321	76.28817458	0.942778145	0.141024652	-1.548527579	0.43501519	0.712697452	2.797585223	2.408239965	-0.449161963	0.065134481	0.742236718	2.817356917	0.487127154	1.72730919	-0.141024652	-0.284925871	0.04472136	0.184390889	0.317804972	-0.540597492	106.9435229	0.942778145
SKLKW1Nov	SK	1	LKW1	Nov	LKW	11	SK_Nov	114.382056	22.375492	2023/11/28	45258	0.3601032	114.3820598	22.375496	8.3	23.423	33.1155	3.285	7.0995	0	0.109	0.001	0	0.091	72474.06807	18575.81037	53780.47002	632398.7024	0.595772601	281	265	287	25	7169.776114	5709.849212	26370	13039.50313	2680.885824	46374	0	522.0658568	49054.88582	0.078718153	-0.022623214	33539.77611	1.842373326	0.164726982	1.613536226	0.174298252	0	1.467051418	51.77727131	0.334081901	1.408853456	-0.334081901	0.942778145	-0.963951671	0.75618543	2.423245874	1.740637246	1.257848393	0.212424721	2.880972058	-0.540597492	0.141024652	0.188522232	-0.773456376	0	0.33015148	0.301662063	-1.018561447	136.2931046	0.188522232
SKLKW2Aug	SK	1	LKW2	Aug	LKW	8	SK_Aug	114.382056	22.375492	2023/8/23	45161	0.9162896	114.3820654	22.3755015	8.13	24.207	34.049	0.88	5.163	0.02	0.178	0	0	0.386	98378.66109	14330.06575	83925.94142	1356089.751	0.471847481	242	246	276	36	1695.070485	3636.949616	24293	24737.53531	12773.6016	39024	0	1063.217027	51797.6016	-1.26917286	0.22417371	25988.07048	0.742236718	1.72730919	1.120539218	0.513015913	0	0.831003255	113.0203592	1.144692767	1.191022226	-1.144692767	0	-0.327981314	0.494966541	2.390935107	0.841667045	0.768949993	0.979966199	2.851315486	0.070337251	2.599138916	-1.144692767	-1.408853456	0.141421356	0.421900462	0.621288983	0.567913863	119.7082526	0.979966199
SKLKW2Feb	SK	1	LKW2	Feb	LKW	2	SK_Feb	114.382056	22.375492	2023/3/1	44986	0.5758827	114.382062	22.3754981	8.0817	18.24133333	33.57666667	3.78	8.558	0.007	0.183	0	0	0	55047.78013	52926.84989	2090.803383	1284704.691	0.797486755	159	162	295	45	1015.0579	10276.47772	18360	40397.28129	22234.7764	23608	34	3709.289642	45876.7764	0.013633055	-0.057935867	19375.0579	-0.04687002	-0.309410419	1.593240112	-0.218189296	4.219723898	-0.478292871	149.1133005	1.631410464	0.358958456	1.292275706	-0.652593012	0.192358069	0.952314847	2.209515015	-1.071525948	1.851856741	0	2.842833094	-1.47509533	0.711724305	0.384059188	0.652593012	0.083666003	0.427784993	0	0.43501519	230.0583619	-0.773456376
SKLKW2May	SK	1	LKW2	May	LKW	5	SK_May	114.382056	22.375492	2023/5/5	45051	0.3022677	114.3820592	22.3754954	8.15	24.4705	33.8585	1.34	7.7555	0.053	0.048	0	0	0.089	91388.42975	12624.79339	78418.18182	601214.7404	0.351815488	176	255	335	61	3108.431474	4153.373099	15740	18694.57964	19178.70807	17372	3	4914.050053	36553.70807	-1.590097837	-0.05040285	18848.43147	-0.164726982	-0.188522232	0.966790134	-1.369561934	1.818446459	-0.995055884	138.4872127	0.773456376	-0.164726982	-0.711724305	0.334081901	1.11740586	2.010485702	2.40654018	-0.679667142	0.164822525	0.623874086	2.854820485	0.284925871	1.842373326	-0.773456376	0.070337251	0.230217289	0.219089023	0.298328678	-1.191022226	112.3601059	0.83828767
SKLKW2Nov	SK	1	LKW2	Nov	LKW	11	SK_Nov	114.382056	22.375492	2023/11/28	45258	0.3632697	114.3820598	22.375496	8.32	23.347	33.113	5.05	7.13	0	0.121	0.001	0.005	0.081	89365.18668	23682.89606	65483.85469	669174.8648	0.490782882	239	260	277	35	5677.260889	7613.6132	24352	16628.49498	11826.7781	21193	0	47.90728901	33019.7781	1.362027999	-0.024842975	30029.26089	1.240059815	0.093843288	1.971499176	-1.805992316	0	-0.679508241	108.7509913	0.513678715	1.240059815	0.093843288	0.83828767	-0.385796801	0.518308662	2.414973348	0.772515491	0.851438094	0.567913863	2.88444102	-0.595660772	0.093843288	0.979966199	-0.681860597	0	0.347850543	0.284604989	-0.805448788	153.8924821	0.43501519
SKLKW3Aug	SK	1	LKW3	Aug	LKW	8	SK_Aug	114.382056	22.375492	2023/8/23	45161	0.3357036	114.3820596	22.3754957	8.13	24.372	34.034	1.96	4.706	0.018	0.194	0	0	0.247	97263.27769	12316.8437	84885.88771	1733567.778	0.471699996	203	197	270	36	2285.772084	3763.883976	19745	18412.0296	27819.64493	26612	0	3500.177981	54431.64493	-0.358418418	0.128665725	22030.77208	0.358958456	1.191022226	1.471856848	0.838312834	0	-0.226317746	166.7922208	0.742236718	0.595660772	-0.906850272	0.212424721	-0.327981314	0.356616294	2.294466226	-0.057303157	0.768295255	0.872056473	2.851315486	0.164726982	2.196762911	-0.409404292	-1.72730919	0.134164079	0.440454311	0.496990946	1.058736882	110.9812763	1.100698183
SKLKW3Feb	SK	1	LKW3	Feb	LKW	2	SK_Feb	114.382056	22.375492	2023/3/1	44986	0.9196177	114.3820654	22.3755016	8.075	18.173	33.576	5.325	8.4675	0.023	0.191	0	0.05	0.052	60616.67235	58599.42039	2005.591544	1156886.478	0.868025543	173	145	280	37	880.0685056	10276.91122	20994	41852.43667	22907.32557	27195	9	377.4142909	50111.32557	1.167417229	-0.016253188	21874.06851	0.309410419	0.284925871	1.921509362	0.30476558	2.893443986	-0.177215393	151.3516619	1.72730919	0.773456376	1.348274553	-0.906850272	-0.270165827	0.588821233	2.161368002	-0.748818696	2.016468695	0.04687002	2.841654448	-1.548527579	0.681860597	1.100698183	0.540597492	0.151657509	0.437035468	0.228035085	0.236449213	242.0731716	-0.805448788
SKLKW3May	SK	1	LKW3	May	LKW	5	SK_May	114.382056	22.375492	2023/5/5	45051	0.0136419	114.3820563	22.3754925	8.16	24.639	33.833	1.96	7.818	0.031	0.057	0	0.103	0.122	99057.85714	15088.71429	83472.42857	586063.6009	0.345429599	182	252	327	50	3706.176572	3926.719127	17597	20095.70091	11968.42081	26268	0	7880.613509	38236.42081	-1.150335838	-0.022176386	21303.17657	0.212424721	0.188522232	1.172367332	-1.161751658	0	-0.255261084	109.4002779	0.906850272	0.212424721	-0.83828767	0.460914688	0.481435504	1.788531147	2.401400541	-0.541364035	0.128184729	1.018561447	2.856571371	0.43501519	1.548527579	-0.409404292	0.188522232	0.176068169	0.238746728	0.349284984	-1.408853456	122.8361278	0.906850272
SKLKW3Nov	SK	1	LKW3	Nov	LKW	11	SK_Nov	114.382056	22.375492	2023/11/28	45258	0.9739827	114.3820659	22.3755021	8.31	23.35566667	33.11366667	5.876666667	7.013	0	0.122	0.001	0.015	0.095	88121.82104	23739.56044	64194.34851	675521.2619	0.54488044	252	254	277	23	10211.01028	6676.633189	27911	19686.50943	29390.2082	17559	0	2466.779412	46949.2082	1.997165439	-0.014103144	38122.01028	2.196762911	0.358958456	2.126486877	-0.085746994	0	-0.979701197	171.4357261	0.83828767	1.548527579	-0.070337251	1.348274553	-1.079582645	0.518308662	2.404833717	1.072172224	1.070963719	0.540597492	2.882707061	-0.567913863	0.117401297	1.292275706	-0.906850272	0	0.349284984	0.3082207	-0.742236718	154.0764759	0.384059188
SKSha1Aug	SK	1	Sha1	Aug	Sha	8	SK_Aug	114.291753	22.361253	2023/8/23	45161	0.9753058	114.2917626	22.3612625	8.16	29.4285	33.1265	0.705	7.708	0.017	0.171	0	0	0.364	126257.8595	6719.899666	119423.5786	1026294.034	0.530988643	199	256	288	34	4318.27452	3210.960811	17705	7336.572047	6718.47205	44404	12	479.8081841	51134.47205	-1.968354507	0.204977779	22023.27452	0.334081901	1.631410464	0.745940006	0.431121284	3.179785438	1.295948587	81.96628606	-0.384059188	0.236449213	-1.348274553	0.595660772	-0.443612288	0.780418433	2.408239965	-0.149505229	1.016757838	1.631410464	2.856571371	2.196762911	0.164726982	-1.408853456	0.023428576	0.130384048	0.413521463	0.603324125	-0.04687002	81.97499415	1.842373326
SKSha1Feb	SK	1	Sha1	Feb	Sha	2	SK_Feb	114.291753	22.361253	2023/2/23	44980	0.2105037	114.2917549	22.3612549	8.16	19.159	33.262	0.8	8.953	0.036	0.116	0	0.012	0.01	38524.85838	38080.40653	427.3575475	997118.1137	0.81797678	154	158	198	58	1696.186214	6753.718992	18541	42035.81492	11565.43323	33926	24	612.5792839	45515.43323	-2.237458425	-0.07938151	20237.18621	0.093843288	-0.742236718	0.53602479	-0.262814158	3.871634756	0.393895418	107.5427042	1.842373326	0.409404292	-0.04687002	0.023428576	0.943959399	-1.075082275	2.198657087	-1.186778538	1.901609467	-0.236449213	2.856571371	-0.773456376	0.309410419	-1.265736386	1.292275706	0.18973666	0.340587727	0.1	-0.093843288	195.1420163	-1.408853456
SKSha1May	SK	1	Sha1	May	Sha	5	SK_May	114.291753	22.361253	2023/5/5	45051	0.4210776	114.291757	22.361257	8.16	26.10266667	33.79633333	0.8	8.373333333	0.042	0.059	0	0	0.017	92387.71377	7826.59766	84330.24302	547013.5946	0.248735351	110	257	248	29	1767.462601	1527.904374	17094	10859.57163	12548.98654	38435	0	52.74001302	50983.98654	-2.140059817	-0.098683206	18861.4626	-0.141024652	-1.631410464	0.620258964	0.412536748	0	0.780321077	112.0222591	0.117401297	0.070337251	-1.98874848	0.070337251	-0.732689723	-0.125665475	2.409933123	-2.201001329	-0.495455445	0.652593012	2.856571371	0.805448788	1.167544238	-1.265736386	0.487127154	0.204939015	0.242899156	0.130384048	-1.631410464	88.46806011	1.018561447
SKSha1Nov	SK	1	Sha1	Nov	Sha	11	SK_Nov	114.291753	22.361253	2023/11/28	45258	0.2416631	114.2917552	22.3612552	8.27	23.5715	32.8665	1.99	7.5315	0	0.12	0.001	0.008	0.092	92811.78203	18669.80854	73932.10604	347682.3988	0.549608529	261	220	217	20	13679.14703	3013.20938	18544	16993.54192	1151.799446	32263	0	5900.706522	33414.79945	-0.95615071	-0.017170203	32223.14703	1.47509533	0.236449213	1.252449716	-1.757208294	0	0.252115771	33.93817093	0.595660772	0.43501519	-1.408853456	1.98874848	-1.253029106	-0.738368336	2.342422681	1.279626886	1.089088205	0.681860597	2.875760769	-0.460914688	-0.212424721	-0.334081901	-0.141024652	0	0.346410162	0.303315018	-2.599138916	136.6375078	0.681860597
SKSha2Aug	SK	1	Sha2	Aug	Sha	8	SK_Aug	114.291753	22.361253	2023/8/23	45161	0.7333146	114.2917601	22.3612601	8.19	29.7025	33.0595	0.9275	7.22425	0.014	0.222	0	0	0.33	151402.2472	7058.866634	144284.9047	1127097.042	0.55514347	212	258	256	22	4595.3338	3668.518997	20656	6916.736706	3334.792613	45891	2336	16.58951407	51561.79261	-1.672597153	0.201812651	25251.3338	0.652593012	1.548527579	0.923138043	0.483894168	8.44934257	1.425060548	57.74766327	-0.409404292	0.711724305	-1.058736882	0.652593012	-1.137398132	0.045159611	2.411619706	0.150151505	1.110100493	2.196762911	2.861817604	2.599138916	0	-1.100698183	-0.540597492	0.118321596	0.47116876	0.574456265	0.164726982	84.01706156	2.599138916
SKSha2Feb	SK	1	Sha2	Feb	Sha	2	SK_Feb	114.291753	22.361253	2023/2/23	44980	0.514691	114.2917579	22.3612579	8.13	19.16	33.257	0.5	8.876	0.013	0.095	0	0.014	0.011	38368.62811	37925.89106	436.9872226	939658.3067	0.7812745	148	142	201	61	2343.650641	6996.863081	18027	42353.41264	9111.706004	42544	52	954.4117647	51707.706	-2.436294735	-0.08758352	20370.65064	0.117401297	-1.018561447	0.29746641	0.50191406	4.644483342	1.134808739	95.45525656	1.98874848	0.284925871	0	0.236449213	1.11740586	-1.023883204	2.152288344	-1.325081646	1.811295268	-0.260610977	2.851315486	-0.742236718	0.260610977	-1.72730919	1.100698183	0.114017543	0.3082207	0.104880885	-0.188522232	194.7457087	-1.348274553
SKSha2May	SK	1	Sha2	May	Sha	5	SK_May	114.291753	22.361253	2023/5/5	45051	0.5954768	114.2917588	22.3612587	8.21	26.13533333	33.79633333	1.206666667	8.352666667	0.011	0.081	0	0.023	0.033	133822.6502	12330.97072	121070.1079	637019.6956	0.274087077	150	254	257	62	2052.302145	2640.119999	17110	15923.62975	15950.10507	36310	4	1937.296781	52264.10507	-1.837207809	-0.077377541	19162.30215	-0.117401297	-0.681860597	0.829200332	0.570627776	2.094712547	0.59785383	126.2937254	0.487127154	0.117401297	-1.631410464	0.141024652	1.175221347	0.066878603	2.404833717	-1.27898061	-0.318441171	1.842373326	2.865309756	0.83828767	1.167544238	-0.942778145	0.43501519	0.104880885	0.284604989	0.181659021	-0.942778145	111.0449041	1.98874848
SKSha2Nov	SK	1	Sha2	Nov	Sha	11	SK_Nov	114.291753	22.361253	2023/11/28	45258	0.0297959	114.2917531	22.3612531	8.29	23.568	32.867	4.55	7.496	0	0.127	0.001	0.005	0.088	98178.77264	17693.51107	80029.37626	399870.4171	0.546077329	231	208	164	12	9633.023383	4936.676829	18891	17347.55364	1452.046888	31376	0	50.67966752	32828.04689	0.925588254	-0.017114807	28524.02338	1.058736882	0.260610977	1.857516959	-1.82967058	0	0.176668499	38.10573301	0.623874086	0.487127154	-0.540597492	1.240059815	-1.715553001	-1.60363517	2.318063335	0.588111347	1.075567212	0.942778145	2.87923601	-0.513678715	-0.188522232	0.805448788	-0.188522232	0	0.356370594	0.296647939	-1.98874848	133.0169578	0.872056473
SKSha3Aug	SK	1	Sha3	Aug	Sha	8	SK_Aug	114.291753	22.361253	2023/8/23	45161	0.6421187	114.2917592	22.3612592	8.19	28.602	33.3325	2.45	7.312	0.014	0.167	0	0	0.171	132891.4286	5571.428571	127277.1429	1112862.981	0.467173117	213	266	212	24	5178.942374	3605.99672	17868	7550.409521	6332.106108	42905	477	14.89827484	49714.10611	-0.609390013	0.061125962	23046.94237	0.409404292	0.805448788	1.383976512	0.255710098	6.86066477	1.166051887	79.57453178	-0.334081901	0.260610977	-1.240059815	0.711724305	-1.021767158	-0.829842926	2.424881637	0.173202023	0.748104804	1.72730919	2.861817604	1.98874848	0.409404292	-0.070337251	-0.409404292	0.118321596	0.408656335	0.413521463	0.117401297	74.64200273	2.196762911
SKSha3Feb	SK	1	Sha3	Feb	Sha	2	SK_Feb	114.291753	22.361253	2023/2/23	44980	0.6753293	114.2917596	22.3612595	8.14	19.166	33.26	1.48	8.856	0.006	0.104	0	0.034	0.021	43063.51015	42582.59167	450.4805981	1119373.676	0.699695991	121	180	204	62	3198.548898	7206.505542	18315	39528.41702	3635.541012	43055	3301	221.8848791	49991.54101	-1.714551818	-0.076339515	21513.5489	0.284925871	-0.652593012	0.900127314	0.289972525	8.795127935	1.179038359	60.29544769	1.47509533	0.309410419	0.070337251	0.384059188	1.175221347	-0.971946209	2.255272505	-1.947445632	1.589678401	-0.093843288	2.853068524	-0.711724305	0.284925871	-0.623874086	1.058736882	0.077459667	0.32249031	0.144913767	0.141024652	206.3554983	-1.292275706
SKSha3May	SK	1	Sha3	May	Sha	5	SK_May	114.291753	22.361253	2023/5/5	45051	0.872824	114.2917615	22.3612615	8.21	26.025	33.792	1.13	8.534	0	0.082	0	0	0.047	113164.0631	9200.041545	103743.7889	664075.9263	0.301129869	144	229	300	64	1698.462682	1834.809022	19814	13820.25439	30816.5942	17462	58	2651.438384	48336.5942	-1.940174431	-0.066606276	21512.46268	0.260610977	-0.460914688	0.76459569	0.085591263	4.753664499	-0.987667134	175.5465585	0.384059188	0.623874086	-1.842373326	0.04687002	1.290852321	1.077523897	2.359835482	-1.417283718	-0.140670876	1.292275706	2.865309756	0.773456376	1.100698183	-1.018561447	0.595660772	0	0.286356421	0.216794834	-0.83828767	95.91684703	1.548527579
SKSha3Nov	SK	1	Sha3	Nov	Sha	11	SK_Nov	114.291753	22.361253	2023/11/28	45258	0.5807267	114.2917586	22.3612586	8.3	23.57	32.8685	4.295	7.649	0	0.125	0.001	0	0.081	69632.97872	11157.44681	58226.24113	393107.7245	0.535746041	261	196	240	19	9428.802572	3886.17206	19146	10867.73545	30580.86488	16192	0	3651.641304	46772.86488	0.698985174	-0.023127882	28574.80257	1.100698183	0.117401297	1.795484941	-0.107524897	0	-1.091718131	174.8738542	0.141024652	0.513678715	-0.872056473	1.191022226	-1.310844593	-0.291282982	2.292256071	1.279626886	1.035483335	0.117401297	2.880972058	-0.487127154	-0.164726982	0.681860597	-0.04687002	0	0.353553391	0.284604989	-2.196762911	105.6288162	0.284925871
