id	PhylumID	SampleID	Abundance
1	Scleractinia	HKBea1Aug	0.526339312317502
2	Suberitida	HKBea1Aug	0.413622549311722
3	Balanomorpha	HKBea1Aug	0.0081044037900006
4	Actiniaria	HKBea1Aug	0.00673380609022108
5	Semaeostomeae	HKBea1Aug	0.000864072462904475
6	Tethyida	HKBea1Aug	0.000327751623860318
7	Dictyoceratida	HKBea1Aug	0.0100709135331625
8	Poecilosclerida	HKBea1Aug	0.0034562898516179
9	Clionaida	HKBea1Aug	0.0218103807877957
10	Siphonophorae	HKBea1Aug	0
11	others	HKBea1Aug	0.00867052023121384
12	Scleractinia	HKBea1Feb	0.517188693659282
13	Suberitida	HKBea1Feb	0.20987835693718
14	Balanomorpha	HKBea1Feb	0.104777575365811
15	Actiniaria	HKBea1Feb	0.132308867602985
16	Semaeostomeae	HKBea1Feb	0
17	Tethyida	HKBea1Feb	0.00458365164247517
18	Dictyoceratida	HKBea1Feb	0.00217429629194335
19	Poecilosclerida	HKBea1Feb	0.00593524122935888
20	Clionaida	HKBea1Feb	0.00493624023035788
21	Siphonophorae	HKBea1Feb	0.00758065463947817
22	others	HKBea1Feb	0.0106364224011283
23	Scleractinia	HKBea1May	0.444731890874882
24	Suberitida	HKBea1May	0.174359125117592
25	Balanomorpha	HKBea1May	0.00499764816556914
26	Actiniaria	HKBea1May	0.0117003762935089
27	Semaeostomeae	HKBea1May	0.000999529633113829
28	Tethyida	HKBea1May	0.272724600188147
29	Dictyoceratida	HKBea1May	0.0814322671683913
30	Poecilosclerida	HKBea1May	0.000529162746942615
31	Clionaida	HKBea1May	0.00273400752587018
32	Siphonophorae	HKBea1May	0.00152869238005644
33	others	HKBea1May	0.00426269990592665
34	Scleractinia	HKBea1Nov	0.427630805408583
35	Suberitida	HKBea1Nov	0.180687830687831
36	Balanomorpha	HKBea1Nov	0.126190476190476
37	Actiniaria	HKBea1Nov	0.137683715461493
38	Semaeostomeae	HKBea1Nov	0.00146972369194591
39	Tethyida	HKBea1Nov	0.00261610817166373
40	Dictyoceratida	HKBea1Nov	0.0176072898295121
41	Poecilosclerida	HKBea1Nov	0.0885655496766608
42	Clionaida	HKBea1Nov	0.00108759553203998
43	Siphonophorae	HKBea1Nov	0
44	others	HKBea1Nov	0.0164609053497943
45	Scleractinia	HKBea2Aug	0.415236525271555
46	Suberitida	HKBea2Aug	0.443201554266875
47	Balanomorpha	HKBea2Aug	0.00494539460127756
48	Actiniaria	HKBea2Aug	0.0360307320950222
49	Semaeostomeae	HKBea2Aug	0.00415059904035795
50	Tethyida	HKBea2Aug	0.00300256100791852
51	Dictyoceratida	HKBea2Aug	0.0301139206970651
52	Poecilosclerida	HKBea2Aug	0.00556356892643726
53	Clionaida	HKBea2Aug	0.0528686232374673
54	Siphonophorae	HKBea2Aug	5.88737452533043e-05
55	others	HKBea2Aug	0.00482764711077099
56	Scleractinia	HKBea2Feb	0.524951507670605
57	Suberitida	HKBea2Feb	0.109710221595251
58	Balanomorpha	HKBea2Feb	0.204196790689473
59	Actiniaria	HKBea2Feb	0.0211602891906189
60	Semaeostomeae	HKBea2Feb	8.81678716275789e-05
61	Tethyida	HKBea2Feb	0.00367366131781579
62	Dictyoceratida	HKBea2Feb	0.0161053312173044
63	Poecilosclerida	HKBea2Feb	0.00749426908834421
64	Clionaida	HKBea2Feb	0.00529007229765473
65	Siphonophorae	HKBea2Feb	0.0619526244636454
66	others	HKBea2Feb	0.0453770645976607
67	Scleractinia	HKBea2May	0.447514137606032
68	Suberitida	HKBea2May	0.160933081998115
69	Balanomorpha	HKBea2May	0.0061262959472196
70	Actiniaria	HKBea2May	0.00238572101790763
71	Semaeostomeae	HKBea2May	0.00698044297832234
72	Tethyida	HKBea2May	0.313354147031103
73	Dictyoceratida	HKBea2May	0.0530454759660697
74	Poecilosclerida	HKBea2May	0.00150212064090481
75	Clionaida	HKBea2May	0.0035933081998115
76	Siphonophorae	HKBea2May	0
77	others	HKBea2May	0.00456526861451456
78	Scleractinia	HKBea2Nov	0.397116374871267
79	Suberitida	HKBea2Nov	0.2974547594527
80	Balanomorpha	HKBea2Nov	0.121053405914374
81	Actiniaria	HKBea2Nov	0.00482565837869648
82	Semaeostomeae	HKBea2Nov	0.00014712373105782
83	Tethyida	HKBea2Nov	0.000617919670442842
84	Dictyoceratida	HKBea2Nov	0.0396939826393997
85	Poecilosclerida	HKBea2Nov	0.00629689568927468
86	Clionaida	HKBea2Nov	0.132117110489922
87	Siphonophorae	HKBea2Nov	0
88	others	HKBea2Nov	0.000676769162865964
89	Scleractinia	HKBea3Aug	0.570324436056439
90	Suberitida	HKBea3Aug	0.379736976124142
91	Balanomorpha	HKBea3Aug	0.0166861388214853
92	Actiniaria	HKBea3Aug	0.00146790090171055
93	Semaeostomeae	HKBea3Aug	0.00533237470417303
94	Tethyida	HKBea3Aug	0.000389443096372188
95	Dictyoceratida	HKBea3Aug	0.00383451664120308
96	Poecilosclerida	HKBea3Aug	0.00476318864024445
97	Clionaida	HKBea3Aug	0.0167760103052635
98	Siphonophorae	HKBea3Aug	0
99	others	HKBea3Aug	0.000689014708966096
100	Scleractinia	HKBea3Feb	0.721701026380025
101	Suberitida	HKBea3Feb	0.095226891744846
102	Balanomorpha	HKBea3Feb	0.0549363291474282
103	Actiniaria	HKBea3Feb	0.0138223097961945
104	Semaeostomeae	HKBea3Feb	0.0545246007705203
105	Tethyida	HKBea3Feb	0.0108519836485016
106	Dictyoceratida	HKBea3Feb	0.000264682528012234
107	Poecilosclerida	HKBea3Feb	0.000264682528012234
108	Clionaida	HKBea3Feb	0.0139987648148693
109	Siphonophorae	HKBea3Feb	0.0207334646942917
110	others	HKBea3Feb	0.0136752639472988
111	Scleractinia	HKBea3May	0.133193609136747
112	Suberitida	HKBea3May	0.0634226353198469
113	Balanomorpha	HKBea3May	0.000698620982929348
114	Actiniaria	HKBea3May	0.0411275135167973
115	Semaeostomeae	HKBea3May	0.000121499301379017
116	Tethyida	HKBea3May	0.67741935483871
117	Dictyoceratida	HKBea3May	0.0713808395601725
118	Poecilosclerida	HKBea3May	0.00112386853775591
119	Clionaida	HKBea3May	0.00504222100722921
120	Siphonophorae	HKBea3May	0.00042524755482656
121	others	HKBea3May	0.00604459024360615
122	Scleractinia	HKBea3Nov	0.541909351624634
123	Suberitida	HKBea3Nov	0.333619134908199
124	Balanomorpha	HKBea3Nov	0.00159654672855749
125	Actiniaria	HKBea3Nov	0.0102592910149898
126	Semaeostomeae	HKBea3Nov	0.00369571001980901
127	Tethyida	HKBea3Nov	0.00109393016586347
128	Dictyoceratida	HKBea3Nov	0.00458268042456317
129	Poecilosclerida	HKBea3Nov	0.0561452266209384
130	Clionaida	HKBea3Nov	0.024362120450581
131	Siphonophorae	HKBea3Nov	0
132	others	HKBea3Nov	0.0227360080418649
133	Scleractinia	HKSta1Aug	0.706919347730278
134	Suberitida	HKSta1Aug	0.226913471426473
135	Balanomorpha	HKSta1Aug	0.0339650359923608
136	Actiniaria	HKSta1Aug	0.0141912736888497
137	Semaeostomeae	HKSta1Aug	0.000117526076098134
138	Tethyida	HKSta1Aug	0.00223299544586455
139	Dictyoceratida	HKSta1Aug	0.00149845747025121
140	Poecilosclerida	HKSta1Aug	0.0105773468488321
141	Clionaida	HKSta1Aug	0.00126340531805494
142	Siphonophorae	HKSta1Aug	0
143	others	HKSta1Aug	0.00232114000293815
144	Scleractinia	HKSta1Feb	0.79103280247207
145	Suberitida	HKSta1Feb	0.0208878060375565
146	Balanomorpha	HKSta1Feb	0.022729973853102
147	Actiniaria	HKSta1Feb	0.0426966959828857
148	Semaeostomeae	HKSta1Feb	0.000326836225338721
149	Tethyida	HKSta1Feb	0.0113204183503684
150	Dictyoceratida	HKSta1Feb	0.00169360589493701
151	Poecilosclerida	HKSta1Feb	0.0046945566912289
152	Clionaida	HKSta1Feb	0.00493225576420252
153	Siphonophorae	HKSta1Feb	0.0977240313762776
154	others	HKSta1Feb	0.00196101735203236
155	Scleractinia	HKSta1May	0.484191349318289
156	Suberitida	HKSta1May	0.317230841560884
157	Balanomorpha	HKSta1May	0.00402562294311236
158	Actiniaria	HKSta1May	0.00625881523272214
159	Semaeostomeae	HKSta1May	2.93841090738129e-05
160	Tethyida	HKSta1May	0.136489186647861
161	Dictyoceratida	HKSta1May	0.0292959567465914
162	Poecilosclerida	HKSta1May	0.00129290079924777
163	Clionaida	HKSta1May	0.018218147625764
164	Siphonophorae	HKSta1May	0.000470145745181006
165	others	HKSta1May	0.00249764927127405
166	Scleractinia	HKSta1Nov	0.661092129712881
167	Suberitida	HKSta1Nov	0.236678055505605
168	Balanomorpha	HKSta1Nov	0.0581430198405563
169	Actiniaria	HKSta1Nov	0.00383624048432536
170	Semaeostomeae	HKSta1Nov	0.00401606425702811
171	Tethyida	HKSta1Nov	0.000419588802973086
172	Dictyoceratida	HKSta1Nov	0.000569441946892046
173	Poecilosclerida	HKSta1Nov	0.0319786609123059
174	Clionaida	HKSta1Nov	0.00158844332554097
175	Siphonophorae	HKSta1Nov	0
176	others	HKSta1Nov	0.00167835521189241
177	Scleractinia	HKSta2Aug	0.698536757360287
178	Suberitida	HKSta2Aug	0.260562966445319
179	Balanomorpha	HKSta2Aug	0.0124581301051889
180	Actiniaria	HKSta2Aug	0.00555327025915261
181	Semaeostomeae	HKSta2Aug	0
182	Tethyida	HKSta2Aug	0.000264441440912029
183	Dictyoceratida	HKSta2Aug	0.00329082682023859
184	Poecilosclerida	HKSta2Aug	0.0160133983663395
185	Clionaida	HKSta2Aug	0.00111653052829523
186	Siphonophorae	HKSta2Aug	0
187	others	HKSta2Aug	0.00220367867426696
188	Scleractinia	HKSta2Feb	0.416433514946252
189	Suberitida	HKSta2Feb	0.0682079222500368
190	Balanomorpha	HKSta2Feb	0.374554557502577
191	Actiniaria	HKSta2Feb	0.06758945663378
192	Semaeostomeae	HKSta2Feb	0.000500662641731704
193	Tethyida	HKSta2Feb	0.00203210131055809
194	Dictyoceratida	HKSta2Feb	8.83522308938301e-05
195	Poecilosclerida	HKSta2Feb	0.00497717567368576
196	Clionaida	HKSta2Feb	0.0364600206155205
197	Siphonophorae	HKSta2Feb	0.0211456339272567
198	others	HKSta2Feb	0.00801060226770722
199	Scleractinia	HKSta2May	0.457579602797533
200	Suberitida	HKSta2May	0.230973529672146
201	Balanomorpha	HKSta2May	0.00557736004957653
202	Actiniaria	HKSta2May	0.0076430489568271
203	Semaeostomeae	HKSta2May	0
204	Tethyida	HKSta2May	0.255378168619235
205	Dictyoceratida	HKSta2May	0.0213946351108095
206	Poecilosclerida	HKSta2May	0.00174108065039691
207	Clionaida	HKSta2May	0.0157287455366365
208	Siphonophorae	HKSta2May	0.000885295245964529
209	others	HKSta2May	0.00309853336087584
210	Scleractinia	HKSta2Nov	0.680296087416285
211	Suberitida	HKSta2Nov	0.0553107742920926
212	Balanomorpha	HKSta2Nov	0.00120432381623781
213	Actiniaria	HKSta2Nov	0.105187404535307
214	Semaeostomeae	HKSta2Nov	2.93737516155563e-05
215	Tethyida	HKSta2Nov	0.00088121254846669
216	Dictyoceratida	HKSta2Nov	0.000352485019386676
217	Poecilosclerida	HKSta2Nov	0.14178709904829
218	Clionaida	HKSta2Nov	0.0141581482786982
219	Siphonophorae	HKSta2Nov	0
220	others	HKSta2Nov	0.000793091293620041
221	Scleractinia	HKSta3Aug	0.601889457884514
222	Suberitida	HKSta3Aug	0.340220142445112
223	Balanomorpha	HKSta3Aug	0.00126552475130967
224	Actiniaria	HKSta3Aug	0.00173641768202955
225	Semaeostomeae	HKSta3Aug	0.00559185355229855
226	Tethyida	HKSta3Aug	8.8292424509977e-05
227	Dictyoceratida	HKSta3Aug	0.00376714344575902
228	Poecilosclerida	HKSta3Aug	0.0228677379480841
229	Clionaida	HKSta3Aug	0.0177173465183354
230	Siphonophorae	HKSta3Aug	0
231	others	HKSta3Aug	0.00485608334804866
232	Scleractinia	HKSta3Feb	0.50063341484253
233	Suberitida	HKSta3Feb	0.116253719470878
234	Balanomorpha	HKSta3Feb	0.268921427098371
235	Actiniaria	HKSta3Feb	0.0635771734967445
236	Semaeostomeae	HKSta3Feb	0.000324072710131691
237	Tethyida	HKSta3Feb	0.00276934861385264
238	Dictyoceratida	HKSta3Feb	0.00662875997996641
239	Poecilosclerida	HKSta3Feb	0.00111952390772766
240	Clionaida	HKSta3Feb	0.0108417052116784
241	Siphonophorae	HKSta3Feb	0.0251009044574728
242	others	HKSta3Feb	0.00382995021064725
243	Scleractinia	HKSta3May	0.349158318399483
244	Suberitida	HKSta3May	0.257351861100502
245	Balanomorpha	HKSta3May	0.00575810100179206
246	Actiniaria	HKSta3May	0.00464173448103646
247	Semaeostomeae	HKSta3May	0.0166279855459914
248	Tethyida	HKSta3May	0.252416345956109
249	Dictyoceratida	HKSta3May	0.0114868239372485
250	Poecilosclerida	HKSta3May	0.00390728282264461
251	Clionaida	HKSta3May	0.0965657040453597
252	Siphonophorae	HKSta3May	0.000558183260377802
253	others	HKSta3May	0.00152765944945499
254	Scleractinia	HKSta3Nov	0.490928590580034
255	Suberitida	HKSta3Nov	0.240742395805404
256	Balanomorpha	HKSta3Nov	0.00238329311526201
257	Actiniaria	HKSta3Nov	0.0203771561354902
258	Semaeostomeae	HKSta3Nov	0.000178746983644651
259	Tethyida	HKSta3Nov	0.00113206422974946
260	Dictyoceratida	HKSta3Nov	0.00166830518068341
261	Poecilosclerida	HKSta3Nov	0.176333899365448
262	Clionaida	HKSta3Nov	0.0623231149641016
263	Siphonophorae	HKSta3Nov	0
264	others	HKSta3Nov	0.00393243364018225
265	Scleractinia	HKSW1Aug	0.559365019725719
266	Suberitida	HKSW1Aug	0.200857912204897
267	Balanomorpha	HKSW1Aug	0.0212599411359509
268	Actiniaria	HKSW1Aug	0.0132757217108147
269	Semaeostomeae	HKSW1Aug	0.176435593963304
270	Tethyida	HKSW1Aug	0.00100194126119356
271	Dictyoceratida	HKSW1Aug	0.00507232763479241
272	Poecilosclerida	HKSW1Aug	0.0130878577243409
273	Clionaida	HKSW1Aug	0.00175339720708873
274	Siphonophorae	HKSW1Aug	9.39319932368965e-05
275	others	HKSW1Aug	0.00779635543866242
276	Scleractinia	HKSW1Feb	0.869539672747569
277	Suberitida	HKSW1Feb	0.0423019300255574
278	Balanomorpha	HKSW1Feb	0.0237654592990805
279	Actiniaria	HKSW1Feb	0.00323139743250786
280	Semaeostomeae	HKSW1Feb	0.00149819335507183
281	Tethyida	HKSW1Feb	0.00846038600511148
282	Dictyoceratida	HKSW1Feb	0.00058752680591052
283	Poecilosclerida	HKSW1Feb	5.8752680591052e-05
284	Clionaida	HKSW1Feb	0.000470021444728416
285	Siphonophorae	HKSW1Feb	0.0482653271055492
286	others	HKSW1Feb	0.00182133309832255
287	Scleractinia	HKSW1May	0.551585319267726
288	Suberitida	HKSW1May	0.198671799241868
289	Balanomorpha	HKSW1May	0.00484852046663336
290	Actiniaria	HKSW1May	0.124651053451265
291	Semaeostomeae	HKSW1May	0.00155740354382769
292	Tethyida	HKSW1May	0.0953248508712644
293	Dictyoceratida	HKSW1May	0.0021451029943287
294	Poecilosclerida	HKSW1May	0.00402574123593194
295	Clionaida	HKSW1May	0.00487790543915841
296	Siphonophorae	HKSW1May	0.00975581087831683
297	others	HKSW1May	0.00255649260967938
298	Scleractinia	HKSW1Nov	0.653380720202079
299	Suberitida	HKSW1Nov	0.219085942548317
300	Balanomorpha	HKSW1Nov	0.0165070786582858
301	Actiniaria	HKSW1Nov	0.0101627210244963
302	Semaeostomeae	HKSW1Nov	5.87440521647183e-05
303	Tethyida	HKSW1Nov	0
304	Dictyoceratida	HKSW1Nov	0.000734300652058979
305	Poecilosclerida	HKSW1Nov	0.0834165540739
306	Clionaida	HKSW1Nov	0.0163895905539564
307	Siphonophorae	HKSW1Nov	0
308	others	HKSW1Nov	0.000264348234741307
309	Scleractinia	HKSW2Aug	0.850020589446438
310	Suberitida	HKSW2Aug	0.134537325725043
311	Balanomorpha	HKSW2Aug	0.00400023530795929
312	Actiniaria	HKSW2Aug	0.00288252250132361
313	Semaeostomeae	HKSW2Aug	0.00255897405729749
314	Tethyida	HKSW2Aug	0.000617683393140773
315	Dictyoceratida	HKSW2Aug	0.00129419377610448
316	Poecilosclerida	HKSW2Aug	0.0031472439555268
317	Clionaida	HKSW2Aug	0.000117653979645862
318	Siphonophorae	HKSW2Aug	0
319	others	HKSW2Aug	0.000823577857521074
320	Scleractinia	HKSW2Feb	0.663630754766871
321	Suberitida	HKSW2Feb	0.188412609806975
322	Balanomorpha	HKSW2Feb	0.0601698152011047
323	Actiniaria	HKSW2Feb	0.0189205864206599
324	Semaeostomeae	HKSW2Feb	0.0212415900343744
325	Tethyida	HKSW2Feb	0.01759849575462
326	Dictyoceratida	HKSW2Feb	0.00152774921409055
327	Poecilosclerida	HKSW2Feb	0.000528836266415959
328	Clionaida	HKSW2Feb	0.0135147045861856
329	Siphonophorae	HKSW2Feb	0.012603931016247
330	others	HKSW2Feb	0.00185092693245581
331	Scleractinia	HKSW2May	0.25036753895913
332	Suberitida	HKSW2May	0.365627756542193
333	Balanomorpha	HKSW2May	0.00976183475448398
334	Actiniaria	HKSW2May	0.0304616289326669
335	Semaeostomeae	HKSW2May	0.000352837400764481
336	Tethyida	HKSW2May	0.0546015877683034
337	Dictyoceratida	HKSW2May	0.163569538371067
338	Poecilosclerida	HKSW2May	0.00199941193766539
339	Clionaida	HKSW2May	0.0363716553954719
340	Siphonophorae	HKSW2May	0.081182005292561
341	others	HKSW2May	0.00570420464569243
342	Scleractinia	HKSW2Nov	0.997679609939494
343	Suberitida	HKSW2Nov	8.81160782470775e-05
344	Balanomorpha	HKSW2Nov	0
345	Actiniaria	HKSW2Nov	0.00123362509545908
346	Semaeostomeae	HKSW2Nov	0
347	Tethyida	HKSW2Nov	0
348	Dictyoceratida	HKSW2Nov	0.000381836339070669
349	Poecilosclerida	HKSW2Nov	0
350	Clionaida	HKSW2Nov	0.000264348234741232
351	Siphonophorae	HKSW2Nov	2.93720260823592e-05
352	others	HKSW2Nov	0.000323092286905857
353	Scleractinia	HKSW3Aug	0.888319943497837
354	Suberitida	HKSW3Aug	0.0935228510049734
355	Balanomorpha	HKSW3Aug	0.00603278302580854
356	Actiniaria	HKSW3Aug	0.0045319443218269
357	Semaeostomeae	HKSW3Aug	0.00235425679055943
358	Tethyida	HKSW3Aug	0.00250139783996939
359	Dictyoceratida	HKSW3Aug	0.000323710308701922
360	Poecilosclerida	HKSW3Aug	0.00182454901268356
361	Clionaida	HKSW3Aug	0.000147141049409964
362	Siphonophorae	HKSW3Aug	0
363	others	HKSW3Aug	0.000441423148229814
364	Scleractinia	HKSW3Feb	0.90757660330797
365	Suberitida	HKSW3Feb	0.0387496694967537
366	Balanomorpha	HKSW3Feb	0.0318458239078704
367	Actiniaria	HKSW3Feb	0.00478862481271483
368	Semaeostomeae	HKSW3Feb	2.93780663356738e-05
369	Tethyida	HKSW3Feb	0.0115162020035841
370	Dictyoceratida	HKSW3Feb	0.000264402597021064
371	Poecilosclerida	HKSW3Feb	0.000323158729692412
372	Clionaida	HKSW3Feb	0.00276153823555334
373	Siphonophorae	HKSW3Feb	0.000646317459384823
374	others	HKSW3Feb	0.00149828138311936
375	Scleractinia	HKSW3May	0.195477431322321
376	Suberitida	HKSW3May	0.2990607425728
377	Balanomorpha	HKSW3May	0.0055354356211171
378	Actiniaria	HKSW3May	0.266672555427966
379	Semaeostomeae	HKSW3May	0
380	Tethyida	HKSW3May	0.15510997261726
381	Dictyoceratida	HKSW3May	0.00353325677943645
382	Poecilosclerida	HKSW3May	0.00627153078349969
383	Clionaida	HKSW3May	0.0514383299472956
384	Siphonophorae	HKSW3May	0.0114536407266731
385	others	HKSW3May	0.00544710420163119
386	Scleractinia	HKSW3Nov	0.737972634986023
387	Suberitida	HKSW3Nov	0.1465646608798
388	Balanomorpha	HKSW3Nov	0.000411946446961895
389	Actiniaria	HKSW3Nov	0.00888627335589231
390	Semaeostomeae	HKSW3Nov	0.00155951154921289
391	Tethyida	HKSW3Nov	0.00800353096954539
392	Dictyoceratida	HKSW3Nov	0.00382521700750331
393	Poecilosclerida	HKSW3Nov	0.0829189348241871
394	Clionaida	HKSW3Nov	0.00311902309842578
395	Siphonophorae	HKSW3Nov	0
396	others	HKSW3Nov	0.00673826688244816
397	Scleractinia	LTCC1Aug	0.784536234014405
398	Suberitida	LTCC1Aug	0.179685432897251
399	Balanomorpha	LTCC1Aug	0.00338086138468323
400	Actiniaria	LTCC1Aug	0.0126708804938997
401	Semaeostomeae	LTCC1Aug	0.00194032044686168
402	Tethyida	LTCC1Aug	0.000205791562545936
403	Dictyoceratida	LTCC1Aug	8.81963839482581e-05
404	Poecilosclerida	LTCC1Aug	0.0147287961193591
405	Clionaida	LTCC1Aug	0.00132294575922387
406	Siphonophorae	LTCC1Aug	0
407	others	LTCC1Aug	0.00144054093782153
408	Scleractinia	LTCC1Feb	0.162108052406889
409	Suberitida	LTCC1Feb	0.174885911968203
410	Balanomorpha	LTCC1Feb	0.274311791550125
411	Actiniaria	LTCC1Feb	0.325040482849993
412	Semaeostomeae	LTCC1Feb	2.94420727219196e-05
413	Tethyida	LTCC1Feb	0.000824378036213749
414	Dictyoceratida	LTCC1Feb	0.00724274988959223
415	Poecilosclerida	LTCC1Feb	0.00244369203591933
416	Clionaida	LTCC1Feb	0.0448697188282055
417	Siphonophorae	LTCC1Feb	0.00273811276313853
418	others	LTCC1Feb	0.00550566759899895
419	Scleractinia	LTCC1May	0.23511552357531
420	Suberitida	LTCC1May	0.327746910769044
421	Balanomorpha	LTCC1May	0.139994535021404
422	Actiniaria	LTCC1May	0.0723806053981844
423	Semaeostomeae	LTCC1May	0.00661869629899505
424	Tethyida	LTCC1May	0.0498223881956462
425	Dictyoceratida	LTCC1May	0.0997358593678841
426	Poecilosclerida	LTCC1May	0.00725627713513678
427	Clionaida	LTCC1May	0.0449949904362875
428	Siphonophorae	LTCC1May	0.0106263472690288
429	others	LTCC1May	0.00570786653307831
430	Scleractinia	LTCC1Nov	0.47586166367937
431	Suberitida	LTCC1Nov	0.224106014750389
432	Balanomorpha	LTCC1Nov	0.000587664913466342
433	Actiniaria	LTCC1Nov	0.152587194781536
434	Semaeostomeae	LTCC1Nov	0.0202156730232421
435	Tethyida	LTCC1Nov	0.000558281667793024
436	Dictyoceratida	LTCC1Nov	0.000617048159139659
437	Poecilosclerida	LTCC1Nov	0.0719008021626069
438	Clionaida	LTCC1Nov	0.0467781271119208
439	Siphonophorae	LTCC1Nov	0
440	others	LTCC1Nov	0.0067875297505362
441	Scleractinia	LTCC2Aug	0.765734678228042
442	Suberitida	LTCC2Aug	0.175337698342476
443	Balanomorpha	LTCC2Aug	0.000619359405414971
444	Actiniaria	LTCC2Aug	0.0387836961009851
445	Semaeostomeae	LTCC2Aug	0.00495487524331977
446	Tethyida	LTCC2Aug	0.000206453135138324
447	Dictyoceratida	LTCC2Aug	2.94933050197605e-05
448	Poecilosclerida	LTCC2Aug	0.00710788650976228
449	Clionaida	LTCC2Aug	0.00581018108889282
450	Siphonophorae	LTCC2Aug	0
451	others	LTCC2Aug	0.00141567864094849
452	Scleractinia	LTCC2Feb	0.356241729157477
453	Suberitida	LTCC2Feb	0.27713571533598
454	Balanomorpha	LTCC2Feb	0.15741802676077
455	Actiniaria	LTCC2Feb	0.187295985884429
456	Semaeostomeae	LTCC2Feb	2.94074400823408e-05
457	Tethyida	LTCC2Feb	0.000441111601235112
458	Dictyoceratida	LTCC2Feb	0.00226437288634024
459	Poecilosclerida	LTCC2Feb	0.00285252168798706
460	Clionaida	LTCC2Feb	0.00970445522717247
461	Siphonophorae	LTCC2Feb	0.00302896632848111
462	others	LTCC2Feb	0.00358770769004557
463	Scleractinia	LTCC2May	0.423641552175576
464	Suberitida	LTCC2May	0.403636256656174
465	Balanomorpha	LTCC2May	0.0405989820834927
466	Actiniaria	LTCC2May	0.0528963549174782
467	Semaeostomeae	LTCC2May	0.00011767820893766
468	Tethyida	LTCC2May	0.00535435850666353
469	Dictyoceratida	LTCC2May	0.0607807949163014
470	Poecilosclerida	LTCC2May	0.00191227089523697
471	Clionaida	LTCC2May	0.00161807537289282
472	Siphonophorae	LTCC2May	0.00841399193904269
473	others	LTCC2May	0.00102968432820449
474	Scleractinia	LTCC2Nov	0.666430523226394
475	Suberitida	LTCC2Nov	0.228620584961036
476	Balanomorpha	LTCC2Nov	0.000134939108727187
477	Actiniaria	LTCC2Nov	0.0954019498701211
478	Semaeostomeae	LTCC2Nov	0
479	Tethyida	LTCC2Nov	0.000269878217454374
480	Dictyoceratida	LTCC2Nov	0.00010120433154539
481	Poecilosclerida	LTCC2Nov	0.0020578214080896
482	Clionaida	LTCC2Nov	0.00030361299463617
483	Siphonophorae	LTCC2Nov	0
484	others	LTCC2Nov	0.00667948588199574
485	Scleractinia	LTCC3Aug	0.515138115031986
486	Suberitida	LTCC3Aug	0.311753780843725
487	Balanomorpha	LTCC3Aug	0.00695734205949117
488	Actiniaria	LTCC3Aug	0.120191032104006
489	Semaeostomeae	LTCC3Aug	0.00984640782995784
490	Tethyida	LTCC3Aug	0.000147401314819728
491	Dictyoceratida	LTCC3Aug	0.00515904601869049
492	Poecilosclerida	LTCC3Aug	0.0165679077857374
493	Clionaida	LTCC3Aug	0.011408861767047
494	Siphonophorae	LTCC3Aug	0
495	others	LTCC3Aug	0.00283010524453886
496	Scleractinia	LTCC3Feb	0.319892710820291
497	Suberitida	LTCC3Feb	0.359801927668229
498	Balanomorpha	LTCC3Feb	0.0923748047277979
499	Actiniaria	LTCC3Feb	0.149202699914522
500	Semaeostomeae	LTCC3Feb	2.94750493707077e-05
501	Tethyida	LTCC3Feb	0.0106994429215669
502	Dictyoceratida	LTCC3Feb	0.0138827482536033
503	Poecilosclerida	LTCC3Feb	0.00548235918295163
504	Clionaida	LTCC3Feb	0.025613817903145
505	Siphonophorae	LTCC3Feb	0.0211041353494267
506	others	LTCC3Feb	0.001915878209096
507	Scleractinia	LTCC3May	0.181855657960602
508	Suberitida	LTCC3May	0.365566384970996
509	Balanomorpha	LTCC3May	0.0848914931833574
510	Actiniaria	LTCC3May	0.0970819469391361
511	Semaeostomeae	LTCC3May	0.00114837607844292
512	Tethyida	LTCC3May	0.0830069785930921
513	Dictyoceratida	LTCC3May	0.158858690851271
514	Poecilosclerida	LTCC3May	0.0115720974058479
515	Clionaida	LTCC3May	0.0110420776773358
516	Siphonophorae	LTCC3May	0.000471128647566326
517	others	LTCC3May	0.00450516769235298
518	Scleractinia	LTCC3Nov	0.740930054933756
519	Suberitida	LTCC3Nov	0.1700596339708
520	Balanomorpha	LTCC3Nov	0
521	Actiniaria	LTCC3Nov	0.0190652448517964
522	Semaeostomeae	LTCC3Nov	2.9376340295526e-05
523	Tethyida	LTCC3Nov	0.000352516083546312
524	Dictyoceratida	LTCC3Nov	0.000352516083546312
525	Poecilosclerida	LTCC3Nov	0.0074615904350636
526	Clionaida	LTCC3Nov	0.00014688170147763
527	Siphonophorae	LTCC3Nov	0
528	others	LTCC3Nov	0.0616021855997181
529	Scleractinia	LTCMW1Aug	0.156176122931442
530	Suberitida	LTCMW1Aug	0.329225768321513
531	Balanomorpha	LTCMW1Aug	0.00425531914893617
532	Actiniaria	LTCMW1Aug	0.00460992907801418
533	Semaeostomeae	LTCMW1Aug	0.492316784869976
534	Tethyida	LTCMW1Aug	0.000591016548463357
535	Dictyoceratida	LTCMW1Aug	0.00475768321513002
536	Poecilosclerida	LTCMW1Aug	0.00316193853427896
537	Clionaida	LTCMW1Aug	0.00387115839243499
538	Siphonophorae	LTCMW1Aug	2.95508274231678e-05
539	others	LTCMW1Aug	0.00100472813238772
540	Scleractinia	LTCMW1Feb	0.475526355084366
541	Suberitida	LTCMW1Feb	0.286456622368225
542	Balanomorpha	LTCMW1Feb	0.165447215170972
543	Actiniaria	LTCMW1Feb	0.0445572644467672
544	Semaeostomeae	LTCMW1Feb	0
545	Tethyida	LTCMW1Feb	0.00973570255338211
546	Dictyoceratida	LTCMW1Feb	0.000328505300880991
547	Poecilosclerida	LTCMW1Feb	0.00701806779154845
548	Clionaida	LTCMW1Feb	0.00773480662983425
549	Siphonophorae	LTCMW1Feb	0.00232940122442885
550	others	LTCMW1Feb	0.000866059429595389
551	Scleractinia	LTCMW1May	0.407384451921374
552	Suberitida	LTCMW1May	0.407118824154418
553	Balanomorpha	LTCMW1May	0.0628652381795644
554	Actiniaria	LTCMW1May	0.040463963166283
555	Semaeostomeae	LTCMW1May	0.000118056785313736
556	Tethyida	LTCMW1May	0.0104480255002656
557	Dictyoceratida	LTCMW1May	0.0114219939791039
558	Poecilosclerida	LTCMW1May	0.00572575408771619
559	Clionaida	LTCMW1May	0.0457174901127442
560	Siphonophorae	LTCMW1May	0.00799834720500561
561	others	LTCMW1May	0.000737854908210878
562	Scleractinia	LTCMW1Nov	0.585267673502968
563	Suberitida	LTCMW1Nov	0.335517423752718
564	Balanomorpha	LTCMW1Nov	0.0255626726214962
565	Actiniaria	LTCMW1Nov	0.00323206205559147
566	Semaeostomeae	LTCMW1Nov	0.000146911911617794
567	Tethyida	LTCMW1Nov	0.0127519539284245
568	Dictyoceratida	LTCMW1Nov	0.00096961861667744
569	Poecilosclerida	LTCMW1Nov	0.0119586296056884
570	Clionaida	LTCMW1Nov	0.014720573544103
571	Siphonophorae	LTCMW1Nov	0
572	others	LTCMW1Nov	0.00987248046071576
573	Scleractinia	LTCMW2Aug	0.328657074340528
574	Suberitida	LTCMW2Aug	0.228836930455635
575	Balanomorpha	LTCMW2Aug	0.00851318944844125
576	Actiniaria	LTCMW2Aug	0.00251798561151079
577	Semaeostomeae	LTCMW2Aug	0.418015587529976
578	Tethyida	LTCMW2Aug	0.00026978417266187
579	Dictyoceratida	LTCMW2Aug	0.00065947242206235
580	Poecilosclerida	LTCMW2Aug	0.00803357314148681
581	Clionaida	LTCMW2Aug	0.00398681055155875
582	Siphonophorae	LTCMW2Aug	0
583	others	LTCMW2Aug	0.000509592326139008
584	Scleractinia	LTCMW2Feb	0.493643693720205
585	Suberitida	LTCMW2Feb	0.218233182272968
586	Balanomorpha	LTCMW2Feb	0.161703254664234
587	Actiniaria	LTCMW2Feb	0.0653875581190042
588	Semaeostomeae	LTCMW2Feb	0.0300453181095874
589	Tethyida	LTCMW2Feb	0.0157142016361603
590	Dictyoceratida	LTCMW2Feb	0.000235418751103525
591	Poecilosclerida	LTCMW2Feb	0.00203048672826791
592	Clionaida	LTCMW2Feb	0.0117120828674004
593	Siphonophorae	LTCMW2Feb	0.000411982814431169
594	others	LTCMW2Feb	0.000882820316638222
595	Scleractinia	LTCMW2May	0.429352137505509
596	Suberitida	LTCMW2May	0.485265168209196
597	Balanomorpha	LTCMW2May	0.00117526076098134
598	Actiniaria	LTCMW2May	0.00716909064198619
599	Semaeostomeae	LTCMW2May	2.93815190245336e-05
600	Tethyida	LTCMW2May	0.000176289114147201
601	Dictyoceratida	LTCMW2May	0.00214485088879095
602	Poecilosclerida	LTCMW2May	0.000323196709269869
603	Clionaida	LTCMW2May	0.0741883355369473
604	Siphonophorae	LTCMW2May	0
605	others	LTCMW2May	0.000176289114147243
606	Scleractinia	LTCMW2Nov	0.495864741966002
607	Suberitida	LTCMW2Nov	0.393505661183508
608	Balanomorpha	LTCMW2Nov	0.00488296151615955
609	Actiniaria	LTCMW2Nov	0.00488296151615955
610	Semaeostomeae	LTCMW2Nov	0
611	Tethyida	LTCMW2Nov	0.0338450270088809
612	Dictyoceratida	LTCMW2Nov	0.000335703604235969
613	Poecilosclerida	LTCMW2Nov	0.02157658619953
614	Clionaida	LTCMW2Nov	0.0428174687948241
615	Siphonophorae	LTCMW2Nov	0
616	others	LTCMW2Nov	0.00228888821069984
617	Scleractinia	LTCMW3Aug	0.0741839762611276
618	Suberitida	LTCMW3Aug	0.103945706143315
619	Balanomorpha	LTCMW3Aug	0.122690013808503
620	Actiniaria	LTCMW3Aug	0.00126333108088257
621	Semaeostomeae	LTCMW3Aug	0.684196609571936
622	Tethyida	LTCMW3Aug	0.000675735229309281
623	Dictyoceratida	LTCMW3Aug	0.00293797925786644
624	Poecilosclerida	LTCMW3Aug	0.00893145694391398
625	Clionaida	LTCMW3Aug	0.000881393777359932
626	Siphonophorae	LTCMW3Aug	0
627	others	LTCMW3Aug	0.000293797925786654
628	Scleractinia	LTCMW3Feb	0.53698395342652
629	Suberitida	LTCMW3Feb	0.141168474245693
630	Balanomorpha	LTCMW3Feb	0.209196489257957
631	Actiniaria	LTCMW3Feb	0.0354915925411507
632	Semaeostomeae	LTCMW3Feb	0.000650137415408257
633	Tethyida	LTCMW3Feb	0.0228139129406897
634	Dictyoceratida	LTCMW3Feb	0.000561482313307131
635	Poecilosclerida	LTCMW3Feb	0.0142439197375809
636	Clionaida	LTCMW3Feb	0.0158692632761015
637	Siphonophorae	LTCMW3Feb	0.00141848163361801
638	others	LTCMW3Feb	0.0216022932119743
639	Scleractinia	LTCMW3May	0.249985301898995
640	Suberitida	LTCMW3May	0.472543947322006
641	Balanomorpha	LTCMW3May	0.0133164795108472
642	Actiniaria	LTCMW3May	0.180874830971838
643	Semaeostomeae	LTCMW3May	0.000146981010053501
644	Tethyida	LTCMW3May	0.000558527838203304
645	Dictyoceratida	LTCMW3May	0.0153742136515962
646	Poecilosclerida	LTCMW3May	0.0268387324357693
647	Clionaida	LTCMW3May	0.0401258157446058
648	Siphonophorae	LTCMW3May	0
649	others	LTCMW3May	0.000235169616085606
650	Scleractinia	LTCMW3Nov	0.387218399472146
651	Suberitida	LTCMW3Nov	0.470858076475948
652	Balanomorpha	LTCMW3Nov	0.000408458227291294
653	Actiniaria	LTCMW3Nov	0.00964589813680209
654	Semaeostomeae	LTCMW3Nov	0.0491720865931442
655	Tethyida	LTCMW3Nov	0
656	Dictyoceratida	LTCMW3Nov	0.00034561850001571
657	Poecilosclerida	LTCMW3Nov	0.000282778772740126
658	Clionaida	LTCMW3Nov	0.0817859050491721
659	Siphonophorae	LTCMW3Nov	0
660	others	LTCMW3Nov	0.000282778772740078
661	Scleractinia	LTPC1Aug	0.651270139950606
662	Suberitida	LTPC1Aug	0.211572386216629
663	Balanomorpha	LTPC1Aug	0.0314300834999412
664	Actiniaria	LTPC1Aug	0.0162589674232624
665	Semaeostomeae	LTPC1Aug	0.0165235799129719
666	Tethyida	LTPC1Aug	0.00217570269316712
667	Dictyoceratida	LTPC1Aug	0.0127308008938022
668	Poecilosclerida	LTPC1Aug	0.046424791250147
669	Clionaida	LTPC1Aug	0.00329295542749618
670	Siphonophorae	LTPC1Aug	0
671	others	LTPC1Aug	0.00832059273197694
672	Scleractinia	LTPC1Feb	0.314839966930436
673	Suberitida	LTPC1Feb	0.358627613086099
674	Balanomorpha	LTPC1Feb	0.110428723278611
675	Actiniaria	LTPC1Feb	0.171400732254636
676	Semaeostomeae	LTPC1Feb	0.0032479036258415
677	Tethyida	LTPC1Feb	0.0080902326680052
678	Dictyoceratida	LTPC1Feb	0.00620054328569741
679	Poecilosclerida	LTPC1Feb	0.0046946970591709
680	Clionaida	LTPC1Feb	0.00738159914963978
681	Siphonophorae	LTPC1Feb	0.00386795795441124
682	others	LTPC1Feb	0.0112200307074525
683	Scleractinia	LTPC1May	0.0271557044612943
684	Suberitida	LTPC1May	0.444748133780051
685	Balanomorpha	LTPC1May	0.00396755422324105
686	Actiniaria	LTPC1May	0.158173161699877
687	Semaeostomeae	LTPC1May	0.00114618233115853
688	Tethyida	LTPC1May	0.00199847175689179
689	Dictyoceratida	LTPC1May	0.342737906306942
690	Poecilosclerida	LTPC1May	0.0103156409804267
691	Clionaida	LTPC1May	0.00855228354787515
692	Siphonophorae	LTPC1May	2.93892905425263e-05
693	others	LTPC1May	0.00117557162170101
694	Scleractinia	LTPC1Nov	0.735288062817987
695	Suberitida	LTPC1Nov	0.187365820662883
696	Balanomorpha	LTPC1Nov	0.000294091697791371
697	Actiniaria	LTPC1Nov	0.0441431638384848
698	Semaeostomeae	LTPC1Nov	0
699	Tethyida	LTPC1Nov	0.00785224833102961
700	Dictyoceratida	LTPC1Nov	0.00294091697791371
701	Poecilosclerida	LTPC1Nov	0.0041172837690792
702	Clionaida	LTPC1Nov	0.0010293209422698
703	Siphonophorae	LTPC1Nov	2.94091697791371e-05
704	others	LTPC1Nov	0.016939681792783
705	Scleractinia	LTPC2Aug	0.76912680691033
706	Suberitida	LTPC2Aug	0.13585615230932
707	Balanomorpha	LTPC2Aug	0.0559995299095076
708	Actiniaria	LTPC2Aug	0.00963685509460571
709	Semaeostomeae	LTPC2Aug	0.0120460688682571
710	Tethyida	LTPC2Aug	0.00402514984134446
711	Dictyoceratida	LTPC2Aug	0.00276178164296627
712	Poecilosclerida	LTPC2Aug	0.00946057115994829
713	Clionaida	LTPC2Aug	0.000705135738629686
714	Siphonophorae	LTPC2Aug	0
715	others	LTPC2Aug	0.000381948525091103
716	Scleractinia	LTPC2May	0.0646605029150227
717	Suberitida	LTPC2May	0.447735704611036
718	Balanomorpha	LTPC2May	0.0267063188269242
719	Actiniaria	LTPC2May	0.00541781991637713
720	Semaeostomeae	LTPC2May	0.00518226252870856
721	Tethyida	LTPC2May	0.00114834226488428
722	Dictyoceratida	LTPC2May	0.445203462693599
723	Poecilosclerida	LTPC2May	0.00256168659089571
724	Clionaida	LTPC2May	0.000530004122254284
725	Siphonophorae	LTPC2May	2.94446734585713e-05
726	others	LTPC2May	0.00082445085684002
727	Scleractinia	LTPC2Nov	0.952622921929155
728	Suberitida	LTPC2Nov	0.0207660224402279
729	Balanomorpha	LTPC2Nov	0.00108676496504729
730	Actiniaria	LTPC2Nov	0.000881160782470775
731	Semaeostomeae	LTPC2Nov	5.87440521647183e-05
732	Tethyida	LTPC2Nov	0.00120425306937673
733	Dictyoceratida	LTPC2Nov	0.000146860130411796
734	Poecilosclerida	LTPC2Nov	0.000939904834635493
735	Clionaida	LTPC2Nov	0
736	Siphonophorae	LTPC2Nov	0
737	others	LTPC2Nov	0.0222933677965106
738	Scleractinia	LTPC3Aug	0.892113379350859
739	Suberitida	LTPC3Aug	0.0807460713761198
740	Balanomorpha	LTPC3Aug	0.0144808341900426
741	Actiniaria	LTPC3Aug	0.000969305331179321
742	Semaeostomeae	LTPC3Aug	0.00299603466000881
743	Tethyida	LTPC3Aug	0.000205610221765311
744	Dictyoceratida	LTPC3Aug	0.000323101777059774
745	Poecilosclerida	LTPC3Aug	0.00693200176237333
746	Clionaida	LTPC3Aug	0.00091055955353209
747	Siphonophorae	LTPC3Aug	0
748	others	LTPC3Aug	0.000323101777059853
749	Scleractinia	LTPC3Feb	0.510198083818257
750	Suberitida	LTPC3Feb	0.276553224005173
751	Balanomorpha	LTPC3Feb	0.127049903015341
752	Actiniaria	LTPC3Feb	0.0394992064891554
753	Semaeostomeae	LTPC3Feb	0.0206018926703109
754	Tethyida	LTPC3Feb	0.00355610415564568
755	Dictyoceratida	LTPC3Feb	0.000293892905425263
756	Poecilosclerida	LTPC3Feb	0.00414388996649621
757	Clionaida	LTPC3Feb	0.00361488273673074
758	Siphonophorae	LTPC3Feb	0.000323282195967789
759	others	LTPC3Feb	0.0141656380414977
760	Scleractinia	LTPC3May	0.488467874794069
761	Suberitida	LTPC3May	0.364732878324312
762	Balanomorpha	LTPC3May	0.000794304542245234
763	Actiniaria	LTPC3May	0.00414803483172511
764	Semaeostomeae	LTPC3May	0.00859025653094846
765	Tethyida	LTPC3May	0.0141503883266651
766	Dictyoceratida	LTPC3May	0.107613556130854
767	Poecilosclerida	LTPC3May	0.0091492115791951
768	Clionaida	LTPC3May	0.00141209696399153
769	Siphonophorae	LTPC3May	5.8837373499647e-05
770	others	LTPC3May	0.000882560602494697
771	Scleractinia	LTPC3Nov	0.951825632288576
772	Suberitida	LTPC3Nov	0.0344857973739095
773	Balanomorpha	LTPC3Nov	0
774	Actiniaria	LTPC3Nov	0.00302558528919308
775	Semaeostomeae	LTPC3Nov	0
776	Tethyida	LTPC3Nov	0.00534617983138971
777	Dictyoceratida	LTPC3Nov	5.87492289163705e-05
778	Poecilosclerida	LTPC3Nov	0.00390682372293864
779	Clionaida	LTPC3Nov	0.00102811150603648
780	Siphonophorae	LTPC3Nov	0
781	others	LTPC3Nov	0.000323120759040063
782	Scleractinia	SKBlu1Aug	0.574328691462483
783	Suberitida	SKBlu1Aug	0.370233268699689
784	Balanomorpha	SKBlu1Aug	0.00555261766261237
785	Actiniaria	SKBlu1Aug	0.000528820729772607
786	Semaeostomeae	SKBlu1Aug	0
787	Tethyida	SKBlu1Aug	0.00364298724954463
788	Dictyoceratida	SKBlu1Aug	0.0406016804747635
789	Poecilosclerida	SKBlu1Aug	0.00155708325988601
790	Clionaida	SKBlu1Aug	0.000998883600681591
791	Siphonophorae	SKBlu1Aug	0
792	others	SKBlu1Aug	0.00255596686056758
793	Scleractinia	SKBlu1Feb	0.13155265632346
794	Suberitida	SKBlu1Feb	0.0605312646920545
795	Balanomorpha	SKBlu1Feb	0.0236542078044194
796	Actiniaria	SKBlu1Feb	0.0068464974141984
797	Semaeostomeae	SKBlu1Feb	0.772478843441467
798	Tethyida	SKBlu1Feb	0.00384931828866949
799	Dictyoceratida	SKBlu1Feb	8.81523272214386e-05
800	Poecilosclerida	SKBlu1Feb	0.000293841090738129
801	Clionaida	SKBlu1Feb	0.000352609308885755
802	Siphonophorae	SKBlu1Feb	0
803	others	SKBlu1Feb	0.000352609308885699
804	Scleractinia	SKBlu1May	0.53150870577144
805	Suberitida	SKBlu1May	0.455646230445158
806	Balanomorpha	SKBlu1May	0.000265150399198657
807	Actiniaria	SKBlu1May	0.00170874701705801
808	Semaeostomeae	SKBlu1May	0.000147305777332587
809	Tethyida	SKBlu1May	0.000147305777332587
810	Dictyoceratida	SKBlu1May	0.00483162949650885
811	Poecilosclerida	SKBlu1May	0.00241581474825443
812	Clionaida	SKBlu1May	0.00156144123972542
813	Siphonophorae	SKBlu1May	0.000559761953863831
814	others	SKBlu1May	0.00120790737412724
815	Scleractinia	SKBlu1Nov	0.920308028206414
816	Suberitida	SKBlu1Nov	0.0653232230844127
817	Balanomorpha	SKBlu1Nov	0.000413064644616883
818	Actiniaria	SKBlu1Nov	0.00126869855132328
819	Semaeostomeae	SKBlu1Nov	0
820	Tethyida	SKBlu1Nov	0.00209482784055705
821	Dictyoceratida	SKBlu1Nov	0.00212433245802968
822	Poecilosclerida	SKBlu1Nov	0.00469123417814888
823	Clionaida	SKBlu1Nov	0.000472073879562151
824	Siphonophorae	SKBlu1Nov	0
825	others	SKBlu1Nov	0.00330451715693503
826	Scleractinia	SKBlu2Aug	0.490716258299548
827	Suberitida	SKBlu2Aug	0.404724131852635
828	Balanomorpha	SKBlu2Aug	0.000146894647159058
829	Actiniaria	SKBlu2Aug	0.000264410364886304
830	Semaeostomeae	SKBlu2Aug	5.8757858863623e-05
831	Tethyida	SKBlu2Aug	0.00508255479170339
832	Dictyoceratida	SKBlu2Aug	0.0953052470767965
833	Poecilosclerida	SKBlu2Aug	0.00038192608261355
834	Clionaida	SKBlu2Aug	0.000264410364886304
835	Siphonophorae	SKBlu2Aug	5.8757858863623e-05
836	others	SKBlu2Aug	0.00299665080204481
837	Scleractinia	SKBlu2Feb	0.624286974419288
838	Suberitida	SKBlu2Feb	0.108997353719494
839	Balanomorpha	SKBlu2Feb	0.12046456924434
840	Actiniaria	SKBlu2Feb	0.00382240517494854
841	Semaeostomeae	SKBlu2Feb	0.118670979123787
842	Tethyida	SKBlu2Feb	0.0105851220229344
843	Dictyoceratida	SKBlu2Feb	0.000676271684798589
844	Poecilosclerida	SKBlu2Feb	0.000940899735371949
845	Clionaida	SKBlu2Feb	0.0013231402528668
846	Siphonophorae	SKBlu2Feb	0.0036459864745663
847	others	SKBlu2Feb	0.00658629814760359
848	Scleractinia	SKBlu2May	0.543013440781154
849	Suberitida	SKBlu2May	0.427487426840387
850	Balanomorpha	SKBlu2May	5.88217993588424e-05
851	Actiniaria	SKBlu2May	0.00147054498397106
852	Semaeostomeae	SKBlu2May	0.000176465398076527
853	Tethyida	SKBlu2May	0.000147054498397106
854	Dictyoceratida	SKBlu2May	0.0139995882474045
855	Poecilosclerida	SKBlu2May	0.0100879385900415
856	Clionaida	SKBlu2May	0.00179406488044469
857	Siphonophorae	SKBlu2May	0
858	others	SKBlu2May	0.0017646539807652
859	Scleractinia	SKBlu2Nov	0.971156670387123
860	Suberitida	SKBlu2Nov	0.0201492098924984
861	Balanomorpha	SKBlu2Nov	0.000176232156494155
862	Actiniaria	SKBlu2Nov	0.00114550901721201
863	Semaeostomeae	SKBlu2Nov	0
864	Tethyida	SKBlu2Nov	0.000440580391235387
865	Dictyoceratida	SKBlu2Nov	5.87440521647183e-05
866	Poecilosclerida	SKBlu2Nov	0.00608000939904835
867	Clionaida	SKBlu2Nov	0.000323092286905951
868	Siphonophorae	SKBlu2Nov	0
869	others	SKBlu2Nov	0.000469952417317732
870	Scleractinia	SKBlu3Aug	0.440246308363723
871	Suberitida	SKBlu3Aug	0.389430262449931
872	Balanomorpha	SKBlu3Aug	0.038470735935912
873	Actiniaria	SKBlu3Aug	0.000179350750283972
874	Semaeostomeae	SKBlu3Aug	0
875	Tethyida	SKBlu3Aug	0.000298917917139953
876	Dictyoceratida	SKBlu3Aug	0.0542834937526155
877	Poecilosclerida	SKBlu3Aug	0.000777186584563879
878	Clionaida	SKBlu3Aug	0.0045136605488133
879	Siphonophorae	SKBlu3Aug	0
880	others	SKBlu3Aug	0.0718000836970168
881	Scleractinia	SKBlu3Feb	0.347073177902567
882	Suberitida	SKBlu3Feb	0.227912856848852
883	Balanomorpha	SKBlu3Feb	0.0461882221503543
884	Actiniaria	SKBlu3Feb	0.00417487431276277
885	Semaeostomeae	SKBlu3Feb	0.365948313879987
886	Tethyida	SKBlu3Feb	0.00564490047922853
887	Dictyoceratida	SKBlu3Feb	0.000705612559903566
888	Poecilosclerida	SKBlu3Feb	0.000470408373269044
889	Clionaida	SKBlu3Feb	0.000352806279951783
890	Siphonophorae	SKBlu3Feb	0
891	others	SKBlu3Feb	0.00152882721312442
892	Scleractinia	SKBlu3May	0.430715799387803
893	Suberitida	SKBlu3May	0.442812573581352
894	Balanomorpha	SKBlu3May	0.000176595243701436
895	Actiniaria	SKBlu3May	0.00765246056039557
896	Semaeostomeae	SKBlu3May	0.00311984930539204
897	Tethyida	SKBlu3May	0.000735813515422651
898	Dictyoceratida	SKBlu3May	0.097421709441959
899	Poecilosclerida	SKBlu3May	0.00988933364728043
900	Clionaida	SKBlu3May	0.00285495643983989
901	Siphonophorae	SKBlu3May	2.94325406169061e-05
902	others	SKBlu3May	0.00459147633623735
903	Scleractinia	SKBlu3Nov	0.881884441309587
904	Suberitida	SKBlu3Nov	0.10853464997355
905	Balanomorpha	SKBlu3Nov	0
906	Actiniaria	SKBlu3Nov	2.93892905425263e-05
907	Semaeostomeae	SKBlu3Nov	0
908	Tethyida	SKBlu3Nov	0.00288015047316758
909	Dictyoceratida	SKBlu3Nov	0.00252747898665726
910	Poecilosclerida	SKBlu3Nov	0.000969846587903368
911	Clionaida	SKBlu3Nov	0.000146946452712632
912	Siphonophorae	SKBlu3Nov	0
913	others	SKBlu3Nov	0.00302709692588021
914	Scleractinia	SKLKW1Aug	0.391406203665263
915	Suberitida	SKLKW1Aug	0.34060850483364
916	Balanomorpha	SKLKW1Aug	0.00501156515034695
917	Actiniaria	SKLKW1Aug	0.000711701559812585
918	Semaeostomeae	SKLKW1Aug	0
919	Tethyida	SKLKW1Aug	0.0289128758673863
920	Dictyoceratida	SKLKW1Aug	0.0349326848941344
921	Poecilosclerida	SKLKW1Aug	0.00243164699602633
922	Clionaida	SKLKW1Aug	0.000207579621612004
923	Siphonophorae	SKLKW1Aug	0.00195717928948461
924	others	SKLKW1Aug	0.193820058122294
925	Scleractinia	SKLKW1Feb	0.552780797367571
926	Suberitida	SKLKW1Feb	0.347856744131386
927	Balanomorpha	SKLKW1Feb	0.0682786379528161
928	Actiniaria	SKLKW1Feb	0.00634603519699151
929	Semaeostomeae	SKLKW1Feb	0.0156888092370068
930	Tethyida	SKLKW1Feb	0.00047007668125863
931	Dictyoceratida	SKLKW1Feb	0.000117519170314658
932	Poecilosclerida	SKLKW1Feb	0.000323177718365308
933	Clionaida	SKLKW1Feb	0.00229162382113582
934	Siphonophorae	SKLKW1Feb	0.00108705232541058
935	others	SKLKW1Feb	0.00475952639774357
936	Scleractinia	SKLKW1May	0.575264394829612
937	Suberitida	SKLKW1May	0.386398354876616
938	Balanomorpha	SKLKW1May	0.000558166862514689
939	Actiniaria	SKLKW1May	0.00091069330199765
940	Semaeostomeae	SKLKW1May	0.000146886016451234
941	Tethyida	SKLKW1May	0.00158636897767333
942	Dictyoceratida	SKLKW1May	0.0102526439482961
943	Poecilosclerida	SKLKW1May	0.0185076380728555
944	Clionaida	SKLKW1May	0.00470035252643948
945	Siphonophorae	SKLKW1May	0
946	others	SKLKW1May	0.00167450058754404
947	Scleractinia	SKLKW1Nov	0.926882289004436
948	Suberitida	SKLKW1Nov	0.0615140565788314
949	Balanomorpha	SKLKW1Nov	5.8752680591052e-05
950	Actiniaria	SKLKW1Nov	0.00255574160571076
951	Semaeostomeae	SKLKW1Nov	0
952	Tethyida	SKLKW1Nov	0.00461208542639758
953	Dictyoceratida	SKLKW1Nov	0.00058752680591052
954	Poecilosclerida	SKLKW1Nov	0.00296701036984812
955	Clionaida	SKLKW1Nov	0.000235010722364208
956	Siphonophorae	SKLKW1Nov	0
957	others	SKLKW1Nov	0.000587526805910565
958	Scleractinia	SKLKW2Aug	0.772317363334606
959	Suberitida	SKLKW2Aug	0.185911934905854
960	Balanomorpha	SKLKW2Aug	0.00176247686749111
961	Actiniaria	SKLKW2Aug	0.000939987662661928
962	Semaeostomeae	SKLKW2Aug	0.000528743060247334
963	Tethyida	SKLKW2Aug	0.0166260317833328
964	Dictyoceratida	SKLKW2Aug	0.00305495990365126
965	Poecilosclerida	SKLKW2Aug	0.00164497840965837
966	Clionaida	SKLKW2Aug	0.000763739975912816
967	Siphonophorae	SKLKW2Aug	0.000176247686749111
968	others	SKLKW2Aug	0.0162735364098346
969	Scleractinia	SKLKW2Feb	0.626759115080648
970	Suberitida	SKLKW2Feb	0.319857801803919
971	Balanomorpha	SKLKW2Feb	0.0310250609630696
972	Actiniaria	SKLKW2Feb	0.00901959632164997
973	Semaeostomeae	SKLKW2Feb	0.00284983988013045
974	Tethyida	SKLKW2Feb	0.00420131033874901
975	Dictyoceratida	SKLKW2Feb	0.000235038340629315
976	Poecilosclerida	SKLKW2Feb	0.000998912947674589
977	Clionaida	SKLKW2Feb	0.00149836942151188
978	Siphonophorae	SKLKW2Feb	0.000381937303522637
979	others	SKLKW2Feb	0.00317301759849575
980	Scleractinia	SKLKW2May	0.58207508372011
981	Suberitida	SKLKW2May	0.347717525409788
982	Balanomorpha	SKLKW2May	0.000763762411139181
983	Actiniaria	SKLKW2May	0.00258504200693261
984	Semaeostomeae	SKLKW2May	0
985	Tethyida	SKLKW2May	0.00934140179777921
986	Dictyoceratida	SKLKW2May	0.0054638387873803
987	Poecilosclerida	SKLKW2May	0.04658950707949
988	Clionaida	SKLKW2May	0.00284942130309618
989	Siphonophorae	SKLKW2May	0
990	others	SKLKW2May	0.00261441748428415
991	Scleractinia	SKLKW2Nov	0.843535217059273
992	Suberitida	SKLKW2Nov	0.0364506843682077
993	Balanomorpha	SKLKW2Nov	0
994	Actiniaria	SKLKW2Nov	0.00164483346061211
995	Semaeostomeae	SKLKW2Nov	5.87440521647183e-05
996	Tethyida	SKLKW2Nov	0.114962110086354
997	Dictyoceratida	SKLKW2Nov	0.0020854138518475
998	Poecilosclerida	SKLKW2Nov	0.000293720260823592
999	Clionaida	SKLKW2Nov	0.000146860130411796
1000	Siphonophorae	SKLKW2Nov	0
1001	others	SKLKW2Nov	0.000822416730306141
1002	Scleractinia	SKLKW3Aug	0.703805943850581
1003	Suberitida	SKLKW3Aug	0.27143780101022
1004	Balanomorpha	SKLKW3Aug	0.000381769059086104
1005	Actiniaria	SKLKW3Aug	0.00155644308704335
1006	Semaeostomeae	SKLKW3Aug	0
1007	Tethyida	SKLKW3Aug	0.00781158228591566
1008	Dictyoceratida	SKLKW3Aug	0.00299541877129097
1009	Poecilosclerida	SKLKW3Aug	0.00152707623634441
1010	Clionaida	SKLKW3Aug	0.00584400328908728
1011	Siphonophorae	SKLKW3Aug	2.9366850698931e-05
1012	others	SKLKW3Aug	0.0046105955597322
1013	Scleractinia	SKLKW3Feb	0.664293908286025
1014	Suberitida	SKLKW3Feb	0.27328881960173
1015	Balanomorpha	SKLKW3Feb	0.0444745124569815
1016	Actiniaria	SKLKW3Feb	0.0015589610848016
1017	Semaeostomeae	SKLKW3Feb	0.00494161249522017
1018	Tethyida	SKLKW3Feb	0.00758890490337383
1019	Dictyoceratida	SKLKW3Feb	0.000588287201811925
1020	Poecilosclerida	SKLKW3Feb	0.000647115921993117
1021	Clionaida	SKLKW3Feb	0.000352972321087155
1022	Siphonophorae	SKLKW3Feb	0.000941259522899079
1023	others	SKLKW3Feb	0.00132364620407688
1024	Scleractinia	SKLKW3May	0.578919538203931
1025	Suberitida	SKLKW3May	0.370993801592198
1026	Balanomorpha	SKLKW3May	8.81290208865779e-05
1027	Actiniaria	SKLKW3May	0.00793161187979202
1028	Semaeostomeae	SKLKW3May	0
1029	Tethyida	SKLKW3May	0.00058752680591052
1030	Dictyoceratida	SKLKW3May	0.00255574160571076
1031	Poecilosclerida	SKLKW3May	0.0275843835374989
1032	Clionaida	SKLKW3May	0.0081372462618607
1033	Siphonophorae	SKLKW3May	0
1034	others	SKLKW3May	0.00320202109221224
1035	Scleractinia	SKLKW3Nov	0.92054400187992
1036	Suberitida	SKLKW3Nov	0.0707613676418752
1037	Balanomorpha	SKLKW3Nov	0.00138056632593115
1038	Actiniaria	SKLKW3Nov	0.000734343790388908
1039	Semaeostomeae	SKLKW3Nov	0
1040	Tethyida	SKLKW3Nov	0.00352485019386676
1041	Dictyoceratida	SKLKW3Nov	0.000969333803313359
1042	Poecilosclerida	SKLKW3Nov	0.000264363764540007
1043	Clionaida	SKLKW3Nov	0.000176242509693338
1044	Siphonophorae	SKLKW3Nov	0
1045	others	SKLKW3Nov	0.00164493009047106
1046	Scleractinia	SKSha1Aug	0.551957410512074
1047	Suberitida	SKSha1Aug	0.42165946057237
1048	Balanomorpha	SKSha1Aug	0.00117650519132916
1049	Actiniaria	SKSha1Aug	0.000147063148916145
1050	Semaeostomeae	SKSha1Aug	0
1051	Tethyida	SKSha1Aug	0.00129415571046207
1052	Dictyoceratida	SKSha1Aug	0.01502985381923
1053	Poecilosclerida	SKSha1Aug	0.00320597664637195
1054	Clionaida	SKSha1Aug	0.000882378893496868
1055	Siphonophorae	SKSha1Aug	0
1056	others	SKSha1Aug	0.00464719550575021
1057	Scleractinia	SKSha1Feb	0.583212905889639
1058	Suberitida	SKSha1Feb	0.0900109122010204
1059	Balanomorpha	SKSha1Feb	0.00707818444568968
1060	Actiniaria	SKSha1Feb	0.0005603562686171
1061	Semaeostomeae	SKSha1Feb	2.94924351903737e-05
1062	Tethyida	SKSha1Feb	0.285132863420533
1063	Dictyoceratida	SKSha1Feb	0.0197894240127407
1064	Poecilosclerida	SKSha1Feb	0.000235939481522989
1065	Clionaida	SKSha1Feb	0.00129766714837644
1066	Siphonophorae	SKSha1Feb	0.00138614445394756
1067	others	SKSha1Feb	0.0112661102427228
1068	Scleractinia	SKSha1May	0.606213191990577
1069	Suberitida	SKSha1May	0.354299175500589
1070	Balanomorpha	SKSha1May	0.000294464075382803
1071	Actiniaria	SKSha1May	8.8339222614841e-05
1072	Semaeostomeae	SKSha1May	0.00403415783274441
1073	Tethyida	SKSha1May	0.00088339222614841
1074	Dictyoceratida	SKSha1May	0.0166077738515901
1075	Poecilosclerida	SKSha1May	0.0159893992932862
1076	Clionaida	SKSha1May	0.00147232037691402
1077	Siphonophorae	SKSha1May	0
1078	others	SKSha1May	0.000117785630153189
1079	Scleractinia	SKSha1Nov	0.988045234248788
1080	Suberitida	SKSha1Nov	0.00992803642238214
1081	Balanomorpha	SKSha1Nov	2.93728888236158e-05
1082	Actiniaria	SKSha1Nov	5.87457776472316e-05
1083	Semaeostomeae	SKSha1Nov	0
1084	Tethyida	SKSha1Nov	0.000205610221765311
1085	Dictyoceratida	SKSha1Nov	0.000293728888236158
1086	Poecilosclerida	SKSha1Nov	0.000234983110588926
1087	Clionaida	SKSha1Nov	0.000146864444118079
1088	Siphonophorae	SKSha1Nov	0
1089	others	SKSha1Nov	0.00105742399765019
1090	Scleractinia	SKSha2Aug	0.70326636117965
1091	Suberitida	SKSha2Aug	0.270825989895429
1092	Balanomorpha	SKSha2Aug	0.00813652919750911
1093	Actiniaria	SKSha2Aug	0.000205616261308894
1094	Semaeostomeae	SKSha2Aug	2.93737516155563e-05
1095	Tethyida	SKSha2Aug	0.000822465045235578
1096	Dictyoceratida	SKSha2Aug	0.00887087298789801
1097	Poecilosclerida	SKSha2Aug	0.00458230525202679
1098	Clionaida	SKSha2Aug	0.0011455763130067
1099	Siphonophorae	SKSha2Aug	0
1100	others	SKSha2Aug	0.00211491011632003
1101	Scleractinia	SKSha2Feb	0.639299462255003
1102	Suberitida	SKSha2Feb	0.239076136463812
1103	Balanomorpha	SKSha2Feb	0.0227145837618642
1104	Actiniaria	SKSha2Feb	0.00229202785695395
1105	Semaeostomeae	SKSha2Feb	8.81549175751521e-05
1106	Tethyida	SKSha2Feb	0.0456348623314037
1107	Dictyoceratida	SKSha2Feb	0.000646469395551115
1108	Poecilosclerida	SKSha2Feb	0.000528929505450912
1109	Clionaida	SKSha2Feb	0.0145749463724251
1110	Siphonophorae	SKSha2Feb	0.000146924862625253
1111	others	SKSha2Feb	0.0349975022773353
1112	Scleractinia	SKSha2May	0.585579495017783
1113	Suberitida	SKSha2May	0.277269921519062
1114	Balanomorpha	SKSha2May	0.0993210076129449
1115	Actiniaria	SKSha2May	0.00132271244231504
1116	Semaeostomeae	SKSha2May	0.0047029775726757
1117	Tethyida	SKSha2May	0.00117574439316892
1118	Dictyoceratida	SKSha2May	0.0157255812586344
1119	Poecilosclerida	SKSha2May	0.0078774874342318
1120	Clionaida	SKSha2May	0.00179301019958261
1121	Siphonophorae	SKSha2May	0.000293936098292231
1122	others	SKSha2May	0.00493812645130942
1123	Scleractinia	SKSha2Nov	0.968307583857134
1124	Suberitida	SKSha2Nov	0.0106914174939787
1125	Balanomorpha	SKSha2Nov	0
1126	Actiniaria	SKSha2Nov	0.000146860130411796
1127	Semaeostomeae	SKSha2Nov	0
1128	Tethyida	SKSha2Nov	0.0119250425894378
1129	Dictyoceratida	SKSha2Nov	0.00126299712154144
1130	Poecilosclerida	SKSha2Nov	0.000293720260823592
1131	Clionaida	SKSha2Nov	0.00593314926863655
1132	Siphonophorae	SKSha2Nov	0
1133	others	SKSha2Nov	0.00143922927803564
1134	Scleractinia	SKSha3Aug	0.720144540086372
1135	Suberitida	SKSha3Aug	0.104967831017362
1136	Balanomorpha	SKSha3Aug	0.00884279796703781
1137	Actiniaria	SKSha3Aug	0.00346661182760951
1138	Semaeostomeae	SKSha3Aug	0
1139	Tethyida	SKSha3Aug	0.00114574458709128
1140	Dictyoceratida	SKSha3Aug	0.0337847762860249
1141	Poecilosclerida	SKSha3Aug	0.0864302711595523
1142	Clionaida	SKSha3Aug	0.0279385410852258
1143	Siphonophorae	SKSha3Aug	0.000499427127706454
1144	others	SKSha3Aug	0.0127794588560181
1145	Scleractinia	SKSha3Feb	0.625143226488821
1146	Suberitida	SKSha3Feb	0.290448629432676
1147	Balanomorpha	SKSha3Feb	0.0139554014748656
1148	Actiniaria	SKSha3Feb	0.000558216058994623
1149	Semaeostomeae	SKSha3Feb	0.000822634192202603
1150	Tethyida	SKSha3Feb	0.0241208097070835
1151	Dictyoceratida	SKSha3Feb	0.000646355436730617
1152	Poecilosclerida	SKSha3Feb	0.000881393777359932
1153	Clionaida	SKSha3Feb	0.00396627199811969
1154	Siphonophorae	SKSha3Feb	0.00105767253283192
1155	others	SKSha3Feb	0.0383993889003144
1156	Scleractinia	SKSha3May	0.654466410128367
1157	Suberitida	SKSha3May	0.28731310401551
1158	Balanomorpha	SKSha3May	0.0366595188438152
1159	Actiniaria	SKSha3May	0.00102811150603648
1160	Semaeostomeae	SKSha3May	2.93746144581852e-05
1161	Tethyida	SKSha3May	0.000440619216872779
1162	Dictyoceratida	SKSha3May	0.00825426666275005
1163	Poecilosclerida	SKSha3May	0.00769614898804453
1164	Clionaida	SKSha3May	0.000822489204829187
1165	Siphonophorae	SKSha3May	0
1166	others	SKSha3May	0.00328995681931676
1167	Scleractinia	SKSha3Nov	0.92915467308935
1168	Suberitida	SKSha3Nov	0.0520766022440228
1169	Balanomorpha	SKSha3Nov	0.00111613699112965
1170	Actiniaria	SKSha3Nov	0.000440580391235387
1171	Semaeostomeae	SKSha3Nov	0
1172	Tethyida	SKSha3Nov	0.00701991423368384
1173	Dictyoceratida	SKSha3Nov	0.000939904834635493
1174	Poecilosclerida	SKSha3Nov	0.00684368207718968
1175	Clionaida	SKSha3Nov	0.00135111319978852
1176	Siphonophorae	SKSha3Nov	0
1177	others	SKSha3Nov	0.0010573929389649
